optimalThreads,typeOp,matrixSize,numOp,numVar,varType,exeTime,isIterative,memoryPattern,complexity,matrixType
5,Multiplication,100,1000000,3,int,0.001,0,0,3.0,0
1,Addition,100,10000,3,int,0.0,0,0,2.0,0
1,Transposition,100,10000,2,int,0.0,0,1,2.0,0
1,Determinant,100,1000000,1,int,0.001,0,0,3.0,0
1,Scaling,100,10000,2,int,0.0,0,1,2.0,0
1,Exponential,100,10000,2,mixed,0.001,0,1,2.0,0
1,Logarithm,100,10000,2,mixed,0.0,0,1,2.0,0
1,Squareroot,100,10000,2,mixed,0.0,0,1,2.0,0
1,Ludecomposition,100,333333,3,int,0.002,0,0,3.0,0
1,Eigenvalue,100,1000000,2,mixed,0.001,1,1,2.0,0
4,Multiplication,110,1331000,3,int,0.001,0,0,3.0,0
1,Addition,110,12100,3,int,0.0,0,0,2.0,0
1,Transposition,110,12100,2,int,0.0,0,1,2.0,0
1,Determinant,110,1331000,1,int,0.002,0,0,3.0,0
1,Scaling,110,12100,2,int,0.0,0,1,2.0,0
1,Exponential,110,12100,2,mixed,0.001,0,1,2.0,0
1,Logarithm,110,12100,2,mixed,0.001,0,1,2.0,0
1,Squareroot,110,12100,2,mixed,0.0,0,1,2.0,0
1,Ludecomposition,110,443666,3,int,0.002,0,0,3.0,0
1,Eigenvalue,110,1210000,2,mixed,0.0,1,1,2.0,0
6,Multiplication,120,1728000,3,int,0.003,0,0,3.0,0
1,Addition,120,14400,3,int,0.0,0,0,2.0,0
1,Transposition,120,14400,2,int,0.0,0,1,2.0,0
1,Determinant,120,1728000,1,int,0.002,0,0,3.0,0
1,Scaling,120,14400,2,int,0.0,0,1,2.0,0
2,Exponential,120,14400,2,mixed,0.0,0,1,2.0,0
2,Logarithm,120,14400,2,mixed,0.0,0,1,2.0,0
1,Squareroot,120,14400,2,mixed,0.001,0,1,2.0,0
1,Ludecomposition,120,576000,3,int,0.003,0,0,3.0,0
1,Eigenvalue,120,1440000,2,mixed,0.0,1,1,2.0,0
4,Multiplication,130,2197000,3,int,0.003,0,0,3.0,0
1,Addition,130,16900,3,int,0.0,0,0,2.0,0
1,Transposition,130,16900,2,int,0.0,0,1,2.0,0
1,Determinant,130,2197000,1,int,0.003,0,0,3.0,0
1,Scaling,130,16900,2,int,0.0,0,1,2.0,0
2,Exponential,130,16900,2,mixed,0.0,0,1,2.0,0
1,Logarithm,130,16900,2,mixed,0.001,0,1,2.0,0
1,Squareroot,130,16900,2,mixed,0.0,0,1,2.0,0
1,Ludecomposition,130,732333,3,int,0.004,0,0,3.0,0
4,Eigenvalue,130,1690000,2,mixed,0.001,1,1,2.0,0
6,Multiplication,140,2744000,3,int,0.004,0,0,3.0,0
1,Addition,140,19600,3,int,0.0,0,0,2.0,0
1,Transposition,140,19600,2,int,0.0,0,1,2.0,0
1,Determinant,140,2744000,1,int,0.003,0,0,3.0,0
1,Scaling,140,19600,2,int,0.0,0,1,2.0,0
2,Exponential,140,19600,2,mixed,0.001,0,1,2.0,0
1,Logarithm,140,19600,2,mixed,0.001,0,1,2.0,0
1,Squareroot,140,19600,2,mixed,0.0,0,1,2.0,0
1,Ludecomposition,140,914666,3,int,0.004,0,0,3.0,0
5,Eigenvalue,140,1960000,2,mixed,0.001,1,1,2.0,0
5,Multiplication,150,3375000,3,int,0.006,0,0,3.0,0
1,Addition,150,22500,3,int,0.0,0,0,2.0,0
1,Transposition,150,22500,2,int,0.0,0,1,2.0,0
1,Determinant,150,3375000,1,int,0.004,0,0,3.0,0
1,Scaling,150,22500,2,int,0.0,0,1,2.0,0
2,Exponential,150,22500,2,mixed,0.0,0,1,2.0,0
2,Logarithm,150,22500,2,mixed,0.0,0,1,2.0,0
2,Squareroot,150,22500,2,mixed,0.0,0,1,2.0,0
1,Ludecomposition,150,1125000,3,int,0.005,0,0,3.0,0
4,Eigenvalue,150,2250000,2,mixed,0.001,1,1,2.0,0
5,Multiplication,160,4096000,3,int,0.004,0,0,3.0,0
1,Addition,160,25600,3,int,0.0,0,0,2.0,0
1,Transposition,160,25600,2,int,0.0,0,1,2.0,0
1,Determinant,160,4096000,1,int,0.005,0,0,3.0,0
1,Scaling,160,25600,2,int,0.0,0,1,2.0,0
1,Exponential,160,25600,2,mixed,0.001,0,1,2.0,0
2,Logarithm,160,25600,2,mixed,0.001,0,1,2.0,0
1,Squareroot,160,25600,2,mixed,0.0,0,1,2.0,0
1,Ludecomposition,160,1365333,3,int,0.007,0,0,3.0,0
2,Eigenvalue,160,2560000,2,mixed,0.001,1,1,2.0,0
6,Multiplication,170,4913000,3,int,0.007,0,0,3.0,0
2,Addition,170,28900,3,int,0.0,0,0,2.0,0
1,Transposition,170,28900,2,int,0.0,0,1,2.0,0
1,Determinant,170,4913000,1,int,0.005,0,0,3.0,0
1,Scaling,170,28900,2,int,0.0,0,1,2.0,0
2,Exponential,170,28900,2,mixed,0.001,0,1,2.0,0
3,Logarithm,170,28900,2,mixed,0.0,0,1,2.0,0
2,Squareroot,170,28900,2,mixed,0.0,0,1,2.0,0
1,Ludecomposition,170,1637666,3,int,0.008,0,0,3.0,0
5,Eigenvalue,170,2890000,2,mixed,0.0,1,1,2.0,0
6,Multiplication,180,5832000,3,int,0.008,0,0,3.0,0
1,Addition,180,32400,3,int,0.0,0,0,2.0,0
1,Transposition,180,32400,2,int,0.0,0,1,2.0,0
1,Determinant,180,5832000,1,int,0.007,0,0,3.0,0
1,Scaling,180,32400,2,int,0.0,0,1,2.0,0
2,Exponential,180,32400,2,mixed,0.001,0,1,2.0,0
4,Logarithm,180,32400,2,mixed,0.001,0,1,2.0,0
1,Squareroot,180,32400,2,mixed,0.0,0,1,2.0,0
1,Ludecomposition,180,1944000,3,int,0.01,0,0,3.0,0
4,Eigenvalue,180,3240000,2,mixed,0.001,1,1,2.0,0
6,Multiplication,190,6859000,3,int,0.009,0,0,3.0,0
2,Addition,190,36100,3,int,0.0,0,0,2.0,0
1,Transposition,190,36100,2,int,0.0,0,1,2.0,0
1,Determinant,190,6859000,1,int,0.008,0,0,3.0,0
1,Scaling,190,36100,2,int,0.001,0,1,2.0,0
2,Exponential,190,36100,2,mixed,0.0,0,1,2.0,0
5,Logarithm,190,36100,2,mixed,0.0,0,1,2.0,0
2,Squareroot,190,36100,2,mixed,0.0,0,1,2.0,0
2,Ludecomposition,190,2286333,3,int,0.01,0,0,3.0,0
2,Eigenvalue,190,3610000,2,mixed,0.001,1,1,2.0,0
5,Multiplication,200,8000000,3,int,0.008,0,0,3.0,0
2,Addition,200,40000,3,int,0.0,0,0,2.0,0
1,Transposition,200,40000,2,int,0.0,0,1,2.0,0
4,Determinant,200,8000000,1,int,0.009,0,0,3.0,0
2,Scaling,200,40000,2,int,0.0,0,1,2.0,0
3,Exponential,200,40000,2,mixed,0.001,0,1,2.0,0
5,Logarithm,200,40000,2,mixed,0.0,0,1,2.0,0
1,Squareroot,200,40000,2,mixed,0.0,0,1,2.0,0
6,Ludecomposition,200,2666666,3,int,0.011,0,0,3.0,0
1,Eigenvalue,200,4000000,2,mixed,0.001,1,1,2.0,0
6,Multiplication,210,9261000,3,int,0.013,0,0,3.0,0
1,Addition,210,44100,3,int,0.0,0,0,2.0,0
1,Transposition,210,44100,2,int,0.0,0,1,2.0,0
1,Determinant,210,9261000,1,int,0.01,0,0,3.0,0
1,Scaling,210,44100,2,int,0.0,0,1,2.0,0
3,Exponential,210,44100,2,mixed,0.001,0,1,2.0,0
4,Logarithm,210,44100,2,mixed,0.001,0,1,2.0,0
2,Squareroot,210,44100,2,mixed,0.0,0,1,2.0,0
4,Ludecomposition,210,3087000,3,int,0.011,0,0,3.0,0
5,Eigenvalue,210,4410000,2,mixed,0.0,1,1,2.0,0
5,Multiplication,220,10648000,3,int,0.011,0,0,3.0,0
2,Addition,220,48400,3,int,0.001,0,0,2.0,0
1,Transposition,220,48400,2,int,0.0,0,1,2.0,0
5,Determinant,220,10648000,1,int,0.011,0,0,3.0,0
1,Scaling,220,48400,2,int,0.0,0,1,2.0,0
3,Exponential,220,48400,2,mixed,0.001,0,1,2.0,0
6,Logarithm,220,48400,2,mixed,0.001,0,1,2.0,0
2,Squareroot,220,48400,2,mixed,0.0,0,1,2.0,0
5,Ludecomposition,220,3549333,3,int,0.013,0,0,3.0,0
5,Eigenvalue,220,4840000,2,mixed,0.0,1,1,2.0,0
5,Multiplication,230,12167000,3,int,0.011,0,0,3.0,0
1,Addition,230,52900,3,int,0.0,0,0,2.0,0
1,Transposition,230,52900,2,int,0.0,0,1,2.0,0
4,Determinant,230,12167000,1,int,0.011,0,0,3.0,0
1,Scaling,230,52900,2,int,0.0,0,1,2.0,0
4,Exponential,230,52900,2,mixed,0.001,0,1,2.0,0
6,Logarithm,230,52900,2,mixed,0.001,0,1,2.0,0
2,Squareroot,230,52900,2,mixed,0.001,0,1,2.0,0
6,Ludecomposition,230,4055666,3,int,0.013,0,0,3.0,0
3,Eigenvalue,230,5290000,2,mixed,0.001,1,1,2.0,0
6,Multiplication,240,13824000,3,int,0.018,0,0,3.0,0
2,Addition,240,57600,3,int,0.0,0,0,2.0,0
2,Transposition,240,57600,2,int,0.0,0,1,2.0,0
3,Determinant,240,13824000,1,int,0.012,0,0,3.0,0
1,Scaling,240,57600,2,int,0.0,0,1,2.0,0
2,Exponential,240,57600,2,mixed,0.0,0,1,2.0,0
5,Logarithm,240,57600,2,mixed,0.0,0,1,2.0,0
2,Squareroot,240,57600,2,mixed,0.001,0,1,2.0,0
6,Ludecomposition,240,4608000,3,int,0.013,0,0,3.0,0
6,Eigenvalue,240,5760000,2,mixed,0.001,1,1,2.0,0
6,Multiplication,250,15625000,3,int,0.019,0,0,3.0,0
2,Addition,250,62500,3,int,0.0,0,0,2.0,0
1,Transposition,250,62500,2,int,0.0,0,1,2.0,0
5,Determinant,250,15625000,1,int,0.014,0,0,3.0,0
1,Scaling,250,62500,2,int,0.0,0,1,2.0,0
3,Exponential,250,62500,2,mixed,0.001,0,1,2.0,0
5,Logarithm,250,62500,2,mixed,0.001,0,1,2.0,0
1,Squareroot,250,62500,2,mixed,0.001,0,1,2.0,0
6,Ludecomposition,250,5208333,3,int,0.014,0,0,3.0,0
4,Eigenvalue,250,6250000,2,mixed,0.001,1,1,2.0,0
6,Multiplication,260,17576000,3,int,0.024,0,0,3.0,0
1,Addition,260,67600,3,int,0.0,0,0,2.0,0
1,Transposition,260,67600,2,int,0.001,0,1,2.0,0
6,Determinant,260,17576000,1,int,0.016,0,0,3.0,0
1,Scaling,260,67600,2,int,0.001,0,1,2.0,0
5,Exponential,260,67600,2,mixed,0.001,0,1,2.0,0
5,Logarithm,260,67600,2,mixed,0.001,0,1,2.0,0
2,Squareroot,260,67600,2,mixed,0.0,0,1,2.0,0
4,Ludecomposition,260,5858666,3,int,0.016,0,0,3.0,0
3,Eigenvalue,260,6760000,2,mixed,0.001,1,1,2.0,0
6,Multiplication,270,19683000,3,int,0.028,0,0,3.0,0
3,Addition,270,72900,3,int,0.0,0,0,2.0,0
2,Transposition,270,72900,2,int,0.0,0,1,2.0,0
5,Determinant,270,19683000,1,int,0.014,0,0,3.0,0
1,Scaling,270,72900,2,int,0.0,0,1,2.0,0
4,Exponential,270,72900,2,mixed,0.0,0,1,2.0,0
5,Logarithm,270,72900,2,mixed,0.001,0,1,2.0,0
1,Squareroot,270,72900,2,mixed,0.001,0,1,2.0,0
6,Ludecomposition,270,6561000,3,int,0.017,0,0,3.0,0
4,Eigenvalue,270,7290000,2,mixed,0.0,1,1,2.0,0
6,Multiplication,280,21952000,3,int,0.026,0,0,3.0,0
1,Addition,280,78400,3,int,0.0,0,0,2.0,0
1,Transposition,280,78400,2,int,0.001,0,1,2.0,0
4,Determinant,280,21952000,1,int,0.016,0,0,3.0,0
1,Scaling,280,78400,2,int,0.0,0,1,2.0,0
4,Exponential,280,78400,2,mixed,0.0,0,1,2.0,0
8,Logarithm,280,78400,2,mixed,0.0,0,1,2.0,0
3,Squareroot,280,78400,2,mixed,0.001,0,1,2.0,0
5,Ludecomposition,280,7317333,3,int,0.018,0,0,3.0,0
3,Eigenvalue,280,7840000,2,mixed,0.001,1,1,2.0,0
8,Multiplication,290,24389000,3,int,0.025,0,0,3.0,0
1,Addition,290,84100,3,int,0.0,0,0,2.0,0
1,Transposition,290,84100,2,int,0.0,0,1,2.0,0
5,Determinant,290,24389000,1,int,0.016,0,0,3.0,0
2,Scaling,290,84100,2,int,0.0,0,1,2.0,0
5,Exponential,290,84100,2,mixed,0.0,0,1,2.0,0
6,Logarithm,290,84100,2,mixed,0.0,0,1,2.0,0
1,Squareroot,290,84100,2,mixed,0.001,0,1,2.0,0
6,Ludecomposition,290,8129666,3,int,0.019,0,0,3.0,0
4,Eigenvalue,290,8410000,2,mixed,0.001,1,1,2.0,0
6,Multiplication,300,27000000,3,int,0.029,0,0,3.0,0
1,Addition,300,90000,3,int,0.001,0,0,2.0,0
1,Transposition,300,90000,2,int,0.0,0,1,2.0,0
5,Determinant,300,27000000,1,int,0.018,0,0,3.0,0
2,Scaling,300,90000,2,int,0.001,0,1,2.0,0
4,Exponential,300,90000,2,mixed,0.001,0,1,2.0,0
8,Logarithm,300,90000,2,mixed,0.001,0,1,2.0,0
3,Squareroot,300,90000,2,mixed,0.001,0,1,2.0,0
6,Ludecomposition,300,9000000,3,int,0.022,0,0,3.0,0
3,Eigenvalue,300,9000000,2,mixed,0.001,1,1,2.0,0
6,Multiplication,310,29791000,3,int,0.038,0,0,3.0,0
3,Addition,310,96100,3,int,0.0,0,0,2.0,0
1,Transposition,310,96100,2,int,0.001,0,1,2.0,0
5,Determinant,310,29791000,1,int,0.019,0,0,3.0,0
1,Scaling,310,96100,2,int,0.0,0,1,2.0,0
4,Exponential,310,96100,2,mixed,0.001,0,1,2.0,0
7,Logarithm,310,96100,2,mixed,0.001,0,1,2.0,0
2,Squareroot,310,96100,2,mixed,0.0,0,1,2.0,0
6,Ludecomposition,310,9930333,3,int,0.021,0,0,3.0,0
4,Eigenvalue,310,9610000,2,mixed,0.001,1,1,2.0,0
6,Multiplication,320,32768000,3,int,0.043,0,0,3.0,0
2,Addition,320,102400,3,int,0.0,0,0,2.0,0
1,Transposition,320,102400,2,int,0.0,0,1,2.0,0
4,Determinant,320,32768000,1,int,0.02,0,0,3.0,0
1,Scaling,320,102400,2,int,0.001,0,1,2.0,0
6,Exponential,320,102400,2,mixed,0.0,0,1,2.0,0
8,Logarithm,320,102400,2,mixed,0.001,0,1,2.0,0
4,Squareroot,320,102400,2,mixed,0.0,0,1,2.0,0
5,Ludecomposition,320,10922666,3,int,0.023,0,0,3.0,0
4,Eigenvalue,320,10240000,2,mixed,0.001,1,1,2.0,0
6,Multiplication,330,35937000,3,int,0.031,0,0,3.0,0
1,Addition,330,108900,3,int,0.0,0,0,2.0,0
1,Transposition,330,108900,2,int,0.001,0,1,2.0,0
6,Determinant,330,35937000,1,int,0.021,0,0,3.0,0
1,Scaling,330,108900,2,int,0.0,0,1,2.0,0
8,Exponential,330,108900,2,mixed,0.001,0,1,2.0,0
6,Logarithm,330,108900,2,mixed,0.001,0,1,2.0,0
3,Squareroot,330,108900,2,mixed,0.001,0,1,2.0,0
5,Ludecomposition,330,11979000,3,int,0.024,0,0,3.0,0
4,Eigenvalue,330,10890000,2,mixed,0.001,1,1,2.0,0
5,Multiplication,340,39304000,3,int,0.038,0,0,3.0,0
2,Addition,340,115600,3,int,0.0,0,0,2.0,0
2,Transposition,340,115600,2,int,0.0,0,1,2.0,0
6,Determinant,340,39304000,1,int,0.021,0,0,3.0,0
1,Scaling,340,115600,2,int,0.001,0,1,2.0,0
7,Exponential,340,115600,2,mixed,0.001,0,1,2.0,0
6,Logarithm,340,115600,2,mixed,0.001,0,1,2.0,0
2,Squareroot,340,115600,2,mixed,0.0,0,1,2.0,0
6,Ludecomposition,340,13101333,3,int,0.026,0,0,3.0,0
4,Eigenvalue,340,11560000,2,mixed,0.001,1,1,2.0,0
5,Multiplication,350,42875000,3,int,0.054,0,0,3.0,0
3,Addition,350,122500,3,int,0.0,0,0,2.0,0
1,Transposition,350,122500,2,int,0.0,0,1,2.0,0
5,Determinant,350,42875000,1,int,0.023,0,0,3.0,0
2,Scaling,350,122500,2,int,0.001,0,1,2.0,0
4,Exponential,350,122500,2,mixed,0.001,0,1,2.0,0
5,Logarithm,350,122500,2,mixed,0.001,0,1,2.0,0
2,Squareroot,350,122500,2,mixed,0.001,0,1,2.0,0
6,Ludecomposition,350,14291666,3,int,0.026,0,0,3.0,0
4,Eigenvalue,350,12250000,2,mixed,0.001,1,1,2.0,0
6,Multiplication,360,46656000,3,int,0.038,0,0,3.0,0
1,Addition,360,129600,3,int,0.0,0,0,2.0,0
1,Transposition,360,129600,2,int,0.001,0,1,2.0,0
5,Determinant,360,46656000,1,int,0.024,0,0,3.0,0
2,Scaling,360,129600,2,int,0.0,0,1,2.0,0
6,Exponential,360,129600,2,mixed,0.001,0,1,2.0,0
5,Logarithm,360,129600,2,mixed,0.001,0,1,2.0,0
5,Squareroot,360,129600,2,mixed,0.001,0,1,2.0,0
6,Ludecomposition,360,15552000,3,int,0.027,0,0,3.0,0
4,Eigenvalue,360,12960000,2,mixed,0.0,1,1,2.0,0
6,Multiplication,370,50653000,3,int,0.042,0,0,3.0,0
2,Addition,370,136900,3,int,0.001,0,0,2.0,0
2,Transposition,370,136900,2,int,0.001,0,1,2.0,0
5,Determinant,370,50653000,1,int,0.025,0,0,3.0,0
1,Scaling,370,136900,2,int,0.0,0,1,2.0,0
3,Exponential,370,136900,2,mixed,0.001,0,1,2.0,0
5,Logarithm,370,136900,2,mixed,0.001,0,1,2.0,0
4,Squareroot,370,136900,2,mixed,0.0,0,1,2.0,0
6,Ludecomposition,370,16884333,3,int,0.029,0,0,3.0,0
3,Eigenvalue,370,13690000,2,mixed,0.001,1,1,2.0,0
6,Multiplication,380,54872000,3,int,0.068,0,0,3.0,0
2,Addition,380,144400,3,int,0.0,0,0,2.0,0
1,Transposition,380,144400,2,int,0.001,0,1,2.0,0
6,Determinant,380,54872000,1,int,0.027,0,0,3.0,0
1,Scaling,380,144400,2,int,0.0,0,1,2.0,0
4,Exponential,380,144400,2,mixed,0.001,0,1,2.0,0
5,Logarithm,380,144400,2,mixed,0.001,0,1,2.0,0
4,Squareroot,380,144400,2,mixed,0.001,0,1,2.0,0
6,Ludecomposition,380,18290666,3,int,0.031,0,0,3.0,0
3,Eigenvalue,380,14440000,2,mixed,0.001,1,1,2.0,0
6,Multiplication,390,59319000,3,int,0.075,0,0,3.0,0
3,Addition,390,152100,3,int,0.0,0,0,2.0,0
1,Transposition,390,152100,2,int,0.001,0,1,2.0,0
6,Determinant,390,59319000,1,int,0.027,0,0,3.0,0
2,Scaling,390,152100,2,int,0.0,0,1,2.0,0
4,Exponential,390,152100,2,mixed,0.001,0,1,2.0,0
4,Logarithm,390,152100,2,mixed,0.002,0,1,2.0,0
4,Squareroot,390,152100,2,mixed,0.001,0,1,2.0,0
6,Ludecomposition,390,19773000,3,int,0.031,0,0,3.0,0
3,Eigenvalue,390,15210000,2,mixed,0.001,1,1,2.0,0
5,Multiplication,400,64000000,3,int,0.083,0,0,3.0,0
4,Addition,400,160000,3,int,0.0,0,0,2.0,0
1,Transposition,400,160000,2,int,0.0,0,1,2.0,0
5,Determinant,400,64000000,1,int,0.03,0,0,3.0,0
2,Scaling,400,160000,2,int,0.0,0,1,2.0,0
5,Exponential,400,160000,2,mixed,0.001,0,1,2.0,0
7,Logarithm,400,160000,2,mixed,0.002,0,1,2.0,0
2,Squareroot,400,160000,2,mixed,0.001,0,1,2.0,0
6,Ludecomposition,400,21333333,3,int,0.034,0,0,3.0,0
5,Eigenvalue,400,16000000,2,mixed,0.001,1,1,2.0,0
6,Multiplication,410,68921000,3,int,0.057,0,0,3.0,0
2,Addition,410,168100,3,int,0.001,0,0,2.0,0
2,Transposition,410,168100,2,int,0.0,0,1,2.0,0
5,Determinant,410,68921000,1,int,0.032,0,0,3.0,0
1,Scaling,410,168100,2,int,0.001,0,1,2.0,0
4,Exponential,410,168100,2,mixed,0.001,0,1,2.0,0
7,Logarithm,410,168100,2,mixed,0.002,0,1,2.0,0
7,Squareroot,410,168100,2,mixed,0.001,0,1,2.0,0
6,Ludecomposition,410,22973666,3,int,0.035,0,0,3.0,0
3,Eigenvalue,410,16810000,2,mixed,0.001,1,1,2.0,0
6,Multiplication,420,74088000,3,int,0.059,0,0,3.0,0
3,Addition,420,176400,3,int,0.001,0,0,2.0,0
2,Transposition,420,176400,2,int,0.0,0,1,2.0,0
5,Determinant,420,74088000,1,int,0.032,0,0,3.0,0
1,Scaling,420,176400,2,int,0.0,0,1,2.0,0
6,Exponential,420,176400,2,mixed,0.001,0,1,2.0,0
7,Logarithm,420,176400,2,mixed,0.002,0,1,2.0,0
8,Squareroot,420,176400,2,mixed,0.001,0,1,2.0,0
6,Ludecomposition,420,24696000,3,int,0.037,0,0,3.0,0
4,Eigenvalue,420,17640000,2,mixed,0.002,1,1,2.0,0
6,Multiplication,430,79507000,3,int,0.085,0,0,3.0,0
4,Addition,430,184900,3,int,0.0,0,0,2.0,0
1,Transposition,430,184900,2,int,0.0,0,1,2.0,0
6,Determinant,430,79507000,1,int,0.034,0,0,3.0,0
2,Scaling,430,184900,2,int,0.0,0,1,2.0,0
8,Exponential,430,184900,2,mixed,0.001,0,1,2.0,0
8,Logarithm,430,184900,2,mixed,0.001,0,1,2.0,0
8,Squareroot,430,184900,2,mixed,0.001,0,1,2.0,0
6,Ludecomposition,430,26502333,3,int,0.039,0,0,3.0,0
6,Eigenvalue,430,18490000,2,mixed,0.002,1,1,2.0,0
8,Multiplication,440,85184000,3,int,0.08,0,0,3.0,0
1,Addition,440,193600,3,int,0.001,0,0,2.0,0
1,Transposition,440,193600,2,int,0.001,0,1,2.0,0
6,Determinant,440,85184000,1,int,0.035,0,0,3.0,0
1,Scaling,440,193600,2,int,0.001,0,1,2.0,0
6,Exponential,440,193600,2,mixed,0.001,0,1,2.0,0
7,Logarithm,440,193600,2,mixed,0.001,0,1,2.0,0
7,Squareroot,440,193600,2,mixed,0.001,0,1,2.0,0
6,Ludecomposition,440,28394666,3,int,0.042,0,0,3.0,0
5,Eigenvalue,440,19360000,2,mixed,0.001,1,1,2.0,0
6,Multiplication,450,91125000,3,int,0.098,0,0,3.0,0
3,Addition,450,202500,3,int,0.0,0,0,2.0,0
1,Transposition,450,202500,2,int,0.001,0,1,2.0,0
6,Determinant,450,91125000,1,int,0.035,0,0,3.0,0
2,Scaling,450,202500,2,int,0.0,0,1,2.0,0
6,Exponential,450,202500,2,mixed,0.001,0,1,2.0,0
8,Logarithm,450,202500,2,mixed,0.001,0,1,2.0,0
3,Squareroot,450,202500,2,mixed,0.001,0,1,2.0,0
6,Ludecomposition,450,30375000,3,int,0.043,0,0,3.0,0
8,Eigenvalue,450,20250000,2,mixed,0.002,1,1,2.0,0
6,Multiplication,460,97336000,3,int,0.099,0,0,3.0,0
3,Addition,460,211600,3,int,0.001,0,0,2.0,0
3,Transposition,460,211600,2,int,0.0,0,1,2.0,0
6,Determinant,460,97336000,1,int,0.039,0,0,3.0,0
3,Scaling,460,211600,2,int,0.0,0,1,2.0,0
6,Exponential,460,211600,2,mixed,0.001,0,1,2.0,0
5,Logarithm,460,211600,2,mixed,0.001,0,1,2.0,0
8,Squareroot,460,211600,2,mixed,0.001,0,1,2.0,0
5,Ludecomposition,460,32445333,3,int,0.048,0,0,3.0,0
6,Eigenvalue,460,21160000,2,mixed,0.001,1,1,2.0,0
8,Multiplication,470,103823000,3,int,0.1,0,0,3.0,0
4,Addition,470,220900,3,int,0.001,0,0,2.0,0
3,Transposition,470,220900,2,int,0.0,0,1,2.0,0
6,Determinant,470,103823000,1,int,0.04,0,0,3.0,0
2,Scaling,470,220900,2,int,0.0,0,1,2.0,0
5,Exponential,470,220900,2,mixed,0.004,0,1,2.0,0
7,Logarithm,470,220900,2,mixed,0.001,0,1,2.0,0
4,Squareroot,470,220900,2,mixed,0.001,0,1,2.0,0
6,Ludecomposition,470,34607666,3,int,0.046,0,0,3.0,0
4,Eigenvalue,470,22090000,2,mixed,0.002,1,1,2.0,0
8,Multiplication,480,110592000,3,int,0.105,0,0,3.0,0
5,Addition,480,230400,3,int,0.001,0,0,2.0,0
3,Transposition,480,230400,2,int,0.0,0,1,2.0,0
6,Determinant,480,110592000,1,int,0.042,0,0,3.0,0
3,Scaling,480,230400,2,int,0.001,0,1,2.0,0
5,Exponential,480,230400,2,mixed,0.001,0,1,2.0,0
7,Logarithm,480,230400,2,mixed,0.001,0,1,2.0,0
3,Squareroot,480,230400,2,mixed,0.001,0,1,2.0,0
6,Ludecomposition,480,36864000,3,int,0.05,0,0,3.0,0
3,Eigenvalue,480,23040000,2,mixed,0.002,1,1,2.0,0
6,Multiplication,490,117649000,3,int,0.109,0,0,3.0,0
2,Addition,490,240100,3,int,0.0,0,0,2.0,0
3,Transposition,490,240100,2,int,0.001,0,1,2.0,0
5,Determinant,490,117649000,1,int,0.047,0,0,3.0,0
3,Scaling,490,240100,2,int,0.0,0,1,2.0,0
6,Exponential,490,240100,2,mixed,0.002,0,1,2.0,0
8,Logarithm,490,240100,2,mixed,0.002,0,1,2.0,0
2,Squareroot,490,240100,2,mixed,0.001,0,1,2.0,0
6,Ludecomposition,490,39216333,3,int,0.051,0,0,3.0,0
5,Eigenvalue,490,24010000,2,mixed,0.001,1,1,2.0,0
6,Multiplication,500,125000000,3,int,0.121,0,0,3.0,0
4,Addition,500,250000,3,int,0.001,0,0,2.0,0
3,Transposition,500,250000,2,int,0.0,0,1,2.0,0
6,Determinant,500,125000000,1,int,0.044,0,0,3.0,0
2,Scaling,500,250000,2,int,0.001,0,1,2.0,0
7,Exponential,500,250000,2,mixed,0.002,0,1,2.0,0
8,Logarithm,500,250000,2,mixed,0.002,0,1,2.0,0
7,Squareroot,500,250000,2,mixed,0.001,0,1,2.0,0
6,Ludecomposition,500,41666666,3,int,0.062,0,0,3.0,0
6,Eigenvalue,500,25000000,2,mixed,0.001,1,1,2.0,0
6,Multiplication,510,132651000,3,int,0.154,0,0,3.0,0
2,Addition,510,260100,3,int,0.001,0,0,2.0,0
6,Transposition,510,260100,2,int,0.001,0,1,2.0,0
6,Determinant,510,132651000,1,int,0.046,0,0,3.0,0
3,Scaling,510,260100,2,int,0.0,0,1,2.0,0
5,Exponential,510,260100,2,mixed,0.002,0,1,2.0,0
7,Logarithm,510,260100,2,mixed,0.002,0,1,2.0,0
3,Squareroot,510,260100,2,mixed,0.001,0,1,2.0,0
6,Ludecomposition,510,44217000,3,int,0.055,0,0,3.0,0
8,Eigenvalue,510,26010000,2,mixed,0.004,1,1,2.0,0
6,Multiplication,520,140608000,3,int,0.14,0,0,3.0,0
3,Addition,520,270400,3,int,0.0,0,0,2.0,0
3,Transposition,520,270400,2,int,0.001,0,1,2.0,0
6,Determinant,520,140608000,1,int,0.048,0,0,3.0,0
1,Scaling,520,270400,2,int,0.001,0,1,2.0,0
6,Exponential,520,270400,2,mixed,0.001,0,1,2.0,0
8,Logarithm,520,270400,2,mixed,0.002,0,1,2.0,0
3,Squareroot,520,270400,2,mixed,0.001,0,1,2.0,0
6,Ludecomposition,520,46869333,3,int,0.06,0,0,3.0,0
7,Eigenvalue,520,27040000,2,mixed,0.002,1,1,2.0,0
6,Multiplication,530,148877000,3,int,0.145,0,0,3.0,0
7,Addition,530,280900,3,int,0.0,0,0,2.0,0
4,Transposition,530,280900,2,int,0.0,0,1,2.0,0
6,Determinant,530,148877000,1,int,0.049,0,0,3.0,0
4,Scaling,530,280900,2,int,0.001,0,1,2.0,0
8,Exponential,530,280900,2,mixed,0.001,0,1,2.0,0
6,Logarithm,530,280900,2,mixed,0.002,0,1,2.0,0
8,Squareroot,530,280900,2,mixed,0.001,0,1,2.0,0
6,Ludecomposition,530,49625666,3,int,0.061,0,0,3.0,0
6,Eigenvalue,530,28090000,2,mixed,0.002,1,1,2.0,0
8,Multiplication,540,157464000,3,int,0.139,0,0,3.0,0
2,Addition,540,291600,3,int,0.001,0,0,2.0,0
3,Transposition,540,291600,2,int,0.001,0,1,2.0,0
5,Determinant,540,157464000,1,int,0.055,0,0,3.0,0
2,Scaling,540,291600,2,int,0.001,0,1,2.0,0
6,Exponential,540,291600,2,mixed,0.001,0,1,2.0,0
8,Logarithm,540,291600,2,mixed,0.001,0,1,2.0,0
8,Squareroot,540,291600,2,mixed,0.0,0,1,2.0,0
5,Ludecomposition,540,52488000,3,int,0.069,0,0,3.0,0
5,Eigenvalue,540,29160000,2,mixed,0.001,1,1,2.0,0
8,Multiplication,550,166375000,3,int,0.151,0,0,3.0,0
4,Addition,550,302500,3,int,0.001,0,0,2.0,0
2,Transposition,550,302500,2,int,0.0,0,1,2.0,0
6,Determinant,550,166375000,1,int,0.053,0,0,3.0,0
3,Scaling,550,302500,2,int,0.0,0,1,2.0,0
3,Exponential,550,302500,2,mixed,0.002,0,1,2.0,0
8,Logarithm,550,302500,2,mixed,0.002,0,1,2.0,0
3,Squareroot,550,302500,2,mixed,0.002,0,1,2.0,0
6,Ludecomposition,550,55458333,3,int,0.069,0,0,3.0,0
4,Eigenvalue,550,30250000,2,mixed,0.002,1,1,2.0,0
8,Multiplication,560,175616000,3,int,0.152,0,0,3.0,0
7,Addition,560,313600,3,int,0.001,0,0,2.0,0
4,Transposition,560,313600,2,int,0.001,0,1,2.0,0
6,Determinant,560,175616000,1,int,0.058,0,0,3.0,0
4,Scaling,560,313600,2,int,0.001,0,1,2.0,0
4,Exponential,560,313600,2,mixed,0.002,0,1,2.0,0
6,Logarithm,560,313600,2,mixed,0.002,0,1,2.0,0
6,Squareroot,560,313600,2,mixed,0.001,0,1,2.0,0
6,Ludecomposition,560,58538666,3,int,0.082,0,0,3.0,0
5,Eigenvalue,560,31360000,2,mixed,0.002,1,1,2.0,0
8,Multiplication,570,185193000,3,int,0.165,0,0,3.0,0
4,Addition,570,324900,3,int,0.0,0,0,2.0,0
2,Transposition,570,324900,2,int,0.002,0,1,2.0,0
5,Determinant,570,185193000,1,int,0.062,0,0,3.0,0
5,Scaling,570,324900,2,int,0.0,0,1,2.0,0
8,Exponential,570,324900,2,mixed,0.001,0,1,2.0,0
8,Logarithm,570,324900,2,mixed,0.002,0,1,2.0,0
8,Squareroot,570,324900,2,mixed,0.002,0,1,2.0,0
6,Ludecomposition,570,61731000,3,int,0.073,0,0,3.0,0
8,Eigenvalue,570,32490000,2,mixed,0.001,1,1,2.0,0
8,Multiplication,580,195112000,3,int,0.186,0,0,3.0,0
7,Addition,580,336400,3,int,0.001,0,0,2.0,0
8,Transposition,580,336400,2,int,0.001,0,1,2.0,0
6,Determinant,580,195112000,1,int,0.063,0,0,3.0,0
5,Scaling,580,336400,2,int,0.0,0,1,2.0,0
7,Exponential,580,336400,2,mixed,0.002,0,1,2.0,0
7,Logarithm,580,336400,2,mixed,0.002,0,1,2.0,0
5,Squareroot,580,336400,2,mixed,0.001,0,1,2.0,0
6,Ludecomposition,580,65037333,3,int,0.077,0,0,3.0,0
8,Eigenvalue,580,33640000,2,mixed,0.002,1,1,2.0,0
8,Multiplication,590,205379000,3,int,0.189,0,0,3.0,0
8,Addition,590,348100,3,int,0.0,0,0,2.0,0
2,Transposition,590,348100,2,int,0.001,0,1,2.0,0
6,Determinant,590,205379000,1,int,0.066,0,0,3.0,0
6,Scaling,590,348100,2,int,0.001,0,1,2.0,0
7,Exponential,590,348100,2,mixed,0.002,0,1,2.0,0
8,Logarithm,590,348100,2,mixed,0.002,0,1,2.0,0
7,Squareroot,590,348100,2,mixed,0.001,0,1,2.0,0
6,Ludecomposition,590,68459666,3,int,0.087,0,0,3.0,0
6,Eigenvalue,590,34810000,2,mixed,0.001,1,1,2.0,0
6,Multiplication,600,216000000,3,int,0.203,0,0,3.0,0
3,Addition,600,360000,3,int,0.001,0,0,2.0,0
5,Transposition,600,360000,2,int,0.001,0,1,2.0,0
6,Determinant,600,216000000,1,int,0.065,0,0,3.0,0
4,Scaling,600,360000,2,int,0.001,0,1,2.0,0
6,Exponential,600,360000,2,mixed,0.002,0,1,2.0,0
7,Logarithm,600,360000,2,mixed,0.002,0,1,2.0,0
8,Squareroot,600,360000,2,mixed,0.002,0,1,2.0,0
6,Ludecomposition,600,72000000,3,int,0.087,0,0,3.0,0
6,Eigenvalue,600,36000000,2,mixed,0.001,1,1,2.0,0
8,Multiplication,610,226981000,3,int,0.208,0,0,3.0,0
8,Addition,610,372100,3,int,0.001,0,0,2.0,0
1,Transposition,610,372100,2,int,0.002,0,1,2.0,0
6,Determinant,610,226981000,1,int,0.066,0,0,3.0,0
5,Scaling,610,372100,2,int,0.001,0,1,2.0,0
5,Exponential,610,372100,2,mixed,0.002,0,1,2.0,0
8,Logarithm,610,372100,2,mixed,0.002,0,1,2.0,0
8,Squareroot,610,372100,2,mixed,0.001,0,1,2.0,0
6,Ludecomposition,610,75660333,3,int,0.098,0,0,3.0,0
8,Eigenvalue,610,37210000,2,mixed,0.002,1,1,2.0,0
8,Multiplication,620,238328000,3,int,0.216,0,0,3.0,0
2,Addition,620,384400,3,int,0.001,0,0,2.0,0
8,Transposition,620,384400,2,int,0.001,0,1,2.0,0
6,Determinant,620,238328000,1,int,0.072,0,0,3.0,0
2,Scaling,620,384400,2,int,0.001,0,1,2.0,0
4,Exponential,620,384400,2,mixed,0.003,0,1,2.0,0
5,Logarithm,620,384400,2,mixed,0.003,0,1,2.0,0
6,Squareroot,620,384400,2,mixed,0.001,0,1,2.0,0
6,Ludecomposition,620,79442666,3,int,0.099,0,0,3.0,0
5,Eigenvalue,620,38440000,2,mixed,0.002,1,1,2.0,0
8,Multiplication,630,250047000,3,int,0.223,0,0,3.0,0
2,Addition,630,396900,3,int,0.001,0,0,2.0,0
7,Transposition,630,396900,2,int,0.0,0,1,2.0,0
6,Determinant,630,250047000,1,int,0.071,0,0,3.0,0
4,Scaling,630,396900,2,int,0.0,0,1,2.0,0
8,Exponential,630,396900,2,mixed,0.002,0,1,2.0,0
6,Logarithm,630,396900,2,mixed,0.002,0,1,2.0,0
5,Squareroot,630,396900,2,mixed,0.001,0,1,2.0,0
6,Ludecomposition,630,83349000,3,int,0.089,0,0,3.0,0
4,Eigenvalue,630,39690000,2,mixed,0.002,1,1,2.0,0
6,Multiplication,640,262144000,3,int,0.261,0,0,3.0,0
6,Addition,640,409600,3,int,0.001,0,0,2.0,0
2,Transposition,640,409600,2,int,0.002,0,1,2.0,0
6,Determinant,640,262144000,1,int,0.073,0,0,3.0,0
5,Scaling,640,409600,2,int,0.001,0,1,2.0,0
7,Exponential,640,409600,2,mixed,0.002,0,1,2.0,0
8,Logarithm,640,409600,2,mixed,0.002,0,1,2.0,0
5,Squareroot,640,409600,2,mixed,0.002,0,1,2.0,0
6,Ludecomposition,640,87381333,3,int,0.107,0,0,3.0,0
7,Eigenvalue,640,40960000,2,mixed,0.003,1,1,2.0,0
8,Multiplication,650,274625000,3,int,0.254,0,0,3.0,0
2,Addition,650,422500,3,int,0.001,0,0,2.0,0
2,Transposition,650,422500,2,int,0.002,0,1,2.0,0
6,Determinant,650,274625000,1,int,0.078,0,0,3.0,0
6,Scaling,650,422500,2,int,0.0,0,1,2.0,0
5,Exponential,650,422500,2,mixed,0.002,0,1,2.0,0
8,Logarithm,650,422500,2,mixed,0.003,0,1,2.0,0
7,Squareroot,650,422500,2,mixed,0.002,0,1,2.0,0
6,Ludecomposition,650,91541666,3,int,0.096,0,0,3.0,0
5,Eigenvalue,650,42250000,2,mixed,0.002,1,1,2.0,0
8,Multiplication,660,287496000,3,int,0.254,0,0,3.0,0
2,Addition,660,435600,3,int,0.001,0,0,2.0,0
2,Transposition,660,435600,2,int,0.001,0,1,2.0,0
6,Determinant,660,287496000,1,int,0.08,0,0,3.0,0
3,Scaling,660,435600,2,int,0.001,0,1,2.0,0
5,Exponential,660,435600,2,mixed,0.003,0,1,2.0,0
8,Logarithm,660,435600,2,mixed,0.003,0,1,2.0,0
6,Squareroot,660,435600,2,mixed,0.002,0,1,2.0,0
6,Ludecomposition,660,95832000,3,int,0.101,0,0,3.0,0
5,Eigenvalue,660,43560000,2,mixed,0.002,1,1,2.0,0
7,Multiplication,670,300763000,3,int,0.302,0,0,3.0,0
3,Addition,670,448900,3,int,0.001,0,0,2.0,0
4,Transposition,670,448900,2,int,0.002,0,1,2.0,0
6,Determinant,670,300763000,1,int,0.082,0,0,3.0,0
3,Scaling,670,448900,2,int,0.001,0,1,2.0,0
7,Exponential,670,448900,2,mixed,0.002,0,1,2.0,0
7,Logarithm,670,448900,2,mixed,0.003,0,1,2.0,0
6,Squareroot,670,448900,2,mixed,0.002,0,1,2.0,0
6,Ludecomposition,670,100254333,3,int,0.107,0,0,3.0,0
5,Eigenvalue,670,44890000,2,mixed,0.002,1,1,2.0,0
8,Multiplication,680,314432000,3,int,0.279,0,0,3.0,0
3,Addition,680,462400,3,int,0.001,0,0,2.0,0
2,Transposition,680,462400,2,int,0.001,0,1,2.0,0
6,Determinant,680,314432000,1,int,0.085,0,0,3.0,0
3,Scaling,680,462400,2,int,0.001,0,1,2.0,0
6,Exponential,680,462400,2,mixed,0.002,0,1,2.0,0
5,Logarithm,680,462400,2,mixed,0.003,0,1,2.0,0
7,Squareroot,680,462400,2,mixed,0.001,0,1,2.0,0
6,Ludecomposition,680,104810666,3,int,0.11,0,0,3.0,0
8,Eigenvalue,680,46240000,2,mixed,0.002,1,1,2.0,0
8,Multiplication,690,328509000,3,int,0.297,0,0,3.0,0
2,Addition,690,476100,3,int,0.002,0,0,2.0,0
3,Transposition,690,476100,2,int,0.001,0,1,2.0,0
6,Determinant,690,328509000,1,int,0.089,0,0,3.0,0
4,Scaling,690,476100,2,int,0.001,0,1,2.0,0
5,Exponential,690,476100,2,mixed,0.003,0,1,2.0,0
8,Logarithm,690,476100,2,mixed,0.003,0,1,2.0,0
2,Squareroot,690,476100,2,mixed,0.003,0,1,2.0,0
6,Ludecomposition,690,109503000,3,int,0.113,0,0,3.0,0
6,Eigenvalue,690,47610000,2,mixed,0.002,1,1,2.0,0
6,Multiplication,700,343000000,3,int,0.326,0,0,3.0,0
6,Addition,700,490000,3,int,0.0,0,0,2.0,0
7,Transposition,700,490000,2,int,0.0,0,1,2.0,0
6,Determinant,700,343000000,1,int,0.091,0,0,3.0,0
8,Scaling,700,490000,2,int,0.0,0,1,2.0,0
8,Exponential,700,490000,2,mixed,0.002,0,1,2.0,0
8,Logarithm,700,490000,2,mixed,0.003,0,1,2.0,0
6,Squareroot,700,490000,2,mixed,0.002,0,1,2.0,0
6,Ludecomposition,700,114333333,3,int,0.116,0,0,3.0,0
6,Eigenvalue,700,49000000,2,mixed,0.002,1,1,2.0,0
7,Multiplication,710,357911000,3,int,0.378,0,0,3.0,0
2,Addition,710,504100,3,int,0.001,0,0,2.0,0
2,Transposition,710,504100,2,int,0.002,0,1,2.0,0
6,Determinant,710,357911000,1,int,0.094,0,0,3.0,0
6,Scaling,710,504100,2,int,0.001,0,1,2.0,0
8,Exponential,710,504100,2,mixed,0.002,0,1,2.0,0
8,Logarithm,710,504100,2,mixed,0.004,0,1,2.0,0
8,Squareroot,710,504100,2,mixed,0.002,0,1,2.0,0
6,Ludecomposition,710,119303666,3,int,0.122,0,0,3.0,0
5,Eigenvalue,710,50410000,2,mixed,0.003,1,1,2.0,0
8,Multiplication,720,373248000,3,int,0.321,0,0,3.0,0
2,Addition,720,518400,3,int,0.002,0,0,2.0,0
3,Transposition,720,518400,2,int,0.001,0,1,2.0,0
6,Determinant,720,373248000,1,int,0.098,0,0,3.0,0
2,Scaling,720,518400,2,int,0.001,0,1,2.0,0
8,Exponential,720,518400,2,mixed,0.003,0,1,2.0,0
8,Logarithm,720,518400,2,mixed,0.003,0,1,2.0,0
5,Squareroot,720,518400,2,mixed,0.002,0,1,2.0,0
6,Ludecomposition,720,124416000,3,int,0.125,0,0,3.0,0
6,Eigenvalue,720,51840000,2,mixed,0.002,1,1,2.0,0
8,Multiplication,730,389017000,3,int,0.353,0,0,3.0,0
5,Addition,730,532900,3,int,0.001,0,0,2.0,0
4,Transposition,730,532900,2,int,0.002,0,1,2.0,0
6,Determinant,730,389017000,1,int,0.104,0,0,3.0,0
6,Scaling,730,532900,2,int,0.001,0,1,2.0,0
8,Exponential,730,532900,2,mixed,0.002,0,1,2.0,0
8,Logarithm,730,532900,2,mixed,0.004,0,1,2.0,0
6,Squareroot,730,532900,2,mixed,0.001,0,1,2.0,0
6,Ludecomposition,730,129672333,3,int,0.132,0,0,3.0,0
5,Eigenvalue,730,53290000,2,mixed,0.002,1,1,2.0,0
6,Multiplication,740,405224000,3,int,0.367,0,0,3.0,0
5,Addition,740,547600,3,int,0.002,0,0,2.0,0
4,Transposition,740,547600,2,int,0.001,0,1,2.0,0
6,Determinant,740,405224000,1,int,0.104,0,0,3.0,0
7,Scaling,740,547600,2,int,0.001,0,1,2.0,0
7,Exponential,740,547600,2,mixed,0.002,0,1,2.0,0
8,Logarithm,740,547600,2,mixed,0.005,0,1,2.0,0
6,Squareroot,740,547600,2,mixed,0.001,0,1,2.0,0
6,Ludecomposition,740,135074666,3,int,0.137,0,0,3.0,0
5,Eigenvalue,740,54760000,2,mixed,0.003,1,1,2.0,0
8,Multiplication,750,421875000,3,int,0.434,0,0,3.0,0
6,Addition,750,562500,3,int,0.001,0,0,2.0,0
2,Transposition,750,562500,2,int,0.004,0,1,2.0,0
6,Determinant,750,421875000,1,int,0.108,0,0,3.0,0
2,Scaling,750,562500,2,int,0.002,0,1,2.0,0
8,Exponential,750,562500,2,mixed,0.003,0,1,2.0,0
8,Logarithm,750,562500,2,mixed,0.003,0,1,2.0,0
5,Squareroot,750,562500,2,mixed,0.002,0,1,2.0,0
6,Ludecomposition,750,140625000,3,int,0.137,0,0,3.0,0
6,Eigenvalue,750,56250000,2,mixed,0.002,1,1,2.0,0
7,Multiplication,760,438976000,3,int,0.47,0,0,3.0,0
4,Addition,760,577600,3,int,0.002,0,0,2.0,0
8,Transposition,760,577600,2,int,0.001,0,1,2.0,0
6,Determinant,760,438976000,1,int,0.111,0,0,3.0,0
8,Scaling,760,577600,2,int,0.0,0,1,2.0,0
5,Exponential,760,577600,2,mixed,0.004,0,1,2.0,0
7,Logarithm,760,577600,2,mixed,0.004,0,1,2.0,0
4,Squareroot,760,577600,2,mixed,0.002,0,1,2.0,0
6,Ludecomposition,760,146325333,3,int,0.143,0,0,3.0,0
7,Eigenvalue,760,57760000,2,mixed,0.003,1,1,2.0,0
8,Multiplication,770,456533000,3,int,0.415,0,0,3.0,0
7,Addition,770,592900,3,int,0.001,0,0,2.0,0
6,Transposition,770,592900,2,int,0.001,0,1,2.0,0
6,Determinant,770,456533000,1,int,0.121,0,0,3.0,0
2,Scaling,770,592900,2,int,0.001,0,1,2.0,0
6,Exponential,770,592900,2,mixed,0.003,0,1,2.0,0
7,Logarithm,770,592900,2,mixed,0.004,0,1,2.0,0
7,Squareroot,770,592900,2,mixed,0.002,0,1,2.0,0
6,Ludecomposition,770,152177666,3,int,0.147,0,0,3.0,0
4,Eigenvalue,770,59290000,2,mixed,0.003,1,1,2.0,0
7,Multiplication,780,474552000,3,int,0.471,0,0,3.0,0
4,Addition,780,608400,3,int,0.002,0,0,2.0,0
3,Transposition,780,608400,2,int,0.001,0,1,2.0,0
6,Determinant,780,474552000,1,int,0.127,0,0,3.0,0
3,Scaling,780,608400,2,int,0.001,0,1,2.0,0
8,Exponential,780,608400,2,mixed,0.002,0,1,2.0,0
7,Logarithm,780,608400,2,mixed,0.004,0,1,2.0,0
3,Squareroot,780,608400,2,mixed,0.003,0,1,2.0,0
6,Ludecomposition,780,158184000,3,int,0.154,0,0,3.0,0
5,Eigenvalue,780,60840000,2,mixed,0.002,1,1,2.0,0
6,Multiplication,790,493039000,3,int,0.483,0,0,3.0,0
2,Addition,790,624100,3,int,0.001,0,0,2.0,0
5,Transposition,790,624100,2,int,0.003,0,1,2.0,0
6,Determinant,790,493039000,1,int,0.124,0,0,3.0,0
4,Scaling,790,624100,2,int,0.001,0,1,2.0,0
8,Exponential,790,624100,2,mixed,0.003,0,1,2.0,0
7,Logarithm,790,624100,2,mixed,0.004,0,1,2.0,0
7,Squareroot,790,624100,2,mixed,0.002,0,1,2.0,0
6,Ludecomposition,790,164346333,3,int,0.157,0,0,3.0,0
5,Eigenvalue,790,62410000,2,mixed,0.003,1,1,2.0,0
6,Multiplication,800,512000000,3,int,0.461,0,0,3.0,0
7,Addition,800,640000,3,int,0.001,0,0,2.0,0
7,Transposition,800,640000,2,int,0.001,0,1,2.0,0
6,Determinant,800,512000000,1,int,0.125,0,0,3.0,0
4,Scaling,800,640000,2,int,0.001,0,1,2.0,0
7,Exponential,800,640000,2,mixed,0.004,0,1,2.0,0
7,Logarithm,800,640000,2,mixed,0.004,0,1,2.0,0
5,Squareroot,800,640000,2,mixed,0.002,0,1,2.0,0
6,Ludecomposition,800,170666666,3,int,0.167,0,0,3.0,0
4,Eigenvalue,800,64000000,2,mixed,0.004,1,1,2.0,0
8,Multiplication,810,531441000,3,int,0.504,0,0,3.0,0
6,Addition,810,656100,3,int,0.002,0,0,2.0,0
3,Transposition,810,656100,2,int,0.001,0,1,2.0,0
6,Determinant,810,531441000,1,int,0.143,0,0,3.0,0
3,Scaling,810,656100,2,int,0.002,0,1,2.0,0
5,Exponential,810,656100,2,mixed,0.003,0,1,2.0,0
8,Logarithm,810,656100,2,mixed,0.003,0,1,2.0,0
5,Squareroot,810,656100,2,mixed,0.002,0,1,2.0,0
6,Ludecomposition,810,177147000,3,int,0.17,0,0,3.0,0
5,Eigenvalue,810,65610000,2,mixed,0.003,1,1,2.0,0
6,Multiplication,820,551368000,3,int,0.503,0,0,3.0,0
7,Addition,820,672400,3,int,0.001,0,0,2.0,0
6,Transposition,820,672400,2,int,0.003,0,1,2.0,0
6,Determinant,820,551368000,1,int,0.133,0,0,3.0,0
3,Scaling,820,672400,2,int,0.002,0,1,2.0,0
6,Exponential,820,672400,2,mixed,0.003,0,1,2.0,0
8,Logarithm,820,672400,2,mixed,0.004,0,1,2.0,0
4,Squareroot,820,672400,2,mixed,0.003,0,1,2.0,0
6,Ludecomposition,820,183789333,3,int,0.188,0,0,3.0,0
5,Eigenvalue,820,67240000,2,mixed,0.002,1,1,2.0,0
8,Multiplication,830,571787000,3,int,0.514,0,0,3.0,0
5,Addition,830,688900,3,int,0.002,0,0,2.0,0
4,Transposition,830,688900,2,int,0.001,0,1,2.0,0
6,Determinant,830,571787000,1,int,0.162,0,0,3.0,0
2,Scaling,830,688900,2,int,0.001,0,1,2.0,0
8,Exponential,830,688900,2,mixed,0.003,0,1,2.0,0
7,Logarithm,830,688900,2,mixed,0.005,0,1,2.0,0
5,Squareroot,830,688900,2,mixed,0.002,0,1,2.0,0
6,Ludecomposition,830,190595666,3,int,0.192,0,0,3.0,0
5,Eigenvalue,830,68890000,2,mixed,0.003,1,1,2.0,0
6,Multiplication,840,592704000,3,int,0.584,0,0,3.0,0
7,Addition,840,705600,3,int,0.001,0,0,2.0,0
4,Transposition,840,705600,2,int,0.002,0,1,2.0,0
6,Determinant,840,592704000,1,int,0.144,0,0,3.0,0
5,Scaling,840,705600,2,int,0.002,0,1,2.0,0
5,Exponential,840,705600,2,mixed,0.004,0,1,2.0,0
8,Logarithm,840,705600,2,mixed,0.005,0,1,2.0,0
4,Squareroot,840,705600,2,mixed,0.002,0,1,2.0,0
6,Ludecomposition,840,197568000,3,int,0.184,0,0,3.0,0
6,Eigenvalue,840,70560000,2,mixed,0.003,1,1,2.0,0
8,Multiplication,850,614125000,3,int,0.581,0,0,3.0,0
6,Addition,850,722500,3,int,0.001,0,0,2.0,0
5,Transposition,850,722500,2,int,0.001,0,1,2.0,0
6,Determinant,850,614125000,1,int,0.155,0,0,3.0,0
4,Scaling,850,722500,2,int,0.001,0,1,2.0,0
7,Exponential,850,722500,2,mixed,0.003,0,1,2.0,0
8,Logarithm,850,722500,2,mixed,0.004,0,1,2.0,0
8,Squareroot,850,722500,2,mixed,0.001,0,1,2.0,0
6,Ludecomposition,850,204708333,3,int,0.191,0,0,3.0,0
7,Eigenvalue,850,72250000,2,mixed,0.004,1,1,2.0,0
6,Multiplication,860,636056000,3,int,0.574,0,0,3.0,0
7,Addition,860,739600,3,int,0.001,0,0,2.0,0
4,Transposition,860,739600,2,int,0.005,0,1,2.0,0
6,Determinant,860,636056000,1,int,0.156,0,0,3.0,0
3,Scaling,860,739600,2,int,0.002,0,1,2.0,0
8,Exponential,860,739600,2,mixed,0.003,0,1,2.0,0
7,Logarithm,860,739600,2,mixed,0.005,0,1,2.0,0
6,Squareroot,860,739600,2,mixed,0.002,0,1,2.0,0
6,Ludecomposition,860,212018666,3,int,0.196,0,0,3.0,0
6,Eigenvalue,860,73960000,2,mixed,0.003,1,1,2.0,0
8,Multiplication,870,658503000,3,int,0.593,0,0,3.0,0
3,Addition,870,756900,3,int,0.001,0,0,2.0,0
3,Transposition,870,756900,2,int,0.002,0,1,2.0,0
6,Determinant,870,658503000,1,int,0.158,0,0,3.0,0
3,Scaling,870,756900,2,int,0.002,0,1,2.0,0
8,Exponential,870,756900,2,mixed,0.004,0,1,2.0,0
8,Logarithm,870,756900,2,mixed,0.004,0,1,2.0,0
4,Squareroot,870,756900,2,mixed,0.003,0,1,2.0,0
6,Ludecomposition,870,219501000,3,int,0.204,0,0,3.0,0
6,Eigenvalue,870,75690000,2,mixed,0.004,1,1,2.0,0
6,Multiplication,880,681472000,3,int,0.639,0,0,3.0,0
5,Addition,880,774400,3,int,0.002,0,0,2.0,0
8,Transposition,880,774400,2,int,0.0,0,1,2.0,0
5,Determinant,880,681472000,1,int,0.18,0,0,3.0,0
3,Scaling,880,774400,2,int,0.001,0,1,2.0,0
8,Exponential,880,774400,2,mixed,0.004,0,1,2.0,0
8,Logarithm,880,774400,2,mixed,0.005,0,1,2.0,0
7,Squareroot,880,774400,2,mixed,0.002,0,1,2.0,0
6,Ludecomposition,880,227157333,3,int,0.211,0,0,3.0,0
5,Eigenvalue,880,77440000,2,mixed,0.004,1,1,2.0,0
6,Multiplication,890,704969000,3,int,0.667,0,0,3.0,0
3,Addition,890,792100,3,int,0.002,0,0,2.0,0
2,Transposition,890,792100,2,int,0.003,0,1,2.0,0
6,Determinant,890,704969000,1,int,0.173,0,0,3.0,0
2,Scaling,890,792100,2,int,0.001,0,1,2.0,0
8,Exponential,890,792100,2,mixed,0.004,0,1,2.0,0
8,Logarithm,890,792100,2,mixed,0.004,0,1,2.0,0
3,Squareroot,890,792100,2,mixed,0.004,0,1,2.0,0
6,Ludecomposition,890,234989666,3,int,0.219,0,0,3.0,0
4,Eigenvalue,890,79210000,2,mixed,0.004,1,1,2.0,0
6,Multiplication,900,729000000,3,int,0.631,0,0,3.0,0
3,Addition,900,810000,3,int,0.002,0,0,2.0,0
3,Transposition,900,810000,2,int,0.003,0,1,2.0,0
5,Determinant,900,729000000,1,int,0.19,0,0,3.0,0
8,Scaling,900,810000,2,int,0.001,0,1,2.0,0
7,Exponential,900,810000,2,mixed,0.004,0,1,2.0,0
8,Logarithm,900,810000,2,mixed,0.004,0,1,2.0,0
6,Squareroot,900,810000,2,mixed,0.002,0,1,2.0,0
6,Ludecomposition,900,243000000,3,int,0.225,0,0,3.0,0
7,Eigenvalue,900,81000000,2,mixed,0.005,1,1,2.0,0
6,Multiplication,910,753571000,3,int,0.697,0,0,3.0,0
5,Addition,910,828100,3,int,0.002,0,0,2.0,0
7,Transposition,910,828100,2,int,0.001,0,1,2.0,0
6,Determinant,910,753571000,1,int,0.202,0,0,3.0,0
6,Scaling,910,828100,2,int,0.001,0,1,2.0,0
7,Exponential,910,828100,2,mixed,0.005,0,1,2.0,0
8,Logarithm,910,828100,2,mixed,0.005,0,1,2.0,0
7,Squareroot,910,828100,2,mixed,0.002,0,1,2.0,0
6,Ludecomposition,910,251190333,3,int,0.241,0,0,3.0,0
5,Eigenvalue,910,82810000,2,mixed,0.004,1,1,2.0,0
6,Multiplication,920,778688000,3,int,0.6992499999999999,0,0,3.0,0
2,Addition,920,846400,3,int,0.002,0,0,2.0,0
2,Transposition,920,846400,2,int,0.002,0,1,2.0,0
5,Determinant,920,778688000,1,int,0.205,0,0,3.0,0
2,Scaling,920,846400,2,int,0.002,0,1,2.0,0
8,Exponential,920,846400,2,mixed,0.005,0,1,2.0,0
8,Logarithm,920,846400,2,mixed,0.005,0,1,2.0,0
7,Squareroot,920,846400,2,mixed,0.003,0,1,2.0,0
6,Ludecomposition,920,259562666,3,int,0.2,0,1,2.0,0
7,Multiplication,930,804357000,3,int,0.6992499999999999,0,0,3.0,0
3,Addition,930,864900,3,int,0.003,0,0,2.0,0
6,Transposition,930,864900,2,int,0.002,0,1,2.0,0
6,Determinant,930,804357000,1,int,0.199,0,0,3.0,0
8,Scaling,930,864900,2,int,0.001,0,1,2.0,0
7,Exponential,930,864900,2,mixed,0.004,0,1,2.0,0
8,Logarithm,930,864900,2,mixed,0.005,0,1,2.0,0
8,Squareroot,930,864900,2,mixed,0.003,0,1,2.0,0
6,Ludecomposition,930,268119000,3,int,0.327,0,0,3.0,0
6,Eigenvalue,930,86490000,2,mixed,0.004,1,1,2.0,0
6,Multiplication,930,804357000,3,int,0.6992499999999999,0,0,3.0,0
2,Addition,930,864900,3,int,0.002,0,0,2.0,0
2,Transposition,930,864900,2,int,0.005,0,1,2.0,0
6,Determinant,930,804357000,1,int,0.187,0,0,3.0,0
5,Scaling,930,864900,2,int,0.001,0,1,2.0,0
8,Exponential,930,864900,2,mixed,0.004,0,1,2.0,0
6,Squareroot,930,864900,2,mixed,0.003,0,1,2.0,0
6,Ludecomposition,930,268119000,3,int,0.284,0,0,3.0,0
8,Multiplication,940,804357000,3,int,0.6992499999999999,0,0,3.0,0
3,Addition,940,883600,3,int,0.002,0,0,2.0,0
4,Transposition,940,883600,2,int,0.005,0,1,2.0,0
5,Determinant,940,804357000,1,int,0.259,0,0,3.0,0
4,Scaling,940,883600,2,int,0.002,0,1,2.0,0
8,Exponential,940,883600,2,mixed,0.005,0,1,2.0,0
7,Logarithm,940,883600,2,mixed,0.006,0,1,2.0,0
8,Squareroot,940,883600,2,mixed,0.002,0,1,2.0,0
6,Ludecomposition,940,276861333,3,int,0.274,0,0,3.0,0
6,Eigenvalue,940,88360000,2,mixed,0.004,1,1,2.0,0
8,Multiplication,950,804357000,3,int,0.6992499999999999,0,0,3.0,0
5,Addition,950,902500,3,int,0.002,0,0,2.0,0
3,Transposition,950,902500,2,int,0.003,0,1,2.0,0
6,Determinant,950,804357000,1,int,0.194,0,0,3.0,0
6,Scaling,950,902500,2,int,0.002,0,1,2.0,0
5,Exponential,950,902500,2,mixed,0.007,0,1,2.0,0
8,Logarithm,950,902500,2,mixed,0.005,0,1,2.0,0
8,Squareroot,950,902500,2,mixed,0.002,0,1,2.0,0
5,Ludecomposition,950,285791666,3,int,0.338,0,0,3.0,0
6,Eigenvalue,950,90250000,2,mixed,0.004,1,1,2.0,0
8,Multiplication,960,804357000,3,int,0.6992499999999999,0,0,3.0,0
5,Addition,960,921600,3,int,0.002,0,0,2.0,0
3,Transposition,960,921600,2,int,0.002,0,1,2.0,0
6,Determinant,960,804357000,1,int,0.212,0,0,3.0,0
5,Scaling,960,921600,2,int,0.001,0,1,2.0,0
8,Exponential,960,921600,2,mixed,0.003,0,1,2.0,0
8,Logarithm,960,921600,2,mixed,0.005,0,1,2.0,0
3,Squareroot,960,921600,2,mixed,0.005,0,1,2.0,0
6,Ludecomposition,960,294912000,3,int,0.37,0,0,3.0,0
6,Eigenvalue,960,92160000,2,mixed,0.004,1,1,2.0,0
7,Multiplication,970,804357000,3,int,0.6992499999999999,0,0,3.0,0
3,Addition,970,940900,3,int,0.003,0,0,2.0,0
1,Transposition,970,940900,2,int,0.004,0,1,2.0,0
6,Determinant,970,804357000,1,int,0.225,0,0,3.0,0
8,Scaling,970,940900,2,int,0.002,0,1,2.0,0
7,Exponential,970,940900,2,mixed,0.004,0,1,2.0,0
8,Logarithm,970,940900,2,mixed,0.005,0,1,2.0,0
3,Squareroot,970,940900,2,mixed,0.005,0,1,2.0,0
6,Ludecomposition,970,304224333,3,int,0.269,0,0,3.0,0
7,Eigenvalue,970,94090000,2,mixed,0.005,1,1,2.0,0
7,Multiplication,980,804357000,3,int,0.6992499999999999,0,0,3.0,0
6,Addition,980,960400,3,int,0.003,0,0,2.0,0
7,Transposition,980,960400,2,int,0.002,0,1,2.0,0
6,Determinant,980,804357000,1,int,0.233,0,0,3.0,0
7,Scaling,980,960400,2,int,0.002,0,1,2.0,0
8,Exponential,980,960400,2,mixed,0.005,0,1,2.0,0
7,Logarithm,980,960400,2,mixed,0.006,0,1,2.0,0
5,Squareroot,980,960400,2,mixed,0.003,0,1,2.0,0
6,Ludecomposition,980,313730666,3,int,0.288,0,0,3.0,0
5,Eigenvalue,980,96040000,2,mixed,0.004,1,1,2.0,0
8,Multiplication,990,804357000,3,int,0.6992499999999999,0,0,3.0,0
2,Addition,990,980100,3,int,0.002,0,0,2.0,0
3,Transposition,990,980100,2,int,0.002,0,1,2.0,0
6,Determinant,990,804357000,1,int,0.224,0,0,3.0,0
3,Scaling,990,980100,2,int,0.002,0,1,2.0,0
7,Exponential,990,980100,2,mixed,0.005,0,1,2.0,0
8,Logarithm,990,980100,2,mixed,0.006,0,1,2.0,0
8,Squareroot,990,980100,2,mixed,0.003,0,1,2.0,0
6,Ludecomposition,990,323433000,3,int,0.286,0,0,3.0,0
6,Eigenvalue,990,98010000,2,mixed,0.004,1,1,2.0,0
8,Multiplication,990,804357000,3,int,0.6992499999999999,0,0,3.0,0
7,Addition,990,1000000,3,int,0.003,0,0,2.0,0
4,Transposition,990,1000000,2,int,0.002,0,1,2.0,0
6,Determinant,990,804357000,1,int,0.238,0,0,3.0,0
3,Scaling,990,1000000,2,int,0.002,0,1,2.0,0
6,Exponential,990,1000000,2,mixed,0.008,0,1,2.0,0
6,Logarithm,990,1000000,2,mixed,0.007,0,1,2.0,0
4,Squareroot,990,1000000,2,mixed,0.004,0,1,2.0,0
6,Ludecomposition,990,333333333,3,int,0.308,0,0,3.0,0
8,Eigenvalue,990,100000000,2,mixed,0.005,1,1,2.0,0
6,Multiplication,100,1000000,3,int,0.002,0,0,3.0,1
1,Addition,100,10000,3,int,0.0,0,0,2.0,1
1,Transposition,100,10000,2,int,0.0,0,1,2.0,1
1,Determinant,100,1000000,1,int,0.001,0,0,3.0,1
1,Scaling,100,10000,2,int,0.0,0,1,2.0,1
1,Exponential,100,10000,2,mixed,0.0,0,1,2.0,1
2,Logarithm,100,10000,2,mixed,0.0,0,1,2.0,1
1,Squareroot,100,10000,2,mixed,0.0,0,1,2.0,1
1,Ludecomposition,100,333333,3,int,0.002,0,0,3.0,1
2,Eigenvalue,100,1000000,2,mixed,0.001,1,1,2.0,1
8,Multiplication,110,1331000,3,int,0.002,0,0,3.0,1
1,Addition,110,12100,3,int,0.0,0,0,2.0,1
1,Transposition,110,12100,2,int,0.0,0,1,2.0,1
1,Determinant,110,1331000,1,int,0.002,0,0,3.0,1
1,Scaling,110,12100,2,int,0.0,0,1,2.0,1
1,Exponential,110,12100,2,mixed,0.0,0,1,2.0,1
2,Logarithm,110,12100,2,mixed,0.0,0,1,2.0,1
1,Squareroot,110,12100,2,mixed,0.001,0,1,2.0,1
1,Ludecomposition,110,443666,3,int,0.002,0,0,3.0,1
4,Eigenvalue,110,1210000,2,mixed,0.001,1,1,2.0,1
8,Multiplication,120,1728000,3,int,0.002,0,0,3.0,1
1,Addition,120,14400,3,int,0.0,0,0,2.0,1
1,Transposition,120,14400,2,int,0.0,0,1,2.0,1
1,Determinant,120,1728000,1,int,0.002,0,0,3.0,1
2,Scaling,120,14400,2,int,0.0,0,1,2.0,1
2,Exponential,120,14400,2,mixed,0.001,0,1,2.0,1
1,Logarithm,120,14400,2,mixed,0.001,0,1,2.0,1
1,Squareroot,120,14400,2,mixed,0.001,0,1,2.0,1
1,Ludecomposition,120,576000,3,int,0.003,0,0,3.0,1
3,Eigenvalue,120,1440000,2,mixed,0.001,1,1,2.0,1
6,Multiplication,130,2197000,3,int,0.003,0,0,3.0,1
1,Addition,130,16900,3,int,0.0,0,0,2.0,1
1,Transposition,130,16900,2,int,0.0,0,1,2.0,1
1,Determinant,130,2197000,1,int,0.002,0,0,3.0,1
1,Scaling,130,16900,2,int,0.0,0,1,2.0,1
1,Exponential,130,16900,2,mixed,0.001,0,1,2.0,1
1,Logarithm,130,16900,2,mixed,0.0,0,1,2.0,1
1,Squareroot,130,16900,2,mixed,0.0,0,1,2.0,1
1,Ludecomposition,130,732333,3,int,0.004,0,0,3.0,1
3,Eigenvalue,130,1690000,2,mixed,0.0,1,1,2.0,1
4,Multiplication,140,2744000,3,int,0.005,0,0,3.0,1
1,Addition,140,19600,3,int,0.0,0,0,2.0,1
2,Transposition,140,19600,2,int,0.0,0,1,2.0,1
1,Determinant,140,2744000,1,int,0.004,0,0,3.0,1
2,Scaling,140,19600,2,int,0.0,0,1,2.0,1
2,Exponential,140,19600,2,mixed,0.001,0,1,2.0,1
1,Logarithm,140,19600,2,mixed,0.001,0,1,2.0,1
2,Squareroot,140,19600,2,mixed,0.0,0,1,2.0,1
2,Ludecomposition,140,914666,3,int,0.005,0,0,3.0,1
2,Eigenvalue,140,1960000,2,mixed,0.001,1,1,2.0,1
5,Multiplication,150,3375000,3,int,0.004,0,0,3.0,1
1,Addition,150,22500,3,int,0.0,0,0,2.0,1
1,Transposition,150,22500,2,int,0.0,0,1,2.0,1
1,Determinant,150,3375000,1,int,0.004,0,0,3.0,1
1,Scaling,150,22500,2,int,0.0,0,1,2.0,1
2,Exponential,150,22500,2,mixed,0.001,0,1,2.0,1
2,Logarithm,150,22500,2,mixed,0.0,0,1,2.0,1
2,Squareroot,150,22500,2,mixed,0.001,0,1,2.0,1
1,Ludecomposition,150,1125000,3,int,0.005,0,0,3.0,1
2,Eigenvalue,150,2250000,2,mixed,0.001,1,1,2.0,1
5,Multiplication,160,4096000,3,int,0.004,0,0,3.0,1
1,Addition,160,25600,3,int,0.0,0,0,2.0,1
1,Transposition,160,25600,2,int,0.0,0,1,2.0,1
1,Determinant,160,4096000,1,int,0.005,0,0,3.0,1
1,Scaling,160,25600,2,int,0.0,0,1,2.0,1
1,Exponential,160,25600,2,mixed,0.0,0,1,2.0,1
4,Logarithm,160,25600,2,mixed,0.0,0,1,2.0,1
2,Squareroot,160,25600,2,mixed,0.001,0,1,2.0,1
1,Ludecomposition,160,1365333,3,int,0.007,0,0,3.0,1
3,Eigenvalue,160,2560000,2,mixed,0.001,1,1,2.0,1
6,Multiplication,170,4913000,3,int,0.007,0,0,3.0,1
1,Addition,170,28900,3,int,0.0,0,0,2.0,1
1,Transposition,170,28900,2,int,0.0,0,1,2.0,1
1,Determinant,170,4913000,1,int,0.005,0,0,3.0,1
1,Scaling,170,28900,2,int,0.001,0,1,2.0,1
1,Exponential,170,28900,2,mixed,0.001,0,1,2.0,1
3,Logarithm,170,28900,2,mixed,0.001,0,1,2.0,1
1,Squareroot,170,28900,2,mixed,0.0,0,1,2.0,1
3,Ludecomposition,170,1637666,3,int,0.007,0,0,3.0,1
2,Eigenvalue,170,2890000,2,mixed,0.001,1,1,2.0,1
6,Multiplication,180,5832000,3,int,0.008,0,0,3.0,1
1,Addition,180,32400,3,int,0.0,0,0,2.0,1
2,Transposition,180,32400,2,int,0.0,0,1,2.0,1
1,Determinant,180,5832000,1,int,0.006,0,0,3.0,1
1,Scaling,180,32400,2,int,0.0,0,1,2.0,1
2,Exponential,180,32400,2,mixed,0.0,0,1,2.0,1
4,Logarithm,180,32400,2,mixed,0.001,0,1,2.0,1
1,Squareroot,180,32400,2,mixed,0.0,0,1,2.0,1
2,Ludecomposition,180,1944000,3,int,0.009,0,0,3.0,1
2,Eigenvalue,180,3240000,2,mixed,0.001,1,1,2.0,1
6,Multiplication,190,6859000,3,int,0.01,0,0,3.0,1
1,Addition,190,36100,3,int,0.0,0,0,2.0,1
1,Transposition,190,36100,2,int,0.0,0,1,2.0,1
1,Determinant,190,6859000,1,int,0.007,0,0,3.0,1
1,Scaling,190,36100,2,int,0.0,0,1,2.0,1
2,Exponential,190,36100,2,mixed,0.001,0,1,2.0,1
4,Logarithm,190,36100,2,mixed,0.001,0,1,2.0,1
1,Squareroot,190,36100,2,mixed,0.0,0,1,2.0,1
6,Ludecomposition,190,2286333,3,int,0.01,0,0,3.0,1
1,Eigenvalue,190,3610000,2,mixed,0.001,1,1,2.0,1
6,Multiplication,200,8000000,3,int,0.012,0,0,3.0,1
1,Addition,200,40000,3,int,0.0,0,0,2.0,1
2,Transposition,200,40000,2,int,0.0,0,1,2.0,1
1,Determinant,200,8000000,1,int,0.009,0,0,3.0,1
2,Scaling,200,40000,2,int,0.0,0,1,2.0,1
2,Exponential,200,40000,2,mixed,0.001,0,1,2.0,1
4,Logarithm,200,40000,2,mixed,0.001,0,1,2.0,1
2,Squareroot,200,40000,2,mixed,0.001,0,1,2.0,1
4,Ludecomposition,200,2666666,3,int,0.01,0,0,3.0,1
2,Eigenvalue,200,4000000,2,mixed,0.001,1,1,2.0,1
5,Multiplication,210,9261000,3,int,0.014,0,0,3.0,1
1,Addition,210,44100,3,int,0.0,0,0,2.0,1
1,Transposition,210,44100,2,int,0.001,0,1,2.0,1
1,Determinant,210,9261000,1,int,0.01,0,0,3.0,1
1,Scaling,210,44100,2,int,0.0,0,1,2.0,1
2,Exponential,210,44100,2,mixed,0.001,0,1,2.0,1
4,Logarithm,210,44100,2,mixed,0.0,0,1,2.0,1
1,Squareroot,210,44100,2,mixed,0.001,0,1,2.0,1
5,Ludecomposition,210,3087000,3,int,0.011,0,0,3.0,1
2,Eigenvalue,210,4410000,2,mixed,0.0,1,1,2.0,1
6,Multiplication,220,10648000,3,int,0.015,0,0,3.0,1
2,Addition,220,48400,3,int,0.0,0,0,2.0,1
1,Transposition,220,48400,2,int,0.0,0,1,2.0,1
5,Determinant,220,10648000,1,int,0.011,0,0,3.0,1
1,Scaling,220,48400,2,int,0.0,0,1,2.0,1
3,Exponential,220,48400,2,mixed,0.0,0,1,2.0,1
4,Logarithm,220,48400,2,mixed,0.001,0,1,2.0,1
2,Squareroot,220,48400,2,mixed,0.001,0,1,2.0,1
5,Ludecomposition,220,3549333,3,int,0.011,0,0,3.0,1
8,Eigenvalue,220,4840000,2,mixed,0.001,1,1,2.0,1
6,Multiplication,230,12167000,3,int,0.015,0,0,3.0,1
2,Addition,230,52900,3,int,0.0,0,0,2.0,1
1,Transposition,230,52900,2,int,0.0,0,1,2.0,1
4,Determinant,230,12167000,1,int,0.011,0,0,3.0,1
1,Scaling,230,52900,2,int,0.0,0,1,2.0,1
3,Exponential,230,52900,2,mixed,0.001,0,1,2.0,1
6,Logarithm,230,52900,2,mixed,0.0,0,1,2.0,1
2,Squareroot,230,52900,2,mixed,0.001,0,1,2.0,1
4,Ludecomposition,230,4055666,3,int,0.013,0,0,3.0,1
8,Eigenvalue,230,5290000,2,mixed,0.001,1,1,2.0,1
6,Multiplication,240,13824000,3,int,0.018,0,0,3.0,1
2,Addition,240,57600,3,int,0.001,0,0,2.0,1
1,Transposition,240,57600,2,int,0.0,0,1,2.0,1
4,Determinant,240,13824000,1,int,0.011,0,0,3.0,1
1,Scaling,240,57600,2,int,0.0,0,1,2.0,1
2,Exponential,240,57600,2,mixed,0.001,0,1,2.0,1
4,Logarithm,240,57600,2,mixed,0.0,0,1,2.0,1
2,Squareroot,240,57600,2,mixed,0.001,0,1,2.0,1
4,Ludecomposition,240,4608000,3,int,0.013,0,0,3.0,1
1,Eigenvalue,240,5760000,2,mixed,0.001,1,1,2.0,1
6,Multiplication,250,15625000,3,int,0.013,0,0,3.0,1
1,Addition,250,62500,3,int,0.0,0,0,2.0,1
2,Transposition,250,62500,2,int,0.0,0,1,2.0,1
3,Determinant,250,15625000,1,int,0.013,0,0,3.0,1
1,Scaling,250,62500,2,int,0.0,0,1,2.0,1
3,Exponential,250,62500,2,mixed,0.001,0,1,2.0,1
6,Logarithm,250,62500,2,mixed,0.001,0,1,2.0,1
2,Squareroot,250,62500,2,mixed,0.001,0,1,2.0,1
5,Ludecomposition,250,5208333,3,int,0.014,0,0,3.0,1
3,Eigenvalue,250,6250000,2,mixed,0.001,1,1,2.0,1
6,Multiplication,260,17576000,3,int,0.015,0,0,3.0,1
1,Addition,260,67600,3,int,0.0,0,0,2.0,1
1,Transposition,260,67600,2,int,0.0,0,1,2.0,1
3,Determinant,260,17576000,1,int,0.015,0,0,3.0,1
1,Scaling,260,67600,2,int,0.0,0,1,2.0,1
5,Exponential,260,67600,2,mixed,0.0,0,1,2.0,1
8,Logarithm,260,67600,2,mixed,0.001,0,1,2.0,1
1,Squareroot,260,67600,2,mixed,0.001,0,1,2.0,1
5,Ludecomposition,260,5858666,3,int,0.016,0,0,3.0,1
6,Eigenvalue,260,6760000,2,mixed,0.0,1,1,2.0,1
6,Multiplication,270,19683000,3,int,0.028,0,0,3.0,1
2,Addition,270,72900,3,int,0.0,0,0,2.0,1
2,Transposition,270,72900,2,int,0.0,0,1,2.0,1
6,Determinant,270,19683000,1,int,0.015,0,0,3.0,1
2,Scaling,270,72900,2,int,0.0,0,1,2.0,1
2,Exponential,270,72900,2,mixed,0.001,0,1,2.0,1
6,Logarithm,270,72900,2,mixed,0.0,0,1,2.0,1
3,Squareroot,270,72900,2,mixed,0.0,0,1,2.0,1
5,Ludecomposition,270,6561000,3,int,0.017,0,0,3.0,1
2,Eigenvalue,270,7290000,2,mixed,0.001,1,1,2.0,1
6,Multiplication,280,21952000,3,int,0.029,0,0,3.0,1
1,Addition,280,78400,3,int,0.001,0,0,2.0,1
1,Transposition,280,78400,2,int,0.001,0,1,2.0,1
5,Determinant,280,21952000,1,int,0.015,0,0,3.0,1
1,Scaling,280,78400,2,int,0.0,0,1,2.0,1
4,Exponential,280,78400,2,mixed,0.0,0,1,2.0,1
8,Logarithm,280,78400,2,mixed,0.001,0,1,2.0,1
3,Squareroot,280,78400,2,mixed,0.0,0,1,2.0,1
5,Ludecomposition,280,7317333,3,int,0.017,0,0,3.0,1
4,Eigenvalue,280,7840000,2,mixed,0.001,1,1,2.0,1
6,Multiplication,290,24389000,3,int,0.033,0,0,3.0,1
2,Addition,290,84100,3,int,0.0,0,0,2.0,1
2,Transposition,290,84100,2,int,0.0,0,1,2.0,1
5,Determinant,290,24389000,1,int,0.017,0,0,3.0,1
2,Scaling,290,84100,2,int,0.0,0,1,2.0,1
2,Exponential,290,84100,2,mixed,0.001,0,1,2.0,1
5,Logarithm,290,84100,2,mixed,0.001,0,1,2.0,1
5,Squareroot,290,84100,2,mixed,0.0,0,1,2.0,1
5,Ludecomposition,290,8129666,3,int,0.022,0,0,3.0,1
3,Eigenvalue,290,8410000,2,mixed,0.001,1,1,2.0,1
6,Multiplication,300,27000000,3,int,0.03,0,0,3.0,1
2,Addition,300,90000,3,int,0.0,0,0,2.0,1
1,Transposition,300,90000,2,int,0.0,0,1,2.0,1
5,Determinant,300,27000000,1,int,0.018,0,0,3.0,1
1,Scaling,300,90000,2,int,0.0,0,1,2.0,1
5,Exponential,300,90000,2,mixed,0.0,0,1,2.0,1
3,Logarithm,300,90000,2,mixed,0.001,0,1,2.0,1
3,Squareroot,300,90000,2,mixed,0.001,0,1,2.0,1
6,Ludecomposition,300,9000000,3,int,0.019,0,0,3.0,1
3,Eigenvalue,300,9000000,2,mixed,0.001,1,1,2.0,1
5,Multiplication,310,29791000,3,int,0.031,0,0,3.0,1
1,Addition,310,96100,3,int,0.0,0,0,2.0,1
2,Transposition,310,96100,2,int,0.0,0,1,2.0,1
6,Determinant,310,29791000,1,int,0.018,0,0,3.0,1
2,Scaling,310,96100,2,int,0.001,0,1,2.0,1
3,Exponential,310,96100,2,mixed,0.001,0,1,2.0,1
5,Logarithm,310,96100,2,mixed,0.001,0,1,2.0,1
2,Squareroot,310,96100,2,mixed,0.001,0,1,2.0,1
6,Ludecomposition,310,9930333,3,int,0.021,0,0,3.0,1
5,Eigenvalue,310,9610000,2,mixed,0.0,1,1,2.0,1
6,Multiplication,320,32768000,3,int,0.035,0,0,3.0,1
3,Addition,320,102400,3,int,0.0,0,0,2.0,1
2,Transposition,320,102400,2,int,0.0,0,1,2.0,1
5,Determinant,320,32768000,1,int,0.019,0,0,3.0,1
2,Scaling,320,102400,2,int,0.001,0,1,2.0,1
7,Exponential,320,102400,2,mixed,0.0,0,1,2.0,1
8,Logarithm,320,102400,2,mixed,0.0,0,1,2.0,1
4,Squareroot,320,102400,2,mixed,0.001,0,1,2.0,1
5,Ludecomposition,320,10922666,3,int,0.023,0,0,3.0,1
4,Eigenvalue,320,10240000,2,mixed,0.001,1,1,2.0,1
6,Multiplication,330,35937000,3,int,0.035,0,0,3.0,1
4,Addition,330,108900,3,int,0.001,0,0,2.0,1
2,Transposition,330,108900,2,int,0.001,0,1,2.0,1
6,Determinant,330,35937000,1,int,0.02,0,0,3.0,1
2,Scaling,330,108900,2,int,0.0,0,1,2.0,1
6,Exponential,330,108900,2,mixed,0.0,0,1,2.0,1
5,Logarithm,330,108900,2,mixed,0.001,0,1,2.0,1
5,Squareroot,330,108900,2,mixed,0.001,0,1,2.0,1
6,Ludecomposition,330,11979000,3,int,0.023,0,0,3.0,1
7,Eigenvalue,330,10890000,2,mixed,0.001,1,1,2.0,1
6,Multiplication,330,35937000,3,int,0.043,0,0,3.0,1
2,Addition,330,108900,3,int,0.0,0,0,2.0,1
1,Transposition,330,108900,2,int,0.0,0,1,2.0,1
5,Determinant,330,35937000,1,int,0.021,0,0,3.0,1
1,Scaling,330,108900,2,int,0.001,0,1,2.0,1
7,Exponential,330,108900,2,mixed,0.001,0,1,2.0,1
6,Logarithm,330,108900,2,mixed,0.001,0,1,2.0,1
6,Squareroot,330,108900,2,mixed,0.0,0,1,2.0,1
5,Ludecomposition,330,11979000,3,int,0.024,0,0,3.0,1
6,Eigenvalue,330,10890000,2,mixed,0.001,1,1,2.0,1
6,Multiplication,340,39304000,3,int,0.046,0,0,3.0,1
2,Addition,340,115600,3,int,0.0,0,0,2.0,1
2,Transposition,340,115600,2,int,0.0,0,1,2.0,1
6,Determinant,340,39304000,1,int,0.023,0,0,3.0,1
2,Scaling,340,115600,2,int,0.0,0,1,2.0,1
6,Exponential,340,115600,2,mixed,0.001,0,1,2.0,1
5,Logarithm,340,115600,2,mixed,0.001,0,1,2.0,1
4,Squareroot,340,115600,2,mixed,0.001,0,1,2.0,1
5,Ludecomposition,340,13101333,3,int,0.026,0,0,3.0,1
2,Eigenvalue,340,11560000,2,mixed,0.002,1,1,2.0,1
6,Multiplication,350,42875000,3,int,0.041,0,0,3.0,1
1,Addition,350,122500,3,int,0.001,0,0,2.0,1
2,Transposition,350,122500,2,int,0.001,0,1,2.0,1
6,Determinant,350,42875000,1,int,0.023,0,0,3.0,1
1,Scaling,350,122500,2,int,0.0,0,1,2.0,1
8,Exponential,350,122500,2,mixed,0.001,0,1,2.0,1
5,Logarithm,350,122500,2,mixed,0.002,0,1,2.0,1
5,Squareroot,350,122500,2,mixed,0.001,0,1,2.0,1
6,Ludecomposition,350,14291666,3,int,0.031,0,0,3.0,1
6,Eigenvalue,350,12250000,2,mixed,0.001,1,1,2.0,1
8,Multiplication,360,46656000,3,int,0.05,0,0,3.0,1
2,Addition,360,129600,3,int,0.001,0,0,2.0,1
2,Transposition,360,129600,2,int,0.0,0,1,2.0,1
4,Determinant,360,46656000,1,int,0.026,0,0,3.0,1
1,Scaling,360,129600,2,int,0.0,0,1,2.0,1
7,Exponential,360,129600,2,mixed,0.0,0,1,2.0,1
7,Logarithm,360,129600,2,mixed,0.001,0,1,2.0,1
7,Squareroot,360,129600,2,mixed,0.0,0,1,2.0,1
5,Ludecomposition,360,15552000,3,int,0.038,0,0,3.0,1
2,Eigenvalue,360,12960000,2,mixed,0.002,1,1,2.0,1
8,Multiplication,370,50653000,3,int,0.051,0,0,3.0,1
1,Addition,370,136900,3,int,0.001,0,0,2.0,1
1,Transposition,370,136900,2,int,0.001,0,1,2.0,1
5,Determinant,370,50653000,1,int,0.028,0,0,3.0,1
2,Scaling,370,136900,2,int,0.001,0,1,2.0,1
3,Exponential,370,136900,2,mixed,0.001,0,1,2.0,1
4,Logarithm,370,136900,2,mixed,0.001,0,1,2.0,1
7,Squareroot,370,136900,2,mixed,0.0,0,1,2.0,1
5,Ludecomposition,370,16884333,3,int,0.031,0,0,3.0,1
5,Eigenvalue,370,13690000,2,mixed,0.001,1,1,2.0,1
6,Multiplication,380,54872000,3,int,0.074,0,0,3.0,1
5,Addition,380,144400,3,int,0.001,0,0,2.0,1
4,Transposition,380,144400,2,int,0.0,0,1,2.0,1
5,Determinant,380,54872000,1,int,0.036,0,0,3.0,1
1,Scaling,380,144400,2,int,0.0,0,1,2.0,1
4,Exponential,380,144400,2,mixed,0.001,0,1,2.0,1
7,Logarithm,380,144400,2,mixed,0.001,0,1,2.0,1
5,Squareroot,380,144400,2,mixed,0.001,0,1,2.0,1
6,Ludecomposition,380,18290666,3,int,0.042,0,0,3.0,1
3,Eigenvalue,380,14440000,2,mixed,0.001,1,1,2.0,1
8,Multiplication,390,59319000,3,int,0.06,0,0,3.0,1
2,Addition,390,152100,3,int,0.001,0,0,2.0,1
4,Transposition,390,152100,2,int,0.001,0,1,2.0,1
4,Determinant,390,59319000,1,int,0.035,0,0,3.0,1
2,Scaling,390,152100,2,int,0.0,0,1,2.0,1
7,Exponential,390,152100,2,mixed,0.001,0,1,2.0,1
7,Logarithm,390,152100,2,mixed,0.001,0,1,2.0,1
7,Squareroot,390,152100,2,mixed,0.001,0,1,2.0,1
5,Ludecomposition,390,19773000,3,int,0.036,0,0,3.0,1
5,Eigenvalue,390,15210000,2,mixed,0.001,1,1,2.0,1
8,Multiplication,400,64000000,3,int,0.069,0,0,3.0,1
3,Addition,400,160000,3,int,0.001,0,0,2.0,1
4,Transposition,400,160000,2,int,0.0,0,1,2.0,1
4,Determinant,400,64000000,1,int,0.036,0,0,3.0,1
1,Scaling,400,160000,2,int,0.001,0,1,2.0,1
7,Exponential,400,160000,2,mixed,0.001,0,1,2.0,1
6,Logarithm,400,160000,2,mixed,0.002,0,1,2.0,1
5,Squareroot,400,160000,2,mixed,0.001,0,1,2.0,1
4,Ludecomposition,400,21333333,3,int,0.05,0,0,3.0,1
4,Eigenvalue,400,16000000,2,mixed,0.002,1,1,2.0,1
6,Multiplication,410,68921000,3,int,0.072,0,0,3.0,1
2,Addition,410,168100,3,int,0.001,0,0,2.0,1
3,Transposition,410,168100,2,int,0.001,0,1,2.0,1
5,Determinant,410,68921000,1,int,0.032,0,0,3.0,1
1,Scaling,410,168100,2,int,0.001,0,1,2.0,1
5,Exponential,410,168100,2,mixed,0.001,0,1,2.0,1
6,Logarithm,410,168100,2,mixed,0.002,0,1,2.0,1
8,Squareroot,410,168100,2,mixed,0.0,0,1,2.0,1
6,Ludecomposition,410,22973666,3,int,0.037,0,0,3.0,1
4,Eigenvalue,410,16810000,2,mixed,0.001,1,1,2.0,1
6,Multiplication,420,74088000,3,int,0.076,0,0,3.0,1
1,Addition,420,176400,3,int,0.001,0,0,2.0,1
2,Transposition,420,176400,2,int,0.0,0,1,2.0,1
6,Determinant,420,74088000,1,int,0.033,0,0,3.0,1
1,Scaling,420,176400,2,int,0.001,0,1,2.0,1
7,Exponential,420,176400,2,mixed,0.001,0,1,2.0,1
6,Logarithm,420,176400,2,mixed,0.001,0,1,2.0,1
6,Squareroot,420,176400,2,mixed,0.0,0,1,2.0,1
5,Ludecomposition,420,24696000,3,int,0.039,0,0,3.0,1
3,Eigenvalue,420,17640000,2,mixed,0.002,1,1,2.0,1
6,Multiplication,430,79507000,3,int,0.086,0,0,3.0,1
2,Addition,430,184900,3,int,0.0,0,0,2.0,1
2,Transposition,430,184900,2,int,0.0,0,1,2.0,1
6,Determinant,430,79507000,1,int,0.035,0,0,3.0,1
2,Scaling,430,184900,2,int,0.0,0,1,2.0,1
3,Exponential,430,184900,2,mixed,0.001,0,1,2.0,1
8,Logarithm,430,184900,2,mixed,0.002,0,1,2.0,1
8,Squareroot,430,184900,2,mixed,0.001,0,1,2.0,1
6,Ludecomposition,430,26502333,3,int,0.039,0,0,3.0,1
5,Eigenvalue,430,18490000,2,mixed,0.001,1,1,2.0,1
7,Multiplication,440,85184000,3,int,0.098,0,0,3.0,1
2,Addition,440,193600,3,int,0.0,0,0,2.0,1
2,Transposition,440,193600,2,int,0.001,0,1,2.0,1
6,Determinant,440,85184000,1,int,0.037,0,0,3.0,1
2,Scaling,440,193600,2,int,0.0,0,1,2.0,1
6,Exponential,440,193600,2,mixed,0.001,0,1,2.0,1
7,Logarithm,440,193600,2,mixed,0.002,0,1,2.0,1
7,Squareroot,440,193600,2,mixed,0.001,0,1,2.0,1
6,Ludecomposition,440,28394666,3,int,0.044,0,0,3.0,1
4,Eigenvalue,440,19360000,2,mixed,0.004,1,1,2.0,1
8,Multiplication,450,91125000,3,int,0.089,0,0,3.0,1
3,Addition,450,202500,3,int,0.001,0,0,2.0,1
3,Transposition,450,202500,2,int,0.0,0,1,2.0,1
6,Determinant,450,91125000,1,int,0.037,0,0,3.0,1
2,Scaling,450,202500,2,int,0.0,0,1,2.0,1
8,Exponential,450,202500,2,mixed,0.0,0,1,2.0,1
7,Logarithm,450,202500,2,mixed,0.002,0,1,2.0,1
8,Squareroot,450,202500,2,mixed,0.0,0,1,2.0,1
6,Ludecomposition,450,30375000,3,int,0.049,0,0,3.0,1
6,Eigenvalue,450,20250000,2,mixed,0.002,1,1,2.0,1
6,Multiplication,460,97336000,3,int,0.109,0,0,3.0,1
2,Addition,460,211600,3,int,0.001,0,0,2.0,1
2,Transposition,460,211600,2,int,0.0,0,1,2.0,1
6,Determinant,460,97336000,1,int,0.038,0,0,3.0,1
1,Scaling,460,211600,2,int,0.0,0,1,2.0,1
4,Exponential,460,211600,2,mixed,0.001,0,1,2.0,1
6,Logarithm,460,211600,2,mixed,0.001,0,1,2.0,1
7,Squareroot,460,211600,2,mixed,0.001,0,1,2.0,1
6,Ludecomposition,460,32445333,3,int,0.05,0,0,3.0,1
6,Eigenvalue,460,21160000,2,mixed,0.001,1,1,2.0,1
6,Multiplication,470,103823000,3,int,0.106,0,0,3.0,1
5,Addition,470,220900,3,int,0.0,0,0,2.0,1
2,Transposition,470,220900,2,int,0.001,0,1,2.0,1
6,Determinant,470,103823000,1,int,0.041,0,0,3.0,1
2,Scaling,470,220900,2,int,0.0,0,1,2.0,1
3,Exponential,470,220900,2,mixed,0.001,0,1,2.0,1
6,Logarithm,470,220900,2,mixed,0.002,0,1,2.0,1
7,Squareroot,470,220900,2,mixed,0.001,0,1,2.0,1
6,Ludecomposition,470,34607666,3,int,0.048,0,0,3.0,1
4,Eigenvalue,470,22090000,2,mixed,0.002,1,1,2.0,1
6,Multiplication,480,110592000,3,int,0.12,0,0,3.0,1
3,Addition,480,230400,3,int,0.0,0,0,2.0,1
4,Transposition,480,230400,2,int,0.001,0,1,2.0,1
6,Determinant,480,110592000,1,int,0.042,0,0,3.0,1
2,Scaling,480,230400,2,int,0.001,0,1,2.0,1
3,Exponential,480,230400,2,mixed,0.001,0,1,2.0,1
6,Logarithm,480,230400,2,mixed,0.002,0,1,2.0,1
3,Squareroot,480,230400,2,mixed,0.001,0,1,2.0,1
6,Ludecomposition,480,36864000,3,int,0.05,0,0,3.0,1
8,Eigenvalue,480,23040000,2,mixed,0.002,1,1,2.0,1
6,Multiplication,490,117649000,3,int,0.115,0,0,3.0,1
4,Addition,490,240100,3,int,0.0,0,0,2.0,1
7,Transposition,490,240100,2,int,0.0,0,1,2.0,1
5,Determinant,490,117649000,1,int,0.047,0,0,3.0,1
1,Scaling,490,240100,2,int,0.001,0,1,2.0,1
6,Exponential,490,240100,2,mixed,0.001,0,1,2.0,1
7,Logarithm,490,240100,2,mixed,0.002,0,1,2.0,1
8,Squareroot,490,240100,2,mixed,0.0,0,1,2.0,1
5,Ludecomposition,490,39216333,3,int,0.057,0,0,3.0,1
6,Eigenvalue,490,24010000,2,mixed,0.002,1,1,2.0,1
6,Multiplication,500,125000000,3,int,0.141,0,0,3.0,1
3,Addition,500,250000,3,int,0.0,0,0,2.0,1
2,Transposition,500,250000,2,int,0.001,0,1,2.0,1
6,Determinant,500,125000000,1,int,0.048,0,0,3.0,1
1,Scaling,500,250000,2,int,0.001,0,1,2.0,1
7,Exponential,500,250000,2,mixed,0.001,0,1,2.0,1
6,Logarithm,500,250000,2,mixed,0.002,0,1,2.0,1
7,Squareroot,500,250000,2,mixed,0.001,0,1,2.0,1
6,Ludecomposition,500,41666666,3,int,0.056,0,0,3.0,1
8,Eigenvalue,500,25000000,2,mixed,0.002,1,1,2.0,1
6,Multiplication,510,132651000,3,int,0.136,0,0,3.0,1
3,Addition,510,260100,3,int,0.0,0,0,2.0,1
3,Transposition,510,260100,2,int,0.001,0,1,2.0,1
6,Determinant,510,132651000,1,int,0.049,0,0,3.0,1
3,Scaling,510,260100,2,int,0.0,0,1,2.0,1
6,Exponential,510,260100,2,mixed,0.001,0,1,2.0,1
7,Logarithm,510,260100,2,mixed,0.002,0,1,2.0,1
3,Squareroot,510,260100,2,mixed,0.001,0,1,2.0,1
6,Ludecomposition,510,44217000,3,int,0.058,0,0,3.0,1
6,Eigenvalue,510,26010000,2,mixed,0.002,1,1,2.0,1
5,Multiplication,520,140608000,3,int,0.15,0,0,3.0,1
7,Addition,520,270400,3,int,0.001,0,0,2.0,1
4,Transposition,520,270400,2,int,0.0,0,1,2.0,1
6,Determinant,520,140608000,1,int,0.051,0,0,3.0,1
1,Scaling,520,270400,2,int,0.001,0,1,2.0,1
8,Exponential,520,270400,2,mixed,0.001,0,1,2.0,1
7,Logarithm,520,270400,2,mixed,0.002,0,1,2.0,1
4,Squareroot,520,270400,2,mixed,0.001,0,1,2.0,1
6,Ludecomposition,520,46869333,3,int,0.06,0,0,3.0,1
6,Eigenvalue,520,27040000,2,mixed,0.001,1,1,2.0,1
6,Multiplication,530,148877000,3,int,0.142,0,0,3.0,1
3,Addition,530,280900,3,int,0.001,0,0,2.0,1
7,Transposition,530,280900,2,int,0.0,0,1,2.0,1
6,Determinant,530,148877000,1,int,0.051,0,0,3.0,1
2,Scaling,530,280900,2,int,0.0,0,1,2.0,1
7,Exponential,530,280900,2,mixed,0.002,0,1,2.0,1
7,Logarithm,530,280900,2,mixed,0.002,0,1,2.0,1
6,Squareroot,530,280900,2,mixed,0.001,0,1,2.0,1
6,Ludecomposition,530,49625666,3,int,0.065,0,0,3.0,1
6,Eigenvalue,530,28090000,2,mixed,0.002,1,1,2.0,1
6,Multiplication,540,157464000,3,int,0.138,0,0,3.0,1
7,Addition,540,291600,3,int,0.001,0,0,2.0,1
6,Transposition,540,291600,2,int,0.0,0,1,2.0,1
5,Determinant,540,157464000,1,int,0.058,0,0,3.0,1
3,Scaling,540,291600,2,int,0.001,0,1,2.0,1
5,Exponential,540,291600,2,mixed,0.002,0,1,2.0,1
8,Logarithm,540,291600,2,mixed,0.002,0,1,2.0,1
4,Squareroot,540,291600,2,mixed,0.001,0,1,2.0,1
6,Ludecomposition,540,52488000,3,int,0.064,0,0,3.0,1
5,Eigenvalue,540,29160000,2,mixed,0.003,1,1,2.0,1
6,Multiplication,550,166375000,3,int,0.156,0,0,3.0,1
3,Addition,550,302500,3,int,0.0,0,0,2.0,1
7,Transposition,550,302500,2,int,0.001,0,1,2.0,1
6,Determinant,550,166375000,1,int,0.056,0,0,3.0,1
5,Scaling,550,302500,2,int,0.001,0,1,2.0,1
7,Exponential,550,302500,2,mixed,0.001,0,1,2.0,1
7,Logarithm,550,302500,2,mixed,0.002,0,1,2.0,1
5,Squareroot,550,302500,2,mixed,0.001,0,1,2.0,1
6,Ludecomposition,550,55458333,3,int,0.067,0,0,3.0,1
6,Eigenvalue,550,30250000,2,mixed,0.002,1,1,2.0,1
6,Multiplication,560,175616000,3,int,0.161,0,0,3.0,1
4,Addition,560,313600,3,int,0.001,0,0,2.0,1
1,Transposition,560,313600,2,int,0.001,0,1,2.0,1
6,Determinant,560,175616000,1,int,0.063,0,0,3.0,1
4,Scaling,560,313600,2,int,0.0,0,1,2.0,1
7,Exponential,560,313600,2,mixed,0.001,0,1,2.0,1
8,Logarithm,560,313600,2,mixed,0.002,0,1,2.0,1
8,Squareroot,560,313600,2,mixed,0.001,0,1,2.0,1
6,Ludecomposition,560,58538666,3,int,0.07,0,0,3.0,1
6,Eigenvalue,560,31360000,2,mixed,0.002,1,1,2.0,1
8,Multiplication,570,185193000,3,int,0.169,0,0,3.0,1
5,Addition,570,324900,3,int,0.0,0,0,2.0,1
5,Transposition,570,324900,2,int,0.0,0,1,2.0,1
6,Determinant,570,185193000,1,int,0.062,0,0,3.0,1
2,Scaling,570,324900,2,int,0.0,0,1,2.0,1
7,Exponential,570,324900,2,mixed,0.001,0,1,2.0,1
8,Logarithm,570,324900,2,mixed,0.003,0,1,2.0,1
6,Squareroot,570,324900,2,mixed,0.001,0,1,2.0,1
6,Ludecomposition,570,61731000,3,int,0.074,0,0,3.0,1
6,Eigenvalue,570,32490000,2,mixed,0.002,1,1,2.0,1
6,Multiplication,580,195112000,3,int,0.166,0,0,3.0,1
6,Addition,580,336400,3,int,0.001,0,0,2.0,1
4,Transposition,580,336400,2,int,0.001,0,1,2.0,1
6,Determinant,580,195112000,1,int,0.063,0,0,3.0,1
3,Scaling,580,336400,2,int,0.0,0,1,2.0,1
7,Exponential,580,336400,2,mixed,0.001,0,1,2.0,1
5,Logarithm,580,336400,2,mixed,0.003,0,1,2.0,1
5,Squareroot,580,336400,2,mixed,0.002,0,1,2.0,1
6,Ludecomposition,580,65037333,3,int,0.076,0,0,3.0,1
6,Eigenvalue,580,33640000,2,mixed,0.002,1,1,2.0,1
6,Multiplication,590,205379000,3,int,0.187,0,0,3.0,1
3,Addition,590,348100,3,int,0.001,0,0,2.0,1
2,Transposition,590,348100,2,int,0.001,0,1,2.0,1
6,Determinant,590,205379000,1,int,0.065,0,0,3.0,1
5,Scaling,590,348100,2,int,0.0,0,1,2.0,1
8,Exponential,590,348100,2,mixed,0.001,0,1,2.0,1
8,Logarithm,590,348100,2,mixed,0.002,0,1,2.0,1
6,Squareroot,590,348100,2,mixed,0.001,0,1,2.0,1
6,Ludecomposition,590,68459666,3,int,0.08,0,0,3.0,1
8,Eigenvalue,590,34810000,2,mixed,0.003,1,1,2.0,1
5,Multiplication,600,216000000,3,int,0.356,0,0,3.0,1
3,Addition,600,360000,3,int,0.002,0,0,2.0,1
3,Transposition,600,360000,2,int,0.002,0,1,2.0,1
8,Determinant,600,216000000,1,int,0.096,0,0,3.0,1
2,Scaling,600,360000,2,int,0.001,0,1,2.0,1
6,Exponential,600,360000,2,mixed,0.002,0,1,2.0,1
8,Logarithm,600,360000,2,mixed,0.002,0,1,2.0,1
3,Squareroot,600,360000,2,mixed,0.002,0,1,2.0,1
5,Ludecomposition,600,72000000,3,int,0.091,0,0,3.0,1
6,Eigenvalue,600,36000000,2,mixed,0.003,1,1,2.0,1
8,Multiplication,610,226981000,3,int,0.211,0,0,3.0,1
2,Addition,610,372100,3,int,0.001,0,0,2.0,1
7,Transposition,610,372100,2,int,0.001,0,1,2.0,1
6,Determinant,610,226981000,1,int,0.071,0,0,3.0,1
2,Scaling,610,372100,2,int,0.001,0,1,2.0,1
7,Exponential,610,372100,2,mixed,0.002,0,1,2.0,1
6,Logarithm,610,372100,2,mixed,0.003,0,1,2.0,1
6,Squareroot,610,372100,2,mixed,0.001,0,1,2.0,1
6,Ludecomposition,610,75660333,3,int,0.085,0,0,3.0,1
7,Eigenvalue,610,37210000,2,mixed,0.002,1,1,2.0,1
8,Multiplication,620,238328000,3,int,0.217,0,0,3.0,1
8,Addition,620,384400,3,int,0.0,0,0,2.0,1
2,Transposition,620,384400,2,int,0.001,0,1,2.0,1
6,Determinant,620,238328000,1,int,0.074,0,0,3.0,1
7,Scaling,620,384400,2,int,0.0,0,1,2.0,1
8,Exponential,620,384400,2,mixed,0.002,0,1,2.0,1
7,Logarithm,620,384400,2,mixed,0.003,0,1,2.0,1
7,Squareroot,620,384400,2,mixed,0.001,0,1,2.0,1
6,Ludecomposition,620,79442666,3,int,0.09,0,0,3.0,1
6,Eigenvalue,620,38440000,2,mixed,0.002,1,1,2.0,1
8,Multiplication,630,250047000,3,int,0.217,0,0,3.0,1
8,Addition,630,396900,3,int,0.0,0,0,2.0,1
2,Transposition,630,396900,2,int,0.002,0,1,2.0,1
6,Determinant,630,250047000,1,int,0.078,0,0,3.0,1
4,Scaling,630,396900,2,int,0.001,0,1,2.0,1
8,Exponential,630,396900,2,mixed,0.002,0,1,2.0,1
6,Logarithm,630,396900,2,mixed,0.004,0,1,2.0,1
8,Squareroot,630,396900,2,mixed,0.001,0,1,2.0,1
6,Ludecomposition,630,83349000,3,int,0.092,0,0,3.0,1
5,Eigenvalue,630,39690000,2,mixed,0.003,1,1,2.0,1
6,Multiplication,640,262144000,3,int,0.254,0,0,3.0,1
1,Addition,640,409600,3,int,0.002,0,0,2.0,1
1,Transposition,640,409600,2,int,0.002,0,1,2.0,1
6,Determinant,640,262144000,1,int,0.077,0,0,3.0,1
5,Scaling,640,409600,2,int,0.0,0,1,2.0,1
8,Exponential,640,409600,2,mixed,0.001,0,1,2.0,1
7,Logarithm,640,409600,2,mixed,0.003,0,1,2.0,1
6,Squareroot,640,409600,2,mixed,0.001,0,1,2.0,1
6,Ludecomposition,640,87381333,3,int,0.096,0,0,3.0,1
6,Eigenvalue,640,40960000,2,mixed,0.003,1,1,2.0,1
8,Multiplication,650,274625000,3,int,0.281,0,0,3.0,1
4,Addition,650,422500,3,int,0.001,0,0,2.0,1
5,Transposition,650,422500,2,int,0.001,0,1,2.0,1
6,Determinant,650,274625000,1,int,0.096,0,0,3.0,1
7,Scaling,650,422500,2,int,0.001,0,1,2.0,1
8,Exponential,650,422500,2,mixed,0.002,0,1,2.0,1
6,Logarithm,650,422500,2,mixed,0.004,0,1,2.0,1
6,Squareroot,650,422500,2,mixed,0.002,0,1,2.0,1
6,Ludecomposition,650,91541666,3,int,0.101,0,0,3.0,1
8,Eigenvalue,650,42250000,2,mixed,0.003,1,1,2.0,1
8,Multiplication,660,287496000,3,int,0.269,0,0,3.0,1
2,Addition,660,435600,3,int,0.001,0,0,2.0,1
4,Transposition,660,435600,2,int,0.002,0,1,2.0,1
6,Determinant,660,287496000,1,int,0.087,0,0,3.0,1
8,Scaling,660,435600,2,int,0.0,0,1,2.0,1
7,Exponential,660,435600,2,mixed,0.002,0,1,2.0,1
8,Logarithm,660,435600,2,mixed,0.003,0,1,2.0,1
6,Squareroot,660,435600,2,mixed,0.002,0,1,2.0,1
6,Ludecomposition,660,95832000,3,int,0.104,0,0,3.0,1
6,Eigenvalue,660,43560000,2,mixed,0.003,1,1,2.0,1
8,Multiplication,670,300763000,3,int,0.29,0,0,3.0,1
6,Addition,670,448900,3,int,0.001,0,0,2.0,1
5,Transposition,670,448900,2,int,0.002,0,1,2.0,1
6,Determinant,670,300763000,1,int,0.088,0,0,3.0,1
8,Scaling,670,448900,2,int,0.001,0,1,2.0,1
6,Exponential,670,448900,2,mixed,0.002,0,1,2.0,1
7,Logarithm,670,448900,2,mixed,0.003,0,1,2.0,1
7,Squareroot,670,448900,2,mixed,0.002,0,1,2.0,1
6,Ludecomposition,670,100254333,3,int,0.106,0,0,3.0,1
6,Eigenvalue,670,44890000,2,mixed,0.003,1,1,2.0,1
6,Multiplication,680,314432000,3,int,0.341,0,0,3.0,1
3,Addition,680,462400,3,int,0.001,0,0,2.0,1
3,Transposition,680,462400,2,int,0.002,0,1,2.0,1
6,Determinant,680,314432000,1,int,0.089,0,0,3.0,1
4,Scaling,680,462400,2,int,0.001,0,1,2.0,1
6,Exponential,680,462400,2,mixed,0.002,0,1,2.0,1
6,Logarithm,680,462400,2,mixed,0.004,0,1,2.0,1
6,Squareroot,680,462400,2,mixed,0.001,0,1,2.0,1
6,Ludecomposition,680,104810666,3,int,0.111,0,0,3.0,1
5,Eigenvalue,680,46240000,2,mixed,0.003,1,1,2.0,1
6,Multiplication,690,328509000,3,int,0.328,0,0,3.0,1
4,Addition,690,476100,3,int,0.002,0,0,2.0,1
2,Transposition,690,476100,2,int,0.001,0,1,2.0,1
6,Determinant,690,328509000,1,int,0.092,0,0,3.0,1
5,Scaling,690,476100,2,int,0.001,0,1,2.0,1
7,Exponential,690,476100,2,mixed,0.002,0,1,2.0,1
8,Logarithm,690,476100,2,mixed,0.003,0,1,2.0,1
8,Squareroot,690,476100,2,mixed,0.001,0,1,2.0,1
6,Ludecomposition,690,109503000,3,int,0.118,0,0,3.0,1
5,Eigenvalue,690,47610000,2,mixed,0.002,1,1,2.0,1
6,Multiplication,700,343000000,3,int,0.359,0,0,3.0,1
3,Addition,700,490000,3,int,0.002,0,0,2.0,1
8,Transposition,700,490000,2,int,0.001,0,1,2.0,1
6,Determinant,700,343000000,1,int,0.101,0,0,3.0,1
2,Scaling,700,490000,2,int,0.001,0,1,2.0,1
8,Exponential,700,490000,2,mixed,0.002,0,1,2.0,1
8,Logarithm,700,490000,2,mixed,0.003,0,1,2.0,1
6,Squareroot,700,490000,2,mixed,0.002,0,1,2.0,1
6,Ludecomposition,700,114333333,3,int,0.122,0,0,3.0,1
7,Eigenvalue,700,49000000,2,mixed,0.003,1,1,2.0,1
8,Multiplication,710,357911000,3,int,0.333,0,0,3.0,1
6,Addition,710,504100,3,int,0.001,0,0,2.0,1
7,Transposition,710,504100,2,int,0.002,0,1,2.0,1
6,Determinant,710,357911000,1,int,0.098,0,0,3.0,1
3,Scaling,710,504100,2,int,0.001,0,1,2.0,1
7,Exponential,710,504100,2,mixed,0.002,0,1,2.0,1
8,Logarithm,710,504100,2,mixed,0.004,0,1,2.0,1
7,Squareroot,710,504100,2,mixed,0.002,0,1,2.0,1
6,Ludecomposition,710,119303666,3,int,0.125,0,0,3.0,1
6,Eigenvalue,710,50410000,2,mixed,0.003,1,1,2.0,1
6,Multiplication,730,389017000,3,int,0.38,0,0,3.0,1
3,Addition,730,532900,3,int,0.001,0,0,2.0,1
2,Transposition,730,532900,2,int,0.003,0,1,2.0,1
6,Determinant,730,389017000,1,int,0.109,0,0,3.0,1
3,Scaling,730,532900,2,int,0.001,0,1,2.0,1
8,Exponential,730,532900,2,mixed,0.002,0,1,2.0,1
8,Logarithm,730,532900,2,mixed,0.003,0,1,2.0,1
4,Squareroot,730,532900,2,mixed,0.003,0,1,2.0,1
6,Ludecomposition,730,129672333,3,int,0.133,0,0,3.0,1
7,Eigenvalue,730,53290000,2,mixed,0.004,1,1,2.0,1
7,Multiplication,100,1000000,3,int,0.002,0,0,3.0,2
1,Addition,100,10000,3,int,0.0,0,0,2.0,2
1,Transposition,100,10000,2,int,0.0,0,1,2.0,2
1,Determinant,100,1000000,1,int,0.002,0,0,3.0,2
2,Scaling,100,10000,2,int,0.0,0,1,2.0,2
1,Exponential,100,10000,2,mixed,0.0,0,1,2.0,2
3,Logarithm,100,10000,2,mixed,0.0,0,1,2.0,2
1,Squareroot,100,10000,2,mixed,0.0,0,1,2.0,2
1,Ludecomposition,100,333333,3,int,0.003,0,0,3.0,2
2,Eigenvalue,100,1000000,2,mixed,0.002,1,1,2.0,2
7,Multiplication,110,1331000,3,int,0.003,0,0,3.0,2
1,Addition,110,12100,3,int,0.0,0,0,2.0,2
1,Transposition,110,12100,2,int,0.0,0,1,2.0,2
1,Determinant,110,1331000,1,int,0.003,0,0,3.0,2
1,Scaling,110,12100,2,int,0.0,0,1,2.0,2
2,Exponential,110,12100,2,mixed,0.0,0,1,2.0,2
1,Logarithm,110,12100,2,mixed,0.001,0,1,2.0,2
1,Squareroot,110,12100,2,mixed,0.001,0,1,2.0,2
1,Ludecomposition,110,443666,3,int,0.005,0,0,3.0,2
2,Eigenvalue,110,1210000,2,mixed,0.002,1,1,2.0,2
6,Multiplication,120,1728000,3,int,0.004,0,0,3.0,2
1,Addition,120,14400,3,int,0.0,0,0,2.0,2
2,Transposition,120,14400,2,int,0.0,0,1,2.0,2
1,Determinant,120,1728000,1,int,0.003,0,0,3.0,2
1,Scaling,120,14400,2,int,0.0,0,1,2.0,2
1,Exponential,120,14400,2,mixed,0.001,0,1,2.0,2
4,Logarithm,120,14400,2,mixed,0.001,0,1,2.0,2
2,Squareroot,120,14400,2,mixed,0.0,0,1,2.0,2
1,Ludecomposition,120,576000,3,int,0.004,0,0,3.0,2
5,Eigenvalue,120,1440000,2,mixed,0.003,1,1,2.0,2
8,Multiplication,130,2197000,3,int,0.004,0,0,3.0,2
1,Addition,130,16900,3,int,0.0,0,0,2.0,2
1,Transposition,130,16900,2,int,0.0,0,1,2.0,2
1,Determinant,130,2197000,1,int,0.005,0,0,3.0,2
1,Scaling,130,16900,2,int,0.0,0,1,2.0,2
1,Exponential,130,16900,2,mixed,0.001,0,1,2.0,2
4,Logarithm,130,16900,2,mixed,0.001,0,1,2.0,2
1,Squareroot,130,16900,2,mixed,0.0,0,1,2.0,2
1,Ludecomposition,130,732333,3,int,0.005,0,0,3.0,2
1,Eigenvalue,130,1690000,2,mixed,0.002,1,1,2.0,2
8,Multiplication,140,2744000,3,int,0.004,0,0,3.0,2
1,Addition,140,19600,3,int,0.0,0,0,2.0,2
1,Transposition,140,19600,2,int,0.0,0,1,2.0,2
1,Determinant,140,2744000,1,int,0.005,0,0,3.0,2
1,Scaling,140,19600,2,int,0.0,0,1,2.0,2
2,Exponential,140,19600,2,mixed,0.0,0,1,2.0,2
2,Logarithm,140,19600,2,mixed,0.001,0,1,2.0,2
1,Squareroot,140,19600,2,mixed,0.0,0,1,2.0,2
1,Ludecomposition,140,914666,3,int,0.008,0,0,3.0,2
4,Eigenvalue,140,1960000,2,mixed,0.003,1,1,2.0,2
6,Multiplication,150,3375000,3,int,0.008,0,0,3.0,2
1,Addition,150,22500,3,int,0.0,0,0,2.0,2
1,Transposition,150,22500,2,int,0.0,0,1,2.0,2
1,Determinant,150,3375000,1,int,0.007,0,0,3.0,2
1,Scaling,150,22500,2,int,0.001,0,1,2.0,2
2,Exponential,150,22500,2,mixed,0.0,0,1,2.0,2
5,Logarithm,150,22500,2,mixed,0.001,0,1,2.0,2
2,Squareroot,150,22500,2,mixed,0.001,0,1,2.0,2
1,Ludecomposition,150,1125000,3,int,0.009,0,0,3.0,2
3,Eigenvalue,150,2250000,2,mixed,0.004,1,1,2.0,2
6,Multiplication,160,4096000,3,int,0.012,0,0,3.0,2
1,Addition,160,25600,3,int,0.0,0,0,2.0,2
1,Transposition,160,25600,2,int,0.0,0,1,2.0,2
1,Determinant,160,4096000,1,int,0.008,0,0,3.0,2
1,Scaling,160,25600,2,int,0.001,0,1,2.0,2
3,Exponential,160,25600,2,mixed,0.001,0,1,2.0,2
7,Logarithm,160,25600,2,mixed,0.001,0,1,2.0,2
2,Squareroot,160,25600,2,mixed,0.0,0,1,2.0,2
1,Ludecomposition,160,1365333,3,int,0.01,0,0,3.0,2
3,Eigenvalue,160,2560000,2,mixed,0.003,1,1,2.0,2
8,Multiplication,170,4913000,3,int,0.009,0,0,3.0,2
1,Addition,170,28900,3,int,0.001,0,0,2.0,2
1,Transposition,170,28900,2,int,0.0,0,1,2.0,2
1,Determinant,170,4913000,1,int,0.009,0,0,3.0,2
1,Scaling,170,28900,2,int,0.0,0,1,2.0,2
3,Exponential,170,28900,2,mixed,0.001,0,1,2.0,2
8,Logarithm,170,28900,2,mixed,0.001,0,1,2.0,2
2,Squareroot,170,28900,2,mixed,0.0,0,1,2.0,2
1,Ludecomposition,170,1637666,3,int,0.013,0,0,3.0,2
1,Eigenvalue,170,2890000,2,mixed,0.005,1,1,2.0,2
8,Multiplication,180,5832000,3,int,0.01,0,0,3.0,2
1,Addition,180,32400,3,int,0.0,0,0,2.0,2
1,Transposition,180,32400,2,int,0.001,0,1,2.0,2
1,Determinant,180,5832000,1,int,0.011,0,0,3.0,2
1,Scaling,180,32400,2,int,0.0,0,1,2.0,2
3,Exponential,180,32400,2,mixed,0.0,0,1,2.0,2
7,Logarithm,180,32400,2,mixed,0.0,0,1,2.0,2
2,Squareroot,180,32400,2,mixed,0.0,0,1,2.0,2
1,Ludecomposition,180,1944000,3,int,0.016,0,0,3.0,2
2,Eigenvalue,180,3240000,2,mixed,0.004,1,1,2.0,2
8,Multiplication,190,6859000,3,int,0.012,0,0,3.0,2
2,Addition,190,36100,3,int,0.0,0,0,2.0,2
1,Transposition,190,36100,2,int,0.0,0,1,2.0,2
1,Determinant,190,6859000,1,int,0.013,0,0,3.0,2
1,Scaling,190,36100,2,int,0.0,0,1,2.0,2
3,Exponential,190,36100,2,mixed,0.0,0,1,2.0,2
3,Logarithm,190,36100,2,mixed,0.001,0,1,2.0,2
2,Squareroot,190,36100,2,mixed,0.001,0,1,2.0,2
4,Ludecomposition,190,2286333,3,int,0.017,0,0,3.0,2
3,Eigenvalue,190,3610000,2,mixed,0.006,1,1,2.0,2
8,Multiplication,200,8000000,3,int,0.014,0,0,3.0,2
1,Addition,200,40000,3,int,0.0,0,0,2.0,2
2,Transposition,200,40000,2,int,0.0,0,1,2.0,2
1,Determinant,200,8000000,1,int,0.014,0,0,3.0,2
2,Scaling,200,40000,2,int,0.0,0,1,2.0,2
2,Exponential,200,40000,2,mixed,0.001,0,1,2.0,2
3,Logarithm,200,40000,2,mixed,0.001,0,1,2.0,2
4,Squareroot,200,40000,2,mixed,0.001,0,1,2.0,2
3,Ludecomposition,200,2666666,3,int,0.015,0,0,3.0,2
2,Eigenvalue,200,4000000,2,mixed,0.006,1,1,2.0,2
6,Multiplication,210,9261000,3,int,0.031,0,0,3.0,2
2,Addition,210,44100,3,int,0.0,0,0,2.0,2
1,Transposition,210,44100,2,int,0.0,0,1,2.0,2
1,Determinant,210,9261000,1,int,0.017,0,0,3.0,2
1,Scaling,210,44100,2,int,0.0,0,1,2.0,2
7,Exponential,210,44100,2,mixed,0.001,0,1,2.0,2
6,Logarithm,210,44100,2,mixed,0.001,0,1,2.0,2
2,Squareroot,210,44100,2,mixed,0.0,0,1,2.0,2
4,Ludecomposition,210,3087000,3,int,0.02,0,0,3.0,2
4,Eigenvalue,210,4410000,2,mixed,0.004,1,1,2.0,2
8,Multiplication,220,10648000,3,int,0.018,0,0,3.0,2
1,Addition,220,48400,3,int,0.0,0,0,2.0,2
1,Transposition,220,48400,2,int,0.001,0,1,2.0,2
4,Determinant,220,10648000,1,int,0.017,0,0,3.0,2
2,Scaling,220,48400,2,int,0.0,0,1,2.0,2
5,Exponential,220,48400,2,mixed,0.0,0,1,2.0,2
2,Logarithm,220,48400,2,mixed,0.002,0,1,2.0,2
4,Squareroot,220,48400,2,mixed,0.0,0,1,2.0,2
3,Ludecomposition,220,3549333,3,int,0.02,0,0,3.0,2
4,Eigenvalue,220,4840000,2,mixed,0.004,1,1,2.0,2
8,Multiplication,230,12167000,3,int,0.021,0,0,3.0,2
1,Addition,230,52900,3,int,0.0,0,0,2.0,2
1,Transposition,230,52900,2,int,0.001,0,1,2.0,2
4,Determinant,230,12167000,1,int,0.019,0,0,3.0,2
1,Scaling,230,52900,2,int,0.001,0,1,2.0,2
5,Exponential,230,52900,2,mixed,0.001,0,1,2.0,2
3,Logarithm,230,52900,2,mixed,0.002,0,1,2.0,2
2,Squareroot,230,52900,2,mixed,0.001,0,1,2.0,2
3,Ludecomposition,230,4055666,3,int,0.023,0,0,3.0,2
4,Eigenvalue,230,5290000,2,mixed,0.004,1,1,2.0,2
8,Multiplication,240,13824000,3,int,0.024,0,0,3.0,2
1,Addition,240,57600,3,int,0.0,0,0,2.0,2
1,Transposition,240,57600,2,int,0.001,0,1,2.0,2
4,Determinant,240,13824000,1,int,0.02,0,0,3.0,2
1,Scaling,240,57600,2,int,0.0,0,1,2.0,2
1,Exponential,240,57600,2,mixed,0.003,0,1,2.0,2
7,Logarithm,240,57600,2,mixed,0.002,0,1,2.0,2
4,Squareroot,240,57600,2,mixed,0.0,0,1,2.0,2
3,Ludecomposition,240,4608000,3,int,0.022,0,0,3.0,2
8,Eigenvalue,240,5760000,2,mixed,0.004,1,1,2.0,2
8,Multiplication,250,15625000,3,int,0.021,0,0,3.0,2
1,Addition,250,62500,3,int,0.0,0,0,2.0,2
2,Transposition,250,62500,2,int,0.0,0,1,2.0,2
4,Determinant,250,15625000,1,int,0.015,0,0,3.0,2
1,Scaling,250,62500,2,int,0.0,0,1,2.0,2
5,Exponential,250,62500,2,mixed,0.0,0,1,2.0,2
3,Logarithm,250,62500,2,mixed,0.001,0,1,2.0,2
2,Squareroot,250,62500,2,mixed,0.001,0,1,2.0,2
3,Ludecomposition,250,5208333,3,int,0.017,0,0,3.0,2
6,Eigenvalue,250,6250000,2,mixed,0.004,1,1,2.0,2
8,Multiplication,260,17576000,3,int,0.02,0,0,3.0,2
2,Addition,260,67600,3,int,0.001,0,0,2.0,2
1,Transposition,260,67600,2,int,0.001,0,1,2.0,2
5,Determinant,260,17576000,1,int,0.019,0,0,3.0,2
2,Scaling,260,67600,2,int,0.0,0,1,2.0,2
7,Exponential,260,67600,2,mixed,0.0,0,1,2.0,2
6,Logarithm,260,67600,2,mixed,0.0,0,1,2.0,2
3,Squareroot,260,67600,2,mixed,0.001,0,1,2.0,2
5,Ludecomposition,260,5858666,3,int,0.016,0,0,3.0,2
5,Eigenvalue,260,6760000,2,mixed,0.003,1,1,2.0,2
8,Multiplication,270,19683000,3,int,0.02,0,0,3.0,2
1,Addition,270,72900,3,int,0.0,0,0,2.0,2
1,Transposition,270,72900,2,int,0.0,0,1,2.0,2
4,Determinant,270,19683000,1,int,0.016,0,0,3.0,2
2,Scaling,270,72900,2,int,0.0,0,1,2.0,2
2,Exponential,270,72900,2,mixed,0.0,0,1,2.0,2
2,Logarithm,270,72900,2,mixed,0.001,0,1,2.0,2
2,Squareroot,270,72900,2,mixed,0.0,0,1,2.0,2
3,Ludecomposition,270,6561000,3,int,0.018,0,0,3.0,2
2,Eigenvalue,270,7290000,2,mixed,0.005,1,1,2.0,2
8,Multiplication,280,21952000,3,int,0.023,0,0,3.0,2
2,Addition,280,78400,3,int,0.001,0,0,2.0,2
1,Transposition,280,78400,2,int,0.0,0,1,2.0,2
5,Determinant,280,21952000,1,int,0.018,0,0,3.0,2
1,Scaling,280,78400,2,int,0.0,0,1,2.0,2
6,Exponential,280,78400,2,mixed,0.0,0,1,2.0,2
8,Logarithm,280,78400,2,mixed,0.001,0,1,2.0,2
3,Squareroot,280,78400,2,mixed,0.0,0,1,2.0,2
2,Ludecomposition,280,7317333,3,int,0.023,0,0,3.0,2
3,Eigenvalue,280,7840000,2,mixed,0.005,1,1,2.0,2
8,Multiplication,290,24389000,3,int,0.026,0,0,3.0,2
1,Addition,290,84100,3,int,0.0,0,0,2.0,2
1,Transposition,290,84100,2,int,0.0,0,1,2.0,2
5,Determinant,290,24389000,1,int,0.017,0,0,3.0,2
1,Scaling,290,84100,2,int,0.0,0,1,2.0,2
6,Exponential,290,84100,2,mixed,0.001,0,1,2.0,2
7,Logarithm,290,84100,2,mixed,0.001,0,1,2.0,2
3,Squareroot,290,84100,2,mixed,0.001,0,1,2.0,2
6,Ludecomposition,290,8129666,3,int,0.027,0,0,3.0,2
5,Eigenvalue,290,8410000,2,mixed,0.005,1,1,2.0,2
8,Multiplication,300,27000000,3,int,0.03,0,0,3.0,2
2,Addition,300,90000,3,int,0.0,0,0,2.0,2
2,Transposition,300,90000,2,int,0.001,0,1,2.0,2
4,Determinant,300,27000000,1,int,0.019,0,0,3.0,2
1,Scaling,300,90000,2,int,0.0,0,1,2.0,2
4,Exponential,300,90000,2,mixed,0.001,0,1,2.0,2
3,Logarithm,300,90000,2,mixed,0.001,0,1,2.0,2
4,Squareroot,300,90000,2,mixed,0.001,0,1,2.0,2
3,Ludecomposition,300,9000000,3,int,0.023,0,0,3.0,2
6,Eigenvalue,300,9000000,2,mixed,0.003,1,1,2.0,2
8,Multiplication,310,29791000,3,int,0.031,0,0,3.0,2
2,Addition,310,96100,3,int,0.001,0,0,2.0,2
2,Transposition,310,96100,2,int,0.0,0,1,2.0,2
5,Determinant,310,29791000,1,int,0.019,0,0,3.0,2
2,Scaling,310,96100,2,int,0.0,0,1,2.0,2
6,Exponential,310,96100,2,mixed,0.0,0,1,2.0,2
5,Logarithm,310,96100,2,mixed,0.001,0,1,2.0,2
5,Squareroot,310,96100,2,mixed,0.0,0,1,2.0,2
3,Ludecomposition,310,9930333,3,int,0.025,0,0,3.0,2
3,Eigenvalue,310,9610000,2,mixed,0.004,1,1,2.0,2
7,Multiplication,320,32768000,3,int,0.043,0,0,3.0,2
2,Addition,320,102400,3,int,0.001,0,0,2.0,2
2,Transposition,320,102400,2,int,0.001,0,1,2.0,2
5,Determinant,320,32768000,1,int,0.021,0,0,3.0,2
2,Scaling,320,102400,2,int,0.0,0,1,2.0,2
2,Exponential,320,102400,2,mixed,0.002,0,1,2.0,2
5,Logarithm,320,102400,2,mixed,0.001,0,1,2.0,2
4,Squareroot,320,102400,2,mixed,0.0,0,1,2.0,2
4,Ludecomposition,320,10922666,3,int,0.024,0,0,3.0,2
8,Eigenvalue,320,10240000,2,mixed,0.005,1,1,2.0,2
8,Multiplication,330,35937000,3,int,0.036,0,0,3.0,2
1,Addition,330,108900,3,int,0.0,0,0,2.0,2
1,Transposition,330,108900,2,int,0.0,0,1,2.0,2
5,Determinant,330,35937000,1,int,0.02,0,0,3.0,2
1,Scaling,330,108900,2,int,0.0,0,1,2.0,2
5,Exponential,330,108900,2,mixed,0.0,0,1,2.0,2
5,Logarithm,330,108900,2,mixed,0.001,0,1,2.0,2
4,Squareroot,330,108900,2,mixed,0.0,0,1,2.0,2
3,Ludecomposition,330,11979000,3,int,0.029,0,0,3.0,2
7,Eigenvalue,330,10890000,2,mixed,0.005,1,1,2.0,2
8,Multiplication,340,39304000,3,int,0.041,0,0,3.0,2
3,Addition,340,115600,3,int,0.001,0,0,2.0,2
1,Transposition,340,115600,2,int,0.0,0,1,2.0,2
5,Determinant,340,39304000,1,int,0.031,0,0,3.0,2
3,Scaling,340,115600,2,int,0.001,0,1,2.0,2
6,Exponential,340,115600,2,mixed,0.0,0,1,2.0,2
8,Logarithm,340,115600,2,mixed,0.001,0,1,2.0,2
5,Squareroot,340,115600,2,mixed,0.001,0,1,2.0,2
4,Ludecomposition,340,13101333,3,int,0.036,0,0,3.0,2
4,Eigenvalue,340,11560000,2,mixed,0.004,1,1,2.0,2
8,Multiplication,350,42875000,3,int,0.044,0,0,3.0,2
1,Addition,350,122500,3,int,0.001,0,0,2.0,2
2,Transposition,350,122500,2,int,0.0,0,1,2.0,2
5,Determinant,350,42875000,1,int,0.032,0,0,3.0,2
1,Scaling,350,122500,2,int,0.001,0,1,2.0,2
2,Exponential,350,122500,2,mixed,0.001,0,1,2.0,2
5,Logarithm,350,122500,2,mixed,0.001,0,1,2.0,2
5,Squareroot,350,122500,2,mixed,0.0,0,1,2.0,2
4,Ludecomposition,350,14291666,3,int,0.029,0,0,3.0,2
8,Eigenvalue,350,12250000,2,mixed,0.004,1,1,2.0,2
8,Multiplication,360,46656000,3,int,0.048,0,0,3.0,2
2,Addition,360,129600,3,int,0.0,0,0,2.0,2
1,Transposition,360,129600,2,int,0.001,0,1,2.0,2
4,Determinant,360,46656000,1,int,0.03,0,0,3.0,2
2,Scaling,360,129600,2,int,0.0,0,1,2.0,2
8,Exponential,360,129600,2,mixed,0.001,0,1,2.0,2
5,Logarithm,360,129600,2,mixed,0.001,0,1,2.0,2
5,Squareroot,360,129600,2,mixed,0.001,0,1,2.0,2
4,Ludecomposition,360,15552000,3,int,0.031,0,0,3.0,2
7,Eigenvalue,360,12960000,2,mixed,0.005,1,1,2.0,2
8,Multiplication,370,50653000,3,int,0.052,0,0,3.0,2
4,Addition,370,136900,3,int,0.0,0,0,2.0,2
1,Transposition,370,136900,2,int,0.001,0,1,2.0,2
4,Determinant,370,50653000,1,int,0.029,0,0,3.0,2
1,Scaling,370,136900,2,int,0.001,0,1,2.0,2
4,Exponential,370,136900,2,mixed,0.001,0,1,2.0,2
4,Logarithm,370,136900,2,mixed,0.002,0,1,2.0,2
4,Squareroot,370,136900,2,mixed,0.0,0,1,2.0,2
7,Ludecomposition,370,16884333,3,int,0.039,0,0,3.0,2
5,Eigenvalue,370,13690000,2,mixed,0.003,1,1,2.0,2
8,Multiplication,380,54872000,3,int,0.057,0,0,3.0,2
3,Addition,380,144400,3,int,0.0,0,0,2.0,2
1,Transposition,380,144400,2,int,0.001,0,1,2.0,2
3,Determinant,380,54872000,1,int,0.033,0,0,3.0,2
1,Scaling,380,144400,2,int,0.0,0,1,2.0,2
7,Exponential,380,144400,2,mixed,0.001,0,1,2.0,2
5,Logarithm,380,144400,2,mixed,0.002,0,1,2.0,2
8,Squareroot,380,144400,2,mixed,0.0,0,1,2.0,2
7,Ludecomposition,380,18290666,3,int,0.04,0,0,3.0,2
8,Eigenvalue,380,14440000,2,mixed,0.005,1,1,2.0,2
8,Multiplication,390,59319000,3,int,0.062,0,0,3.0,2
1,Addition,390,152100,3,int,0.001,0,0,2.0,2
2,Transposition,390,152100,2,int,0.0,0,1,2.0,2
5,Determinant,390,59319000,1,int,0.041,0,0,3.0,2
3,Scaling,390,152100,2,int,0.001,0,1,2.0,2
3,Exponential,390,152100,2,mixed,0.001,0,1,2.0,2
5,Logarithm,390,152100,2,mixed,0.001,0,1,2.0,2
7,Squareroot,390,152100,2,mixed,0.001,0,1,2.0,2
6,Ludecomposition,390,19773000,3,int,0.045,0,0,3.0,2
8,Eigenvalue,390,15210000,2,mixed,0.005,1,1,2.0,2
8,Multiplication,400,64000000,3,int,0.065,0,0,3.0,2
2,Addition,400,160000,3,int,0.001,0,0,2.0,2
2,Transposition,400,160000,2,int,0.0,0,1,2.0,2
4,Determinant,400,64000000,1,int,0.032,0,0,3.0,2
2,Scaling,400,160000,2,int,0.0,0,1,2.0,2
5,Exponential,400,160000,2,mixed,0.001,0,1,2.0,2
4,Logarithm,400,160000,2,mixed,0.002,0,1,2.0,2
6,Squareroot,400,160000,2,mixed,0.002,0,1,2.0,2
8,Ludecomposition,400,21333333,3,int,0.043,0,0,3.0,2
5,Eigenvalue,400,16000000,2,mixed,0.004,1,1,2.0,2
8,Multiplication,410,68921000,3,int,0.073,0,0,3.0,2
3,Addition,410,168100,3,int,0.001,0,0,2.0,2
2,Transposition,410,168100,2,int,0.0,0,1,2.0,2
4,Determinant,410,68921000,1,int,0.037,0,0,3.0,2
2,Scaling,410,168100,2,int,0.0,0,1,2.0,2
7,Exponential,410,168100,2,mixed,0.001,0,1,2.0,2
5,Logarithm,410,168100,2,mixed,0.001,0,1,2.0,2
3,Squareroot,410,168100,2,mixed,0.001,0,1,2.0,2
8,Ludecomposition,410,22973666,3,int,0.045,0,0,3.0,2
5,Eigenvalue,410,16810000,2,mixed,0.005,1,1,2.0,2
8,Multiplication,420,74088000,3,int,0.075,0,0,3.0,2
2,Addition,420,176400,3,int,0.0,0,0,2.0,2
2,Transposition,420,176400,2,int,0.0,0,1,2.0,2
7,Determinant,420,74088000,1,int,0.044,0,0,3.0,2
3,Scaling,420,176400,2,int,0.0,0,1,2.0,2
6,Exponential,420,176400,2,mixed,0.001,0,1,2.0,2
6,Logarithm,420,176400,2,mixed,0.002,0,1,2.0,2
6,Squareroot,420,176400,2,mixed,0.001,0,1,2.0,2
8,Ludecomposition,420,24696000,3,int,0.047,0,0,3.0,2
5,Eigenvalue,420,17640000,2,mixed,0.005,1,1,2.0,2
8,Multiplication,430,79507000,3,int,0.082,0,0,3.0,2
4,Addition,430,184900,3,int,0.0,0,0,2.0,2
1,Transposition,430,184900,2,int,0.001,0,1,2.0,2
7,Determinant,430,79507000,1,int,0.045,0,0,3.0,2
2,Scaling,430,184900,2,int,0.0,0,1,2.0,2
4,Exponential,430,184900,2,mixed,0.001,0,1,2.0,2
8,Logarithm,430,184900,2,mixed,0.001,0,1,2.0,2
8,Squareroot,430,184900,2,mixed,0.001,0,1,2.0,2
8,Ludecomposition,430,26502333,3,int,0.049,0,0,3.0,2
8,Eigenvalue,430,18490000,2,mixed,0.005,1,1,2.0,2
8,Multiplication,440,85184000,3,int,0.087,0,0,3.0,2
2,Addition,440,193600,3,int,0.0,0,0,2.0,2
2,Transposition,440,193600,2,int,0.001,0,1,2.0,2
7,Determinant,440,85184000,1,int,0.048,0,0,3.0,2
3,Scaling,440,193600,2,int,0.001,0,1,2.0,2
6,Exponential,440,193600,2,mixed,0.001,0,1,2.0,2
7,Logarithm,440,193600,2,mixed,0.001,0,1,2.0,2
8,Squareroot,440,193600,2,mixed,0.001,0,1,2.0,2
8,Ludecomposition,440,28394666,3,int,0.053,0,0,3.0,2
6,Eigenvalue,440,19360000,2,mixed,0.007,1,1,2.0,2
8,Multiplication,450,91125000,3,int,0.098,0,0,3.0,2
4,Addition,450,202500,3,int,0.0,0,0,2.0,2
2,Transposition,450,202500,2,int,0.001,0,1,2.0,2
4,Determinant,450,91125000,1,int,0.042,0,0,3.0,2
3,Scaling,450,202500,2,int,0.0,0,1,2.0,2
6,Exponential,450,202500,2,mixed,0.001,0,1,2.0,2
6,Logarithm,450,202500,2,mixed,0.001,0,1,2.0,2
6,Squareroot,450,202500,2,mixed,0.001,0,1,2.0,2
8,Ludecomposition,450,30375000,3,int,0.056,0,0,3.0,2
5,Eigenvalue,450,20250000,2,mixed,0.005,1,1,2.0,2
8,Multiplication,460,97336000,3,int,0.103,0,0,3.0,2
5,Addition,460,211600,3,int,0.0,0,0,2.0,2
3,Transposition,460,211600,2,int,0.001,0,1,2.0,2
8,Determinant,460,97336000,1,int,0.052,0,0,3.0,2
3,Scaling,460,211600,2,int,0.0,0,1,2.0,2
4,Exponential,460,211600,2,mixed,0.001,0,1,2.0,2
8,Logarithm,460,211600,2,mixed,0.002,0,1,2.0,2
3,Squareroot,460,211600,2,mixed,0.001,0,1,2.0,2
8,Ludecomposition,460,32445333,3,int,0.058,0,0,3.0,2
5,Eigenvalue,460,21160000,2,mixed,0.006,1,1,2.0,2
8,Multiplication,470,103823000,3,int,0.103,0,0,3.0,2
4,Addition,470,220900,3,int,0.001,0,0,2.0,2
4,Transposition,470,220900,2,int,0.001,0,1,2.0,2
8,Determinant,470,103823000,1,int,0.054,0,0,3.0,2
2,Scaling,470,220900,2,int,0.001,0,1,2.0,2
7,Exponential,470,220900,2,mixed,0.001,0,1,2.0,2
7,Logarithm,470,220900,2,mixed,0.002,0,1,2.0,2
3,Squareroot,470,220900,2,mixed,0.001,0,1,2.0,2
8,Ludecomposition,470,34607666,3,int,0.061,0,0,3.0,2
8,Eigenvalue,470,22090000,2,mixed,0.006,1,1,2.0,2
8,Multiplication,480,110592000,3,int,0.118,0,0,3.0,2
4,Addition,480,230400,3,int,0.001,0,0,2.0,2
2,Transposition,480,230400,2,int,0.0,0,1,2.0,2
8,Determinant,480,110592000,1,int,0.057,0,0,3.0,2
2,Scaling,480,230400,2,int,0.001,0,1,2.0,2
7,Exponential,480,230400,2,mixed,0.001,0,1,2.0,2
5,Logarithm,480,230400,2,mixed,0.002,0,1,2.0,2
8,Squareroot,480,230400,2,mixed,0.001,0,1,2.0,2
8,Ludecomposition,480,36864000,3,int,0.063,0,0,3.0,2
5,Eigenvalue,480,23040000,2,mixed,0.006,1,1,2.0,2
8,Multiplication,490,117649000,3,int,0.12,0,0,3.0,2
3,Addition,490,240100,3,int,0.001,0,0,2.0,2
2,Transposition,490,240100,2,int,0.001,0,1,2.0,2
8,Determinant,490,117649000,1,int,0.058,0,0,3.0,2
3,Scaling,490,240100,2,int,0.0,0,1,2.0,2
5,Exponential,490,240100,2,mixed,0.002,0,1,2.0,2
7,Logarithm,490,240100,2,mixed,0.002,0,1,2.0,2
6,Squareroot,490,240100,2,mixed,0.001,0,1,2.0,2
8,Ludecomposition,490,39216333,3,int,0.066,0,0,3.0,2
5,Eigenvalue,490,24010000,2,mixed,0.006,1,1,2.0,2
8,Multiplication,500,125000000,3,int,0.131,0,0,3.0,2
6,Addition,500,250000,3,int,0.001,0,0,2.0,2
2,Transposition,500,250000,2,int,0.0,0,1,2.0,2
8,Determinant,500,125000000,1,int,0.062,0,0,3.0,2
3,Scaling,500,250000,2,int,0.0,0,1,2.0,2
4,Exponential,500,250000,2,mixed,0.002,0,1,2.0,2
7,Logarithm,500,250000,2,mixed,0.002,0,1,2.0,2
7,Squareroot,500,250000,2,mixed,0.001,0,1,2.0,2
8,Ludecomposition,500,41666666,3,int,0.069,0,0,3.0,2
4,Eigenvalue,500,25000000,2,mixed,0.007,1,1,2.0,2
8,Multiplication,510,132651000,3,int,0.136,0,0,3.0,2
4,Addition,510,260100,3,int,0.001,0,0,2.0,2
3,Transposition,510,260100,2,int,0.001,0,1,2.0,2
8,Determinant,510,132651000,1,int,0.064,0,0,3.0,2
3,Scaling,510,260100,2,int,0.0,0,1,2.0,2
8,Exponential,510,260100,2,mixed,0.001,0,1,2.0,2
8,Logarithm,510,260100,2,mixed,0.002,0,1,2.0,2
4,Squareroot,510,260100,2,mixed,0.001,0,1,2.0,2
8,Ludecomposition,510,44217000,3,int,0.073,0,0,3.0,2
5,Eigenvalue,510,26010000,2,mixed,0.006,1,1,2.0,2
8,Multiplication,520,140608000,3,int,0.153,0,0,3.0,2
5,Addition,520,270400,3,int,0.001,0,0,2.0,2
2,Transposition,520,270400,2,int,0.001,0,1,2.0,2
3,Determinant,520,140608000,1,int,0.069,0,0,3.0,2
5,Scaling,520,270400,2,int,0.001,0,1,2.0,2
8,Exponential,520,270400,2,mixed,0.002,0,1,2.0,2
7,Logarithm,520,270400,2,mixed,0.002,0,1,2.0,2
5,Squareroot,520,270400,2,mixed,0.001,0,1,2.0,2
8,Ludecomposition,520,46869333,3,int,0.075,0,0,3.0,2
5,Eigenvalue,520,27040000,2,mixed,0.007,1,1,2.0,2
8,Multiplication,530,148877000,3,int,0.156,0,0,3.0,2
4,Addition,530,280900,3,int,0.001,0,0,2.0,2
5,Transposition,530,280900,2,int,0.001,0,1,2.0,2
8,Determinant,530,148877000,1,int,0.069,0,0,3.0,2
3,Scaling,530,280900,2,int,0.0,0,1,2.0,2
7,Exponential,530,280900,2,mixed,0.001,0,1,2.0,2
7,Logarithm,530,280900,2,mixed,0.002,0,1,2.0,2
6,Squareroot,530,280900,2,mixed,0.001,0,1,2.0,2
8,Ludecomposition,530,49625666,3,int,0.079,0,0,3.0,2
5,Eigenvalue,530,28090000,2,mixed,0.006,1,1,2.0,2
8,Multiplication,540,157464000,3,int,0.163,0,0,3.0,2
6,Addition,540,291600,3,int,0.0,0,0,2.0,2
6,Transposition,540,291600,2,int,0.001,0,1,2.0,2
8,Determinant,540,157464000,1,int,0.072,0,0,3.0,2
3,Scaling,540,291600,2,int,0.0,0,1,2.0,2
6,Exponential,540,291600,2,mixed,0.001,0,1,2.0,2
8,Logarithm,540,291600,2,mixed,0.002,0,1,2.0,2
4,Squareroot,540,291600,2,mixed,0.002,0,1,2.0,2
8,Ludecomposition,540,52488000,3,int,0.081,0,0,3.0,2
5,Eigenvalue,540,29160000,2,mixed,0.005,1,1,2.0,2
8,Multiplication,550,166375000,3,int,0.161,0,0,3.0,2
6,Addition,550,302500,3,int,0.001,0,0,2.0,2
2,Transposition,550,302500,2,int,0.002,0,1,2.0,2
7,Determinant,550,166375000,1,int,0.077,0,0,3.0,2
2,Scaling,550,302500,2,int,0.001,0,1,2.0,2
7,Exponential,550,302500,2,mixed,0.001,0,1,2.0,2
8,Logarithm,550,302500,2,mixed,0.002,0,1,2.0,2
6,Squareroot,550,302500,2,mixed,0.001,0,1,2.0,2
8,Ludecomposition,550,55458333,3,int,0.085,0,0,3.0,2
5,Eigenvalue,550,30250000,2,mixed,0.008,1,1,2.0,2
8,Multiplication,560,175616000,3,int,0.191,0,0,3.0,2
7,Addition,560,313600,3,int,0.0,0,0,2.0,2
2,Transposition,560,313600,2,int,0.0,0,1,2.0,2
4,Determinant,560,175616000,1,int,0.074,0,0,3.0,2
4,Scaling,560,313600,2,int,0.0,0,1,2.0,2
5,Exponential,560,313600,2,mixed,0.002,0,1,2.0,2
7,Logarithm,560,313600,2,mixed,0.003,0,1,2.0,2
4,Squareroot,560,313600,2,mixed,0.001,0,1,2.0,2
8,Ludecomposition,560,58538666,3,int,0.088,0,0,3.0,2
5,Eigenvalue,560,31360000,2,mixed,0.007,1,1,2.0,2
8,Multiplication,570,185193000,3,int,0.167,0,0,3.0,2
5,Addition,570,324900,3,int,0.0,0,0,2.0,2
3,Transposition,570,324900,2,int,0.0,0,1,2.0,2
8,Determinant,570,185193000,1,int,0.08,0,0,3.0,2
4,Scaling,570,324900,2,int,0.001,0,1,2.0,2
8,Exponential,570,324900,2,mixed,0.001,0,1,2.0,2
8,Logarithm,570,324900,2,mixed,0.003,0,1,2.0,2
5,Squareroot,570,324900,2,mixed,0.001,0,1,2.0,2
8,Ludecomposition,570,61731000,3,int,0.091,0,0,3.0,2
5,Eigenvalue,570,32490000,2,mixed,0.007,1,1,2.0,2
8,Multiplication,580,195112000,3,int,0.193,0,0,3.0,2
7,Addition,580,336400,3,int,0.001,0,0,2.0,2
8,Transposition,580,336400,2,int,0.001,0,1,2.0,2
8,Determinant,580,195112000,1,int,0.083,0,0,3.0,2
4,Scaling,580,336400,2,int,0.001,0,1,2.0,2
8,Exponential,580,336400,2,mixed,0.002,0,1,2.0,2
8,Logarithm,580,336400,2,mixed,0.002,0,1,2.0,2
5,Squareroot,580,336400,2,mixed,0.002,0,1,2.0,2
8,Ludecomposition,580,65037333,3,int,0.101,0,0,3.0,2
8,Eigenvalue,580,33640000,2,mixed,0.008,1,1,2.0,2
7,Multiplication,590,205379000,3,int,0.226,0,0,3.0,2
2,Addition,590,348100,3,int,0.002,0,0,2.0,2
8,Transposition,590,348100,2,int,0.001,0,1,2.0,2
8,Determinant,590,205379000,1,int,0.088,0,0,3.0,2
3,Scaling,590,348100,2,int,0.0,0,1,2.0,2
7,Exponential,590,348100,2,mixed,0.002,0,1,2.0,2
7,Logarithm,590,348100,2,mixed,0.003,0,1,2.0,2
6,Squareroot,590,348100,2,mixed,0.001,0,1,2.0,2
8,Ludecomposition,590,68459666,3,int,0.099,0,0,3.0,2
8,Eigenvalue,590,34810000,2,mixed,0.009,1,1,2.0,2
8,Multiplication,600,216000000,3,int,0.212,0,0,3.0,2
8,Addition,600,360000,3,int,0.0,0,0,2.0,2
5,Transposition,600,360000,2,int,0.001,0,1,2.0,2
8,Determinant,600,216000000,1,int,0.09,0,0,3.0,2
4,Scaling,600,360000,2,int,0.0,0,1,2.0,2
8,Exponential,600,360000,2,mixed,0.002,0,1,2.0,2
6,Logarithm,600,360000,2,mixed,0.003,0,1,2.0,2
6,Squareroot,600,360000,2,mixed,0.001,0,1,2.0,2
8,Ludecomposition,600,72000000,3,int,0.109,0,0,3.0,2
5,Eigenvalue,600,36000000,2,mixed,0.014,1,1,2.0,2
8,Multiplication,610,226981000,3,int,0.225,0,0,3.0,2
6,Addition,610,372100,3,int,0.001,0,0,2.0,2
1,Transposition,610,372100,2,int,0.002,0,1,2.0,2
8,Determinant,610,226981000,1,int,0.093,0,0,3.0,2
6,Scaling,610,372100,2,int,0.001,0,1,2.0,2
7,Exponential,610,372100,2,mixed,0.002,0,1,2.0,2
6,Logarithm,610,372100,2,mixed,0.003,0,1,2.0,2
6,Squareroot,610,372100,2,mixed,0.001,0,1,2.0,2
8,Ludecomposition,610,75660333,3,int,0.108,0,0,3.0,2
5,Eigenvalue,610,37210000,2,mixed,0.014,1,1,2.0,2
8,Multiplication,620,238328000,3,int,0.237,0,0,3.0,2
4,Addition,620,384400,3,int,0.001,0,0,2.0,2
1,Transposition,620,384400,2,int,0.002,0,1,2.0,2
8,Determinant,620,238328000,1,int,0.096,0,0,3.0,2
2,Scaling,620,384400,2,int,0.001,0,1,2.0,2
5,Exponential,620,384400,2,mixed,0.002,0,1,2.0,2
7,Logarithm,620,384400,2,mixed,0.003,0,1,2.0,2
5,Squareroot,620,384400,2,mixed,0.002,0,1,2.0,2
8,Ludecomposition,620,79442666,3,int,0.111,0,0,3.0,2
5,Eigenvalue,620,38440000,2,mixed,0.014,1,1,2.0,2
8,Multiplication,630,250047000,3,int,0.26,0,0,3.0,2
7,Addition,630,396900,3,int,0.001,0,0,2.0,2
7,Transposition,630,396900,2,int,0.001,0,1,2.0,2
8,Determinant,630,250047000,1,int,0.1,0,0,3.0,2
5,Scaling,630,396900,2,int,0.001,0,1,2.0,2
5,Exponential,630,396900,2,mixed,0.003,0,1,2.0,2
7,Logarithm,630,396900,2,mixed,0.003,0,1,2.0,2
7,Squareroot,630,396900,2,mixed,0.002,0,1,2.0,2
8,Ludecomposition,630,83349000,3,int,0.116,0,0,3.0,2
6,Eigenvalue,630,39690000,2,mixed,0.007,1,1,2.0,2
8,Multiplication,640,262144000,3,int,0.258,0,0,3.0,2
3,Addition,640,409600,3,int,0.001,0,0,2.0,2
2,Transposition,640,409600,2,int,0.001,0,1,2.0,2
8,Determinant,640,262144000,1,int,0.113,0,0,3.0,2
6,Scaling,640,409600,2,int,0.0,0,1,2.0,2
7,Exponential,640,409600,2,mixed,0.002,0,1,2.0,2
7,Logarithm,640,409600,2,mixed,0.003,0,1,2.0,2
6,Squareroot,640,409600,2,mixed,0.002,0,1,2.0,2
8,Ludecomposition,640,87381333,3,int,0.122,0,0,3.0,2
6,Eigenvalue,640,40960000,2,mixed,0.013,1,1,2.0,2
8,Multiplication,650,274625000,3,int,0.285,0,0,3.0,2
5,Addition,650,422500,3,int,0.001,0,0,2.0,2
3,Transposition,650,422500,2,int,0.001,0,1,2.0,2
8,Determinant,650,274625000,1,int,0.108,0,0,3.0,2
5,Scaling,650,422500,2,int,0.001,0,1,2.0,2
5,Exponential,650,422500,2,mixed,0.002,0,1,2.0,2
7,Logarithm,650,422500,2,mixed,0.003,0,1,2.0,2
7,Squareroot,650,422500,2,mixed,0.002,0,1,2.0,2
8,Ludecomposition,650,91541666,3,int,0.132,0,0,3.0,2
8,Eigenvalue,650,42250000,2,mixed,0.011,1,1,2.0,2
8,Multiplication,660,287496000,3,int,0.289,0,0,3.0,2
2,Addition,660,435600,3,int,0.001,0,0,2.0,2
2,Transposition,660,435600,2,int,0.002,0,1,2.0,2
8,Determinant,660,287496000,1,int,0.111,0,0,3.0,2
8,Scaling,660,435600,2,int,0.0,0,1,2.0,2
5,Exponential,660,435600,2,mixed,0.002,0,1,2.0,2
8,Logarithm,660,435600,2,mixed,0.003,0,1,2.0,2
7,Squareroot,660,435600,2,mixed,0.001,0,1,2.0,2
8,Ludecomposition,660,95832000,3,int,0.129,0,0,3.0,2
8,Eigenvalue,660,43560000,2,mixed,0.012,1,1,2.0,2
8,Multiplication,670,300763000,3,int,0.311,0,0,3.0,2
5,Addition,670,448900,3,int,0.001,0,0,2.0,2
6,Transposition,670,448900,2,int,0.001,0,1,2.0,2
8,Determinant,670,300763000,1,int,0.115,0,0,3.0,2
3,Scaling,670,448900,2,int,0.0,0,1,2.0,2
7,Exponential,670,448900,2,mixed,0.002,0,1,2.0,2
7,Logarithm,670,448900,2,mixed,0.004,0,1,2.0,2
5,Squareroot,670,448900,2,mixed,0.003,0,1,2.0,2
8,Ludecomposition,670,100254333,3,int,0.134,0,0,3.0,2
8,Eigenvalue,670,44890000,2,mixed,0.012,1,1,2.0,2
8,Multiplication,680,314432000,3,int,0.404,0,0,3.0,2
2,Addition,680,462400,3,int,0.001,0,0,2.0,2
4,Transposition,680,462400,2,int,0.001,0,1,2.0,2
8,Determinant,680,314432000,1,int,0.12,0,0,3.0,2
7,Scaling,680,462400,2,int,0.0,0,1,2.0,2
7,Exponential,680,462400,2,mixed,0.002,0,1,2.0,2
6,Logarithm,680,462400,2,mixed,0.004,0,1,2.0,2
5,Squareroot,680,462400,2,mixed,0.004,0,1,2.0,2
8,Ludecomposition,680,104810666,3,int,0.141,0,0,3.0,2
6,Eigenvalue,680,46240000,2,mixed,0.014,1,1,2.0,2
8,Multiplication,690,328509000,3,int,0.333,0,0,3.0,2
6,Addition,690,476100,3,int,0.001,0,0,2.0,2
2,Transposition,690,476100,2,int,0.001,0,1,2.0,2
8,Determinant,690,328509000,1,int,0.126,0,0,3.0,2
6,Scaling,690,476100,2,int,0.001,0,1,2.0,2
4,Exponential,690,476100,2,mixed,0.003,0,1,2.0,2
8,Logarithm,690,476100,2,mixed,0.003,0,1,2.0,2
7,Squareroot,690,476100,2,mixed,0.001,0,1,2.0,2
8,Ludecomposition,690,109503000,3,int,0.143,0,0,3.0,2
8,Eigenvalue,690,47610000,2,mixed,0.012,1,1,2.0,2
7,Multiplication,700,343000000,3,int,0.411,0,0,3.0,2
1,Addition,700,490000,3,int,0.002,0,0,2.0,2
2,Transposition,700,490000,2,int,0.001,0,1,2.0,2
8,Determinant,700,343000000,1,int,0.133,0,0,3.0,2
5,Scaling,700,490000,2,int,0.001,0,1,2.0,2
7,Exponential,700,490000,2,mixed,0.002,0,1,2.0,2
6,Logarithm,700,490000,2,mixed,0.004,0,1,2.0,2
8,Squareroot,700,490000,2,mixed,0.002,0,1,2.0,2
8,Ludecomposition,700,114333333,3,int,0.162,0,0,3.0,2
5,Eigenvalue,700,49000000,2,mixed,0.011,1,1,2.0,2
8,Multiplication,710,357911000,3,int,0.388,0,0,3.0,2
3,Addition,710,504100,3,int,0.002,0,0,2.0,2
8,Transposition,710,504100,2,int,0.002,0,1,2.0,2
8,Determinant,710,357911000,1,int,0.135,0,0,3.0,2
6,Scaling,710,504100,2,int,0.001,0,1,2.0,2
5,Exponential,710,504100,2,mixed,0.003,0,1,2.0,2
5,Logarithm,710,504100,2,mixed,0.005,0,1,2.0,2
4,Squareroot,710,504100,2,mixed,0.003,0,1,2.0,2
8,Ludecomposition,710,119303666,3,int,0.163,0,0,3.0,2
8,Eigenvalue,710,50410000,2,mixed,0.013,1,1,2.0,2
8,Multiplication,720,373248000,3,int,0.431,0,0,3.0,2
4,Addition,720,518400,3,int,0.002,0,0,2.0,2
3,Transposition,720,518400,2,int,0.001,0,1,2.0,2
7,Determinant,720,373248000,1,int,0.152,0,0,3.0,2
2,Scaling,720,518400,2,int,0.001,0,1,2.0,2
8,Exponential,720,518400,2,mixed,0.003,0,1,2.0,2
8,Logarithm,720,518400,2,mixed,0.003,0,1,2.0,2
4,Squareroot,720,518400,2,mixed,0.002,0,1,2.0,2
8,Ludecomposition,720,124416000,3,int,0.158,0,0,3.0,2
7,Eigenvalue,720,51840000,2,mixed,0.013,1,1,2.0,2
8,Multiplication,730,389017000,3,int,0.401,0,0,3.0,2
4,Addition,730,532900,3,int,0.002,0,0,2.0,2
3,Transposition,730,532900,2,int,0.003,0,1,2.0,2
8,Determinant,730,389017000,1,int,0.147,0,0,3.0,2
2,Scaling,730,532900,2,int,0.001,0,1,2.0,2
8,Exponential,730,532900,2,mixed,0.003,0,1,2.0,2
8,Logarithm,730,532900,2,mixed,0.006,0,1,2.0,2
8,Squareroot,730,532900,2,mixed,0.002,0,1,2.0,2
8,Ludecomposition,730,129672333,3,int,0.163,0,0,3.0,2
8,Eigenvalue,730,53290000,2,mixed,0.013,1,1,2.0,2
8,Multiplication,740,405224000,3,int,0.427,0,0,3.0,2
4,Addition,740,547600,3,int,0.001,0,0,2.0,2
8,Transposition,740,547600,2,int,0.002,0,1,2.0,2
8,Determinant,740,405224000,1,int,0.146,0,0,3.0,2
6,Scaling,740,547600,2,int,0.001,0,1,2.0,2
5,Exponential,740,547600,2,mixed,0.003,0,1,2.0,2
8,Logarithm,740,547600,2,mixed,0.003,0,1,2.0,2
8,Squareroot,740,547600,2,mixed,0.002,0,1,2.0,2
8,Ludecomposition,740,135074666,3,int,0.168,0,0,3.0,2
5,Eigenvalue,740,54760000,2,mixed,0.011,1,1,2.0,2
8,Multiplication,750,421875000,3,int,0.442,0,0,3.0,2
6,Addition,750,562500,3,int,0.001,0,0,2.0,2
3,Transposition,750,562500,2,int,0.002,0,1,2.0,2
8,Determinant,750,421875000,1,int,0.15,0,0,3.0,2
7,Scaling,750,562500,2,int,0.001,0,1,2.0,2
8,Exponential,750,562500,2,mixed,0.003,0,1,2.0,2
8,Logarithm,750,562500,2,mixed,0.004,0,1,2.0,2
8,Squareroot,750,562500,2,mixed,0.001,0,1,2.0,2
8,Ludecomposition,750,140625000,3,int,0.177,0,0,3.0,2
8,Eigenvalue,750,56250000,2,mixed,0.012,1,1,2.0,2
8,Multiplication,760,438976000,3,int,0.469,0,0,3.0,2
4,Addition,760,577600,3,int,0.002,0,0,2.0,2
4,Transposition,760,577600,2,int,0.001,0,1,2.0,2
8,Determinant,760,438976000,1,int,0.154,0,0,3.0,2
6,Scaling,760,577600,2,int,0.001,0,1,2.0,2
7,Exponential,760,577600,2,mixed,0.003,0,1,2.0,2
6,Logarithm,760,577600,2,mixed,0.006,0,1,2.0,2
6,Squareroot,760,577600,2,mixed,0.003,0,1,2.0,2
6,Ludecomposition,760,146325333,3,int,0.147,0,0,3.0,2
5,Eigenvalue,760,57760000,2,mixed,0.013,1,1,2.0,2
6,Multiplication,770,456533000,3,int,0.402,0,0,3.0,2
7,Addition,770,592900,3,int,0.001,0,0,2.0,2
2,Transposition,770,592900,2,int,0.001,0,1,2.0,2
6,Determinant,770,456533000,1,int,0.12,0,0,3.0,2
2,Scaling,770,592900,2,int,0.001,0,1,2.0,2
8,Exponential,770,592900,2,mixed,0.002,0,1,2.0,2
7,Logarithm,770,592900,2,mixed,0.004,0,1,2.0,2
8,Squareroot,770,592900,2,mixed,0.001,0,1,2.0,2
6,Ludecomposition,770,152177666,3,int,0.15,0,0,3.0,2
6,Eigenvalue,770,59290000,2,mixed,0.011,1,1,2.0,2
6,Multiplication,780,474552000,3,int,0.457,0,0,3.0,2
5,Addition,780,608400,3,int,0.001,0,0,2.0,2
2,Transposition,780,608400,2,int,0.002,0,1,2.0,2
6,Determinant,780,474552000,1,int,0.124,0,0,3.0,2
3,Scaling,780,608400,2,int,0.001,0,1,2.0,2
5,Exponential,780,608400,2,mixed,0.003,0,1,2.0,2
7,Logarithm,780,608400,2,mixed,0.004,0,1,2.0,2
4,Squareroot,780,608400,2,mixed,0.006,0,1,2.0,2
6,Ludecomposition,780,158184000,3,int,0.155,0,0,3.0,2
6,Eigenvalue,780,60840000,2,mixed,0.011,1,1,2.0,2
8,Multiplication,790,493039000,3,int,0.452,0,0,3.0,2
5,Addition,790,624100,3,int,0.001,0,0,2.0,2
1,Transposition,790,624100,2,int,0.002,0,1,2.0,2
6,Determinant,790,493039000,1,int,0.129,0,0,3.0,2
4,Scaling,790,624100,2,int,0.001,0,1,2.0,2
6,Exponential,790,624100,2,mixed,0.003,0,1,2.0,2
8,Logarithm,790,624100,2,mixed,0.004,0,1,2.0,2
7,Squareroot,790,624100,2,mixed,0.003,0,1,2.0,2
6,Ludecomposition,790,164346333,3,int,0.16,0,0,3.0,2
5,Eigenvalue,790,62410000,2,mixed,0.012,1,1,2.0,2
6,Multiplication,800,512000000,3,int,0.473,0,0,3.0,2
4,Addition,800,640000,3,int,0.001,0,0,2.0,2
5,Transposition,800,640000,2,int,0.001,0,1,2.0,2
6,Determinant,800,512000000,1,int,0.133,0,0,3.0,2
3,Scaling,800,640000,2,int,0.001,0,1,2.0,2
5,Exponential,800,640000,2,mixed,0.003,0,1,2.0,2
8,Logarithm,800,640000,2,mixed,0.004,0,1,2.0,2
5,Squareroot,800,640000,2,mixed,0.002,0,1,2.0,2
6,Ludecomposition,800,170666666,3,int,0.166,0,0,3.0,2
6,Eigenvalue,800,64000000,2,mixed,0.012,1,1,2.0,2
8,Multiplication,810,531441000,3,int,0.503,0,0,3.0,2
4,Addition,810,656100,3,int,0.002,0,0,2.0,2
3,Transposition,810,656100,2,int,0.001,0,1,2.0,2
6,Determinant,810,531441000,1,int,0.138,0,0,3.0,2
3,Scaling,810,656100,2,int,0.001,0,1,2.0,2
5,Exponential,810,656100,2,mixed,0.004,0,1,2.0,2
8,Logarithm,810,656100,2,mixed,0.004,0,1,2.0,2
7,Squareroot,810,656100,2,mixed,0.003,0,1,2.0,2
6,Ludecomposition,810,177147000,3,int,0.173,0,0,3.0,2
6,Eigenvalue,810,65610000,2,mixed,0.012,1,1,2.0,2
6,Multiplication,820,551368000,3,int,0.484,0,0,3.0,2
4,Addition,820,672400,3,int,0.001,0,0,2.0,2
4,Transposition,820,672400,2,int,0.005,0,1,2.0,2
6,Determinant,820,551368000,1,int,0.144,0,0,3.0,2
3,Scaling,820,672400,2,int,0.002,0,1,2.0,2
7,Exponential,820,672400,2,mixed,0.004,0,1,2.0,2
7,Logarithm,820,672400,2,mixed,0.004,0,1,2.0,2
8,Squareroot,820,672400,2,mixed,0.002,0,1,2.0,2
6,Ludecomposition,820,183789333,3,int,0.177,0,0,3.0,2
6,Eigenvalue,820,67240000,2,mixed,0.011,1,1,2.0,2
7,Multiplication,830,571787000,3,int,0.658,0,0,3.0,2
4,Addition,830,688900,3,int,0.002,0,0,2.0,2
2,Transposition,830,688900,2,int,0.002,0,1,2.0,2
5,Determinant,830,571787000,1,int,0.177,0,0,3.0,2
3,Scaling,830,688900,2,int,0.001,0,1,2.0,2
6,Exponential,830,688900,2,mixed,0.004,0,1,2.0,2
8,Logarithm,830,688900,2,mixed,0.004,0,1,2.0,2
7,Squareroot,830,688900,2,mixed,0.002,0,1,2.0,2
5,Ludecomposition,830,190595666,3,int,0.213,0,0,3.0,2
8,Eigenvalue,830,68890000,2,mixed,0.017,1,1,2.0,2
7,Multiplication,840,592704000,3,int,0.578,0,0,3.0,2
5,Addition,840,705600,3,int,0.002,0,0,2.0,2
4,Transposition,840,705600,2,int,0.002,0,1,2.0,2
6,Determinant,840,592704000,1,int,0.153,0,0,3.0,2
3,Scaling,840,705600,2,int,0.001,0,1,2.0,2
7,Exponential,840,705600,2,mixed,0.003,0,1,2.0,2
6,Logarithm,840,705600,2,mixed,0.005,0,1,2.0,2
7,Squareroot,840,705600,2,mixed,0.002,0,1,2.0,2
6,Ludecomposition,840,197568000,3,int,0.189,0,0,3.0,2
6,Eigenvalue,840,70560000,2,mixed,0.012,1,1,2.0,2
6,Multiplication,850,614125000,3,int,0.64,0,0,3.0,2
6,Addition,850,722500,3,int,0.002,0,0,2.0,2
5,Transposition,850,722500,2,int,0.002,0,1,2.0,2
6,Determinant,850,614125000,1,int,0.158,0,0,3.0,2
4,Scaling,850,722500,2,int,0.002,0,1,2.0,2
7,Exponential,850,722500,2,mixed,0.003,0,1,2.0,2
7,Logarithm,850,722500,2,mixed,0.005,0,1,2.0,2
7,Squareroot,850,722500,2,mixed,0.002,0,1,2.0,2
6,Ludecomposition,850,204708333,3,int,0.195,0,0,3.0,2
5,Eigenvalue,850,72250000,2,mixed,0.014,1,1,2.0,2
7,Multiplication,860,636056000,3,int,0.6992499999999999,0,0,3.0,2
3,Addition,860,739600,3,int,0.002,0,0,2.0,2
4,Transposition,860,739600,2,int,0.002,0,1,2.0,2
6,Determinant,860,636056000,1,int,0.161,0,0,3.0,2
5,Scaling,860,739600,2,int,0.001,0,1,2.0,2
7,Exponential,860,739600,2,mixed,0.003,0,1,2.0,2
8,Logarithm,860,739600,2,mixed,0.004,0,1,2.0,2
7,Squareroot,860,739600,2,mixed,0.002,0,1,2.0,2
6,Ludecomposition,860,212018666,3,int,0.21,0,0,3.0,2
6,Eigenvalue,860,73960000,2,mixed,0.012,1,1,2.0,2
6,Multiplication,870,658503000,3,int,0.631,0,0,3.0,2
2,Addition,870,756900,3,int,0.002,0,0,2.0,2
2,Transposition,870,756900,2,int,0.002,0,1,2.0,2
6,Determinant,870,658503000,1,int,0.166,0,0,3.0,2
5,Scaling,870,756900,2,int,0.001,0,1,2.0,2
7,Exponential,870,756900,2,mixed,0.003,0,1,2.0,2
8,Logarithm,870,756900,2,mixed,0.004,0,1,2.0,2
8,Squareroot,870,756900,2,mixed,0.003,0,1,2.0,2
6,Ludecomposition,870,219501000,3,int,0.207,0,0,3.0,2
6,Eigenvalue,870,75690000,2,mixed,0.01,1,1,2.0,2
8,Multiplication,880,681472000,3,int,0.669,0,0,3.0,2
3,Addition,880,774400,3,int,0.001,0,0,2.0,2
8,Transposition,880,774400,2,int,0.001,0,1,2.0,2
6,Determinant,880,681472000,1,int,0.173,0,0,3.0,2
4,Scaling,880,774400,2,int,0.002,0,1,2.0,2
6,Exponential,880,774400,2,mixed,0.004,0,1,2.0,2
7,Logarithm,880,774400,2,mixed,0.005,0,1,2.0,2
6,Squareroot,880,774400,2,mixed,0.003,0,1,2.0,2
6,Ludecomposition,880,227157333,3,int,0.219,0,0,3.0,2
5,Eigenvalue,880,77440000,2,mixed,0.012,1,1,2.0,2
6,Multiplication,890,704969000,3,int,0.6992499999999999,0,0,3.0,2
4,Addition,890,792100,3,int,0.002,0,0,2.0,2
2,Transposition,890,792100,2,int,0.002,0,1,2.0,2
6,Determinant,890,704969000,1,int,0.178,0,0,3.0,2
5,Scaling,890,792100,2,int,0.001,0,1,2.0,2
7,Exponential,890,792100,2,mixed,0.003,0,1,2.0,2
8,Logarithm,890,792100,2,mixed,0.005,0,1,2.0,2
8,Squareroot,890,792100,2,mixed,0.003,0,1,2.0,2
6,Ludecomposition,890,234989666,3,int,0.227,0,0,3.0,2
5,Eigenvalue,890,79210000,2,mixed,0.015,1,1,2.0,2
6,Multiplication,900,729000000,3,int,0.688,0,0,3.0,2
6,Addition,900,810000,3,int,0.002,0,0,2.0,2
3,Transposition,900,810000,2,int,0.002,0,1,2.0,2
6,Determinant,900,729000000,1,int,0.189,0,0,3.0,2
3,Scaling,900,810000,2,int,0.002,0,1,2.0,2
7,Exponential,900,810000,2,mixed,0.004,0,1,2.0,2
8,Logarithm,900,810000,2,mixed,0.005,0,1,2.0,2
8,Squareroot,900,810000,2,mixed,0.003,0,1,2.0,2
6,Ludecomposition,900,243000000,3,int,0.233,0,0,3.0,2
6,Eigenvalue,900,81000000,2,mixed,0.019,1,1,2.0,2
6,Multiplication,910,753571000,3,int,0.6992499999999999,0,0,3.0,2
7,Addition,910,828100,3,int,0.001,0,0,2.0,2
3,Transposition,910,828100,2,int,0.004,0,1,2.0,2
6,Determinant,910,753571000,1,int,0.194,0,0,3.0,2
3,Scaling,910,828100,2,int,0.002,0,1,2.0,2
8,Exponential,910,828100,2,mixed,0.004,0,1,2.0,2
8,Logarithm,910,828100,2,mixed,0.005,0,1,2.0,2
5,Squareroot,910,828100,2,mixed,0.003,0,1,2.0,2
6,Ludecomposition,910,251190333,3,int,0.236,0,0,3.0,2
6,Eigenvalue,910,82810000,2,mixed,0.015,1,1,2.0,2
6,Multiplication,920,778688000,3,int,0.6992499999999999,0,0,3.0,2
5,Addition,920,846400,3,int,0.002,0,0,2.0,2
4,Transposition,920,846400,2,int,0.002,0,1,2.0,2
6,Determinant,920,778688000,1,int,0.198,0,0,3.0,2
5,Scaling,920,846400,2,int,0.001,0,1,2.0,2
6,Exponential,920,846400,2,mixed,0.004,0,1,2.0,2
8,Logarithm,920,846400,2,mixed,0.005,0,1,2.0,2
6,Squareroot,920,846400,2,mixed,0.003,0,1,2.0,2
6,Ludecomposition,920,259562666,3,int,0.245,0,0,3.0,2
6,Eigenvalue,920,84640000,2,mixed,0.015,1,1,2.0,2
6,Multiplication,930,804357000,3,int,0.6992499999999999,0,0,3.0,2
5,Addition,930,864900,3,int,0.002,0,0,2.0,2
3,Transposition,930,864900,2,int,0.002,0,1,2.0,2
6,Determinant,930,804357000,1,int,0.201,0,0,3.0,2
4,Scaling,930,864900,2,int,0.002,0,1,2.0,2
7,Exponential,930,864900,2,mixed,0.004,0,1,2.0,2
8,Logarithm,930,864900,2,mixed,0.005,0,1,2.0,2
4,Squareroot,930,864900,2,mixed,0.004,0,1,2.0,2
6,Ludecomposition,930,268119000,3,int,0.25,0,0,3.0,2
6,Eigenvalue,930,86490000,2,mixed,0.016,1,1,2.0,2
7,Multiplication,940,804357000,3,int,0.6992499999999999,0,0,3.0,2
6,Addition,940,883600,3,int,0.002,0,0,2.0,2
2,Transposition,940,883600,2,int,0.002,0,1,2.0,2
6,Determinant,940,804357000,1,int,0.214,0,0,3.0,2
6,Scaling,940,883600,2,int,0.002,0,1,2.0,2
5,Exponential,940,883600,2,mixed,0.007,0,1,2.0,2
8,Logarithm,940,883600,2,mixed,0.005,0,1,2.0,2
8,Squareroot,940,883600,2,mixed,0.002,0,1,2.0,2
6,Ludecomposition,940,276861333,3,int,0.257,0,0,3.0,2
6,Eigenvalue,940,88360000,2,mixed,0.016,1,1,2.0,2
6,Multiplication,950,804357000,3,int,0.6992499999999999,0,0,3.0,2
6,Addition,950,902500,3,int,0.002,0,0,2.0,2
5,Transposition,950,902500,2,int,0.003,0,1,2.0,2
6,Determinant,950,804357000,1,int,0.214,0,0,3.0,2
5,Scaling,950,902500,2,int,0.002,0,1,2.0,2
6,Exponential,950,902500,2,mixed,0.003,0,1,2.0,2
8,Logarithm,950,902500,2,mixed,0.006,0,1,2.0,2
5,Squareroot,950,902500,2,mixed,0.003,0,1,2.0,2
6,Ludecomposition,950,285791666,3,int,0.263,0,0,3.0,2
6,Eigenvalue,950,90250000,2,mixed,0.016,1,1,2.0,2
6,Multiplication,960,804357000,3,int,0.6992499999999999,0,0,3.0,2
4,Addition,960,921600,3,int,0.003,0,0,2.0,2
4,Transposition,960,921600,2,int,0.002,0,1,2.0,2
5,Determinant,960,804357000,1,int,0.27,0,0,3.0,2
3,Scaling,960,921600,2,int,0.002,0,1,2.0,2
8,Exponential,960,921600,2,mixed,0.004,0,1,2.0,2
8,Logarithm,960,921600,2,mixed,0.005,0,1,2.0,2
5,Squareroot,960,921600,2,mixed,0.004,0,1,2.0,2
8,Ludecomposition,960,294912000,3,int,0.345,0,0,3.0,2
5,Eigenvalue,960,92160000,2,mixed,0.02,1,1,2.0,2
7,Multiplication,970,804357000,3,int,0.6992499999999999,0,0,3.0,2
6,Addition,970,940900,3,int,0.002,0,0,2.0,2
1,Transposition,970,940900,2,int,0.004,0,1,2.0,2
6,Determinant,970,804357000,1,int,0.232,0,0,3.0,2
5,Scaling,970,940900,2,int,0.001,0,1,2.0,2
8,Exponential,970,940900,2,mixed,0.004,0,1,2.0,2
8,Logarithm,970,940900,2,mixed,0.005,0,1,2.0,2
6,Squareroot,970,940900,2,mixed,0.003,0,1,2.0,2
6,Ludecomposition,970,304224333,3,int,0.281,0,0,3.0,2
6,Eigenvalue,970,94090000,2,mixed,0.017,1,1,2.0,2
6,Multiplication,980,804357000,3,int,0.6992499999999999,0,0,3.0,2
5,Addition,980,960400,3,int,0.002,0,0,2.0,2
2,Transposition,980,960400,2,int,0.003,0,1,2.0,2
6,Determinant,980,804357000,1,int,0.239,0,0,3.0,2
4,Scaling,980,960400,2,int,0.002,0,1,2.0,2
5,Exponential,980,960400,2,mixed,0.006,0,1,2.0,2
8,Logarithm,980,960400,2,mixed,0.007,0,1,2.0,2
7,Squareroot,980,960400,2,mixed,0.003,0,1,2.0,2
8,Ludecomposition,980,313730666,3,int,0.355,0,0,3.0,2
6,Eigenvalue,980,96040000,2,mixed,0.019,1,1,2.0,2
6,Multiplication,990,804357000,3,int,0.6992499999999999,0,0,3.0,2
4,Addition,990,980100,3,int,0.003,0,0,2.0,2
3,Transposition,990,980100,2,int,0.002,0,1,2.0,2
6,Determinant,990,804357000,1,int,0.249,0,0,3.0,2
2,Scaling,990,980100,2,int,0.001,0,1,2.0,2
8,Exponential,990,980100,2,mixed,0.004,0,1,2.0,2
8,Logarithm,990,980100,2,mixed,0.005,0,1,2.0,2
8,Squareroot,990,980100,2,mixed,0.003,0,1,2.0,2
6,Ludecomposition,990,323433000,3,int,0.298,0,0,3.0,2
6,Eigenvalue,990,98010000,2,mixed,0.021,1,1,2.0,2
6,Multiplication,990,804357000,3,int,0.6992499999999999,0,0,3.0,2
3,Addition,990,1000000,3,int,0.002,0,0,2.0,2
4,Transposition,990,1000000,2,int,0.002,0,1,2.0,2
6,Determinant,990,804357000,1,int,0.259,0,0,3.0,2
1,Scaling,990,1000000,2,int,0.003,0,1,2.0,2
6,Exponential,990,1000000,2,mixed,0.004,0,1,2.0,2
8,Logarithm,990,1000000,2,mixed,0.006,0,1,2.0,2
8,Squareroot,990,1000000,2,mixed,0.003,0,1,2.0,2
6,Ludecomposition,990,333333333,3,int,0.31,0,0,3.0,2
6,Eigenvalue,990,100000000,2,mixed,0.017,1,1,2.0,2
5,Multiplication,0,0,3,int,0.000938650248432,0,0,3.0,0
1,Addition,0,0,3,int,0.0,0,0,2.0,0
1,Determinant,0,0,1,int,0.001080074570964,0,0,3.0,0
1,Scaling,0,0,2,int,0.0,0,1,2.0,0
1,Exponential,0,0,2,mixed,0.00103809279087,0,1,2.0,0
1,Ludecomposition,0,0,3,int,0.0018037370331866,0,0,3.0,0
1,Eigenvalue,100,1000000,2,mixed,0.0009450151657439,1,1,2.0,0
4,Multiplication,110,1331000,3,int,0.0009148734809538,0,0,3.0,0
1,Determinant,110,1331000,1,int,0.0018822893229347,0,0,3.0,0
1,Exponential,0,0,2,mixed,0.0009941413825156,0,1,2.0,0
1,Logarithm,0,0,2,mixed,0.0009916474306073,0,1,2.0,0
1,Ludecomposition,110,443666,3,int,0.0019069918134738,0,0,3.0,0
6,Multiplication,120,1728000,3,int,0.0030856436114457,0,0,3.0,0
1,Determinant,0,0,1,int,0.0018882166893313,0,0,3.0,0
2,Exponential,0,0,2,mixed,0.0,0,1,2.0,0
2,Logarithm,0,0,2,mixed,0.0,0,1,2.0,0
1,Squareroot,0,0,2,mixed,0.0009814015059263,0,1,2.0,0
1,Ludecomposition,0,0,3,int,0.0026720821499094,0,0,3.0,0
1,Eigenvalue,0,0,2,mixed,0.0,1,1,2.0,0
4,Multiplication,0,0,3,int,0.0032620753495788,0,0,3.0,0
1,Transposition,0,0,2,int,0.0,0,1,2.0,0
1,Determinant,130,2197000,1,int,0.00284632678792,0,0,3.0,0
1,Logarithm,0,0,2,mixed,0.0010410337094182,0,1,2.0,0
1,Ludecomposition,0,0,3,int,0.0040144753014222,0,0,3.0,0
4,Eigenvalue,0,0,2,mixed,0.0010631647020194,1,1,2.0,0
6,Multiplication,140,2744000,3,int,0.0040645925361377,0,0,3.0,0
1,Determinant,140,2744000,1,int,0.0031460092542926,0,0,3.0,0
2,Exponential,140,19600,2,mixed,0.0009181300558207,0,1,2.0,0
1,Logarithm,140,19600,2,mixed,0.0010322185159402,0,1,2.0,0
1,Squareroot,0,0,2,mixed,0.0,0,1,2.0,0
1,Ludecomposition,0,0,3,int,0.0039310958711503,0,0,3.0,0
5,Eigenvalue,140,1960000,2,mixed,0.0010096963670779,1,1,2.0,0
5,Multiplication,150,3375000,3,int,0.0062257279203436,0,0,3.0,0
1,Determinant,150,3375000,1,int,0.0043074846979105,0,0,3.0,0
1,Ludecomposition,150,1125000,3,int,0.0048407157419269,0,0,3.0,0
4,Eigenvalue,150,2250000,2,mixed,0.0009571952495013,1,1,2.0,0
5,Multiplication,160,4096000,3,int,0.0038691754212003,0,0,3.0,0
1,Determinant,0,0,1,int,0.005488373283892,0,0,3.0,0
1,Exponential,0,0,2,mixed,0.001063640948729,0,1,2.0,0
2,Logarithm,160,25600,2,mixed,0.0009337873526846,0,1,2.0,0
1,Ludecomposition,0,0,3,int,0.0076692060341533,0,0,3.0,0
2,Eigenvalue,0,0,2,mixed,0.0009541885368242,1,1,2.0,0
6,Multiplication,170,4913000,3,int,0.0072435569291252,0,0,3.0,0
1,Determinant,170,4913000,1,int,0.0048090721812548,0,0,3.0,0
2,Exponential,0,0,2,mixed,0.0009280198809993,0,1,2.0,0
3,Logarithm,0,0,2,mixed,0.0,0,1,2.0,0
2,Squareroot,0,0,2,mixed,0.0,0,1,2.0,0
1,Ludecomposition,0,0,3,int,0.0080165866329304,0,0,3.0,0
6,Multiplication,0,0,3,int,0.0081971073123675,0,0,3.0,0
1,Determinant,180,5832000,1,int,0.0070486865370971,0,0,3.0,0
2,Exponential,0,0,2,mixed,0.0009653035825013,0,1,2.0,0
4,Logarithm,180,32400,2,mixed,0.0010107410782605,0,1,2.0,0
1,Ludecomposition,0,0,3,int,0.0094123808159767,0,0,3.0,0
4,Eigenvalue,180,3240000,2,mixed,0.0010422765709956,1,1,2.0,0
6,Multiplication,0,0,3,int,0.0088268043916432,0,0,3.0,0
2,Addition,0,0,3,int,0.0,0,0,2.0,0
1,Determinant,0,0,1,int,0.0077288943260521,0,0,3.0,0
1,Scaling,0,0,2,int,0.0010638213366134,0,1,2.0,0
2,Ludecomposition,190,2286333,3,int,0.0099056466364462,0,0,3.0,0
2,Eigenvalue,190,3610000,2,mixed,0.0009611901494016,1,1,2.0,0
5,Multiplication,200,8000000,3,int,0.0086374908112567,0,0,3.0,0
4,Determinant,0,0,1,int,0.0084582761960547,0,0,3.0,0
2,Scaling,0,0,2,int,0.0,0,1,2.0,0
3,Exponential,200,40000,2,mixed,0.0010352083359424,0,1,2.0,0
5,Logarithm,0,0,2,mixed,0.0,0,1,2.0,0
6,Ludecomposition,200,2666666,3,int,0.00958791876032,0,0,3.0,0
1,Eigenvalue,0,0,2,mixed,0.001027198578002,1,1,2.0,0
6,Multiplication,0,0,3,int,0.0126342708260285,0,0,3.0,0
1,Determinant,0,0,1,int,0.009255633775232,0,0,3.0,0
3,Exponential,210,44100,2,mixed,0.0010132838825972,0,1,2.0,0
4,Logarithm,210,44100,2,mixed,0.0010628779516136,0,1,2.0,0
4,Ludecomposition,210,3087000,3,int,0.0108107220325709,0,0,3.0,0
5,Multiplication,0,0,3,int,0.0104458424073568,0,0,3.0,0
2,Addition,220,48400,3,int,0.0009501161798842,0,0,2.0,0
5,Determinant,0,0,1,int,0.0109996399199031,0,0,3.0,0
3,Exponential,0,0,2,mixed,0.0009382128938746,0,1,2.0,0
6,Logarithm,220,48400,2,mixed,0.0010386286423392,0,1,2.0,0
5,Ludecomposition,0,0,3,int,0.0118009787049009,0,0,3.0,0
5,Eigenvalue,0,0,2,mixed,0.0,1,1,2.0,0
5,Multiplication,0,0,3,int,0.0103676767737854,0,0,3.0,0
4,Determinant,230,12167000,1,int,0.0107606120949193,0,0,3.0,0
4,Exponential,230,52900,2,mixed,0.0009733300675948,0,1,2.0,0
6,Logarithm,0,0,2,mixed,0.0008999820143885,0,1,2.0,0
2,Squareroot,0,0,2,mixed,0.0010115011359888,0,1,2.0,0
6,Ludecomposition,0,0,3,int,0.01281087447486,0,0,3.0,0
3,Eigenvalue,0,0,2,mixed,0.0009898114133808,1,1,2.0,0
6,Multiplication,0,0,3,int,0.0180403019411914,0,0,3.0,0
3,Determinant,0,0,1,int,0.0107905732962587,0,0,3.0,0
2,Squareroot,240,57600,2,mixed,0.0010705781659433,0,1,2.0,0
6,Ludecomposition,0,0,3,int,0.0134328343348154,0,0,3.0,0
6,Eigenvalue,240,5760000,2,mixed,0.000978533166175,1,1,2.0,0
6,Multiplication,250,15625000,3,int,0.0190000544748523,0,0,3.0,0
5,Determinant,0,0,1,int,0.0143118243962911,0,0,3.0,0
3,Exponential,0,0,2,mixed,0.0010760871975448,0,1,2.0,0
5,Logarithm,250,62500,2,mixed,0.0009827069823217,0,1,2.0,0
1,Squareroot,250,62500,2,mixed,0.0009913366875327,0,1,2.0,0
6,Ludecomposition,250,5208333,3,int,0.0155506020574473,0,0,3.0,0
4,Eigenvalue,0,0,2,mixed,0.0010243043400654,1,1,2.0,0
6,Multiplication,260,17576000,3,int,0.0222572009865345,0,0,3.0,0
1,Transposition,260,67600,2,int,0.0010421906432075,0,1,2.0,0
6,Determinant,0,0,1,int,0.0152127050875411,0,0,3.0,0
1,Scaling,260,67600,2,int,0.0008694640343555,0,1,2.0,0
5,Exponential,0,0,2,mixed,0.0010014292471435,0,1,2.0,0
5,Logarithm,260,67600,2,mixed,0.0010526610080082,0,1,2.0,0
4,Ludecomposition,260,5858666,3,int,0.0157679000440309,0,0,3.0,0
3,Eigenvalue,260,6760000,2,mixed,0.0010060062171875,1,1,2.0,0
6,Multiplication,270,19683000,3,int,0.0266778523653498,0,0,3.0,0
5,Determinant,0,0,1,int,0.0149833173279622,0,0,3.0,0
5,Logarithm,0,0,2,mixed,0.0010129298598238,0,1,2.0,0
1,Squareroot,0,0,2,mixed,0.0010569744049984,0,1,2.0,0
6,Ludecomposition,0,0,3,int,0.0162626971370538,0,0,3.0,0
6,Multiplication,0,0,3,int,0.0261424958045765,0,0,3.0,0
1,Transposition,0,0,2,int,0.0009919054078471,0,1,2.0,0
4,Determinant,280,21952000,1,int,0.0159301238995614,0,0,3.0,0
4,Exponential,0,0,2,mixed,0.0,0,1,2.0,0
8,Logarithm,0,0,2,mixed,0.0,0,1,2.0,0
3,Squareroot,280,78400,2,mixed,0.0010404429095382,0,1,2.0,0
5,Ludecomposition,280,7317333,3,int,0.0174502162005845,0,0,3.0,0
3,Eigenvalue,0,0,2,mixed,0.0010747098162871,1,1,2.0,0
8,Multiplication,0,0,3,int,0.0238899098870938,0,0,3.0,0
5,Determinant,0,0,1,int,0.0158462014960311,0,0,3.0,0
5,Exponential,0,0,2,mixed,0.0,0,1,2.0,0
6,Logarithm,0,0,2,mixed,0.0,0,1,2.0,0
1,Squareroot,0,0,2,mixed,0.0009521814423245,0,1,2.0,0
6,Ludecomposition,0,0,3,int,0.0191333362657968,0,0,3.0,0
4,Eigenvalue,290,8410000,2,mixed,0.0009978922198215,1,1,2.0,0
6,Multiplication,300,27000000,3,int,0.0312793754140953,0,0,3.0,0
1,Addition,0,0,3,int,0.0010186168041806,0,0,2.0,0
5,Determinant,0,0,1,int,0.0178509720001415,0,0,3.0,0
2,Scaling,300,90000,2,int,0.0009163400674183,0,1,2.0,0
4,Exponential,300,90000,2,mixed,0.0010773437696069,0,1,2.0,0
8,Logarithm,0,0,2,mixed,0.0009796358087711,0,1,2.0,0
3,Squareroot,300,90000,2,mixed,0.0010547545647383,0,1,2.0,0
6,Ludecomposition,300,9000000,3,int,0.0251979849790435,0,0,3.0,0
3,Eigenvalue,0,0,2,mixed,0.0009950233478,1,1,2.0,0
6,Multiplication,0,0,3,int,0.0393073552945461,0,0,3.0,0
1,Transposition,0,0,2,int,0.0010077135837218,0,1,2.0,0
5,Determinant,310,29791000,1,int,0.0190020481773143,0,0,3.0,0
4,Exponential,310,96100,2,mixed,0.0009534944978148,0,1,2.0,0
7,Logarithm,0,0,2,mixed,0.0009474981135541,0,1,2.0,0
6,Ludecomposition,310,9930333,3,int,0.0227796371808247,0,0,3.0,0
4,Eigenvalue,310,9610000,2,mixed,0.0008666988068479,1,1,2.0,0
6,Multiplication,320,32768000,3,int,0.0456084883213705,0,0,3.0,0
4,Determinant,0,0,1,int,0.020217032921433,0,0,3.0,0
1,Scaling,320,102400,2,int,0.0009954069012539,0,1,2.0,0
8,Logarithm,0,0,2,mixed,0.0010724426084496,0,1,2.0,0
4,Squareroot,0,0,2,mixed,0.0,0,1,2.0,0
5,Ludecomposition,0,0,3,int,0.0219569014529446,0,0,3.0,0
4,Eigenvalue,0,0,2,mixed,0.0009985095862854,1,1,2.0,0
6,Multiplication,330,35937000,3,int,0.0296922581828659,0,0,3.0,0
1,Transposition,0,0,2,int,0.0010220608549304,0,1,2.0,0
6,Determinant,0,0,1,int,0.0194082120958714,0,0,3.0,0
8,Exponential,330,108900,2,mixed,0.0009275877873204,0,1,2.0,0
6,Logarithm,0,0,2,mixed,0.0009967062130535,0,1,2.0,0
3,Squareroot,330,108900,2,mixed,0.001024778546583,0,1,2.0,0
5,Ludecomposition,330,11979000,3,int,0.0240204210414761,0,0,3.0,0
4,Eigenvalue,0,0,2,mixed,0.0010117478932606,1,1,2.0,0
5,Multiplication,340,39304000,3,int,0.0376900940422257,0,0,3.0,0
6,Determinant,0,0,1,int,0.0200290262045789,0,0,3.0,0
1,Scaling,0,0,2,int,0.0010683108651601,0,1,2.0,0
7,Exponential,340,115600,2,mixed,0.0009388757877723,0,1,2.0,0
6,Logarithm,340,115600,2,mixed,0.000920142079844,0,1,2.0,0
6,Ludecomposition,0,0,3,int,0.02539365979361,0,0,3.0,0
4,Eigenvalue,340,11560000,2,mixed,0.0010326866674612,1,1,2.0,0
5,Multiplication,350,42875000,3,int,0.0571639818298165,0,0,3.0,0
5,Determinant,350,42875000,1,int,0.0228072412428882,0,0,3.0,0
2,Scaling,0,0,2,int,0.0009960996669479,0,1,2.0,0
4,Exponential,350,122500,2,mixed,0.0010756054442731,0,1,2.0,0
5,Logarithm,350,122500,2,mixed,0.0010304579166637,0,1,2.0,0
2,Squareroot,350,122500,2,mixed,0.0009854413595255,0,1,2.0,0
6,Ludecomposition,350,14291666,3,int,0.0243714442505676,0,0,3.0,0
4,Eigenvalue,0,0,2,mixed,0.0011371545615639,1,1,2.0,0
6,Multiplication,0,0,3,int,0.0360867900322568,0,0,3.0,0
1,Transposition,360,129600,2,int,0.0009260417877661,0,1,2.0,0
5,Determinant,0,0,1,int,0.0253041305807047,0,0,3.0,0
6,Exponential,0,0,2,mixed,0.0010090087141754,0,1,2.0,0
5,Logarithm,0,0,2,mixed,0.0010529685591583,0,1,2.0,0
5,Squareroot,360,129600,2,mixed,0.0009488431454053,0,1,2.0,0
6,Ludecomposition,0,0,3,int,0.0248768690900242,0,0,3.0,0
6,Multiplication,0,0,3,int,0.0433055485512381,0,0,3.0,0
2,Addition,370,136900,3,int,0.0010144017876241,0,0,2.0,0
2,Transposition,370,136900,2,int,0.0010388352019903,0,1,2.0,0
5,Determinant,0,0,1,int,0.0226444813714884,0,0,3.0,0
3,Exponential,370,136900,2,mixed,0.0009845099685254,0,1,2.0,0
5,Logarithm,370,136900,2,mixed,0.0011234672175893,0,1,2.0,0
6,Ludecomposition,0,0,3,int,0.0288845968972985,0,0,3.0,0
3,Eigenvalue,0,0,2,mixed,0.0009299547620312,1,1,2.0,0
6,Multiplication,0,0,3,int,0.0650160525172358,0,0,3.0,0
1,Transposition,380,144400,2,int,0.0009662131171513,0,1,2.0,0
6,Determinant,0,0,1,int,0.0261561240082629,0,0,3.0,0
4,Exponential,380,144400,2,mixed,0.0009158860036487,0,1,2.0,0
5,Logarithm,380,144400,2,mixed,0.0009057940856232,0,1,2.0,0
4,Squareroot,380,144400,2,mixed,0.0009278462100412,0,1,2.0,0
6,Ludecomposition,380,18290666,3,int,0.0331061349554534,0,0,3.0,0
3,Eigenvalue,0,0,2,mixed,0.0010576666712749,1,1,2.0,0
6,Multiplication,390,59319000,3,int,0.0719648177380745,0,0,3.0,0
1,Transposition,390,152100,2,int,0.0010633352773806,0,1,2.0,0
6,Determinant,0,0,1,int,0.0301689629314675,0,0,3.0,0
4,Exponential,390,152100,2,mixed,0.0009452873017157,0,1,2.0,0
4,Logarithm,0,0,2,mixed,0.001982530937783,0,1,2.0,0
4,Squareroot,390,152100,2,mixed,0.0010967431815173,0,1,2.0,0
6,Ludecomposition,390,19773000,3,int,0.029989326821737,0,0,3.0,0
3,Eigenvalue,0,0,2,mixed,0.0009148798330842,1,1,2.0,0
5,Multiplication,400,64000000,3,int,0.0836587719894853,0,0,3.0,0
5,Determinant,400,64000000,1,int,0.0304957228083454,0,0,3.0,0
5,Exponential,0,0,2,mixed,0.00104360051266,0,1,2.0,0
7,Logarithm,400,160000,2,mixed,0.0019170997038727,0,1,2.0,0
2,Squareroot,0,0,2,mixed,0.0010093037925187,0,1,2.0,0
6,Ludecomposition,400,21333333,3,int,0.0342623003176172,0,0,3.0,0
5,Eigenvalue,0,0,2,mixed,0.0009646780986237,1,1,2.0,0
6,Multiplication,0,0,3,int,0.0527092213823193,0,0,3.0,0
2,Addition,0,0,3,int,0.0010303952394073,0,0,2.0,0
2,Transposition,0,0,2,int,0.0,0,1,2.0,0
5,Determinant,0,0,1,int,0.033771587029166,0,0,3.0,0
1,Scaling,0,0,2,int,0.0009951038016931,0,1,2.0,0
4,Exponential,0,0,2,mixed,0.0010566479796969,0,1,2.0,0
7,Logarithm,0,0,2,mixed,0.0019985016875007,0,1,2.0,0
7,Squareroot,0,0,2,mixed,0.0009915105541674,0,1,2.0,0
6,Ludecomposition,410,22973666,3,int,0.0355754745106922,0,0,3.0,0
3,Eigenvalue,0,0,2,mixed,0.0010278571657118,1,1,2.0,0
6,Multiplication,420,74088000,3,int,0.0561264203101055,0,0,3.0,0
3,Addition,420,176400,3,int,0.0010787280980132,0,0,2.0,0
5,Determinant,420,74088000,1,int,0.0288836403351865,0,0,3.0,0
6,Exponential,420,176400,2,mixed,0.0010190191520363,0,1,2.0,0
7,Logarithm,420,176400,2,mixed,0.0018651660789165,0,1,2.0,0
8,Squareroot,0,0,2,mixed,0.001080847274244,0,1,2.0,0
6,Ludecomposition,0,0,3,int,0.0367103891595014,0,0,3.0,0
4,Eigenvalue,0,0,2,mixed,0.0020893518436249,1,1,2.0,0
6,Multiplication,430,79507000,3,int,0.0850263227549015,0,0,3.0,0
6,Determinant,0,0,1,int,0.0312088383950439,0,0,3.0,0
8,Exponential,430,184900,2,mixed,0.0009596128554192,0,1,2.0,0
8,Logarithm,430,184900,2,mixed,0.0009820954546553,0,1,2.0,0
8,Squareroot,430,184900,2,mixed,0.0010080730939323,0,1,2.0,0
6,Ludecomposition,0,0,3,int,0.0402056621966803,0,0,3.0,0
6,Eigenvalue,0,0,2,mixed,0.0020270008444957,1,1,2.0,0
8,Multiplication,440,85184000,3,int,0.079015969436107,0,0,3.0,0
1,Addition,0,0,3,int,0.0010343692254927,0,0,2.0,0
1,Transposition,0,0,2,int,0.0009231810968839,0,1,2.0,0
6,Determinant,440,85184000,1,int,0.0345486345263363,0,0,3.0,0
1,Scaling,0,0,2,int,0.0009089400736055,0,1,2.0,0
6,Exponential,0,0,2,mixed,0.0009606392202091,0,1,2.0,0
7,Logarithm,440,193600,2,mixed,0.0010458605600009,0,1,2.0,0
7,Squareroot,440,193600,2,mixed,0.0009373363944321,0,1,2.0,0
6,Ludecomposition,0,0,3,int,0.0409679684457061,0,0,3.0,0
5,Eigenvalue,440,19360000,2,mixed,0.0009279048668142,1,1,2.0,0
6,Multiplication,450,91125000,3,int,0.1006004968201248,0,0,3.0,0
1,Transposition,0,0,2,int,0.0010167271443444,0,1,2.0,0
6,Determinant,0,0,1,int,0.0351637984034055,0,0,3.0,0
6,Exponential,450,202500,2,mixed,0.0009733137457681,0,1,2.0,0
8,Logarithm,450,202500,2,mixed,0.0010414514954131,0,1,2.0,0
3,Squareroot,450,202500,2,mixed,0.0010563632482178,0,1,2.0,0
6,Ludecomposition,450,30375000,3,int,0.0418096347819216,0,0,3.0,0
8,Eigenvalue,0,0,2,mixed,0.0020822703761323,1,1,2.0,0
6,Multiplication,460,97336000,3,int,0.0954988045138072,0,0,3.0,0
3,Addition,0,0,3,int,0.0010071403846829,0,0,2.0,0
6,Determinant,0,0,1,int,0.0381745584468678,0,0,3.0,0
3,Scaling,0,0,2,int,0.0,0,1,2.0,0
6,Exponential,0,0,2,mixed,0.0011142662631422,0,1,2.0,0
5,Logarithm,0,0,2,mixed,0.0010171199867421,0,1,2.0,0
8,Squareroot,460,211600,2,mixed,0.0010368183680447,0,1,2.0,0
5,Ludecomposition,0,0,3,int,0.0481372105215683,0,0,3.0,0
6,Eigenvalue,460,21160000,2,mixed,0.0009676956283386,1,1,2.0,0
8,Multiplication,470,103823000,3,int,0.1008454348426533,0,0,3.0,0
4,Addition,0,0,3,int,0.0010205962347173,0,0,2.0,0
6,Determinant,0,0,1,int,0.0384185677157539,0,0,3.0,0
5,Exponential,0,0,2,mixed,0.0038149425885359,0,1,2.0,0
7,Logarithm,470,220900,2,mixed,0.0011207926139641,0,1,2.0,0
4,Squareroot,470,220900,2,mixed,0.0009256424556823,0,1,2.0,0
6,Ludecomposition,0,0,3,int,0.0480027979811922,0,0,3.0,0
4,Eigenvalue,0,0,2,mixed,0.002052651961172,1,1,2.0,0
8,Multiplication,0,0,3,int,0.0995475293512947,0,0,3.0,0
5,Addition,480,230400,3,int,0.000971055065498,0,0,2.0,0
3,Transposition,0,0,2,int,0.0,0,1,2.0,0
6,Determinant,480,110592000,1,int,0.0435925585448957,0,0,3.0,0
3,Scaling,0,0,2,int,0.0010699950714164,0,1,2.0,0
5,Exponential,480,230400,2,mixed,0.000976455826757,0,1,2.0,0
7,Logarithm,480,230400,2,mixed,0.0010038132450433,0,1,2.0,0
3,Squareroot,0,0,2,mixed,0.0009365713283147,0,1,2.0,0
6,Ludecomposition,0,0,3,int,0.0470081999121073,0,0,3.0,0
3,Eigenvalue,0,0,2,mixed,0.002042863693574,1,1,2.0,0
6,Multiplication,0,0,3,int,0.1061827761831329,0,0,3.0,0
3,Transposition,0,0,2,int,0.0010065372060135,0,1,2.0,0
5,Determinant,0,0,1,int,0.0472146448464397,0,0,3.0,0
6,Exponential,490,240100,2,mixed,0.0018999603776085,0,1,2.0,0
8,Logarithm,0,0,2,mixed,0.0020643445868085,0,1,2.0,0
2,Squareroot,0,0,2,mixed,0.0010026690657476,0,1,2.0,0
6,Ludecomposition,0,0,3,int,0.0542516807157941,0,0,3.0,0
5,Eigenvalue,0,0,2,mixed,0.001032991678435,1,1,2.0,0
6,Multiplication,500,125000000,3,int,0.1221739890180348,0,0,3.0,0
4,Addition,0,0,3,int,0.0009535255805978,0,0,2.0,0
6,Determinant,500,125000000,1,int,0.0449326630608731,0,0,3.0,0
2,Scaling,500,250000,2,int,0.0010074719790839,0,1,2.0,0
7,Exponential,500,250000,2,mixed,0.0020507076984813,0,1,2.0,0
8,Logarithm,500,250000,2,mixed,0.0019474709756421,0,1,2.0,0
7,Squareroot,500,250000,2,mixed,0.0010106392324249,0,1,2.0,0
6,Ludecomposition,0,0,3,int,0.0589572793403419,0,0,3.0,0
6,Eigenvalue,500,25000000,2,mixed,0.0009371862792576,1,1,2.0,0
6,Multiplication,0,0,3,int,0.1450453553411129,0,0,3.0,0
2,Addition,0,0,3,int,0.0010265797310808,0,0,2.0,0
6,Transposition,0,0,2,int,0.0010327028897556,0,1,2.0,0
6,Determinant,0,0,1,int,0.046160257447524,0,0,3.0,0
5,Exponential,510,260100,2,mixed,0.00199176098651,0,1,2.0,0
7,Logarithm,0,0,2,mixed,0.0020879443641293,0,1,2.0,0
3,Squareroot,0,0,2,mixed,0.0010411506684896,0,1,2.0,0
6,Ludecomposition,510,44217000,3,int,0.0573106280349023,0,0,3.0,0
8,Eigenvalue,0,0,2,mixed,0.0043378559914375,1,1,2.0,0
6,Multiplication,0,0,3,int,0.1318887731552162,0,0,3.0,0
3,Transposition,520,270400,2,int,0.0009979201539898,0,1,2.0,0
6,Determinant,0,0,1,int,0.0519058323644436,0,0,3.0,0
1,Scaling,520,270400,2,int,0.0010125727087322,0,1,2.0,0
6,Exponential,520,270400,2,mixed,0.0009033932080649,0,1,2.0,0
8,Logarithm,0,0,2,mixed,0.0021519414298141,0,1,2.0,0
3,Squareroot,0,0,2,mixed,0.0010376262662338,0,1,2.0,0
6,Ludecomposition,0,0,3,int,0.0557589834459113,0,0,3.0,0
7,Eigenvalue,520,27040000,2,mixed,0.0021005808707975,1,1,2.0,0
6,Multiplication,530,148877000,3,int,0.1366614806361625,0,0,3.0,0
7,Addition,0,0,3,int,0.0,0,0,2.0,0
6,Determinant,0,0,1,int,0.0489123555118492,0,0,3.0,0
4,Scaling,530,280900,2,int,0.0009473801839666,0,1,2.0,0
8,Exponential,0,0,2,mixed,0.0009714440161972,0,1,2.0,0
6,Logarithm,0,0,2,mixed,0.0020511833535244,0,1,2.0,0
8,Squareroot,530,280900,2,mixed,0.0009787507857568,0,1,2.0,0
6,Ludecomposition,0,0,3,int,0.0618103098436201,0,0,3.0,0
6,Eigenvalue,0,0,2,mixed,0.002043499863653,1,1,2.0,0
8,Multiplication,0,0,3,int,0.1419910038679284,0,0,3.0,0
2,Addition,0,0,3,int,0.0009313728669723,0,0,2.0,0
3,Transposition,0,0,2,int,0.0009855280181064,0,1,2.0,0
5,Determinant,540,157464000,1,int,0.0563657681444378,0,0,3.0,0
2,Scaling,540,291600,2,int,0.0009843577792607,0,1,2.0,0
6,Exponential,0,0,2,mixed,0.0009718972130295,0,1,2.0,0
8,Logarithm,540,291600,2,mixed,0.0010028051331139,0,1,2.0,0
5,Ludecomposition,540,52488000,3,int,0.0709007030412813,0,0,3.0,0
5,Eigenvalue,0,0,2,mixed,0.000998483837684,1,1,2.0,0
8,Multiplication,0,0,3,int,0.1354354998507939,0,0,3.0,0
4,Addition,0,0,3,int,0.0009484005279543,0,0,2.0,0
6,Determinant,0,0,1,int,0.0519887650907037,0,0,3.0,0
3,Exponential,0,0,2,mixed,0.0019441297402511,0,1,2.0,0
8,Logarithm,550,302500,2,mixed,0.0019935477420506,0,1,2.0,0
3,Squareroot,0,0,2,mixed,0.0020309327629859,0,1,2.0,0
6,Ludecomposition,550,55458333,3,int,0.0793074865422796,0,0,3.0,0
4,Eigenvalue,550,30250000,2,mixed,0.0020998310459743,1,1,2.0,0
8,Multiplication,560,175616000,3,int,0.1567499969949902,0,0,3.0,0
7,Addition,560,313600,3,int,0.0010254298812035,0,0,2.0,0
4,Transposition,560,313600,2,int,0.001056908602198,0,1,2.0,0
6,Determinant,0,0,1,int,0.0615534190863127,0,0,3.0,0
4,Scaling,0,0,2,int,0.0009854740179366,0,1,2.0,0
4,Exponential,560,313600,2,mixed,0.0021001674554634,0,1,2.0,0
6,Logarithm,0,0,2,mixed,0.0020608285442287,0,1,2.0,0
6,Squareroot,560,313600,2,mixed,0.0010254360718059,0,1,2.0,0
6,Ludecomposition,0,0,3,int,0.0794612282962325,0,0,3.0,0
5,Eigenvalue,0,0,2,mixed,0.0017581066057065,1,1,2.0,0
8,Multiplication,570,185193000,3,int,0.1609975039382179,0,0,3.0,0
2,Transposition,0,0,2,int,0.0019565515587117,0,1,2.0,0
5,Determinant,0,0,1,int,0.0606777721749684,0,0,3.0,0
8,Exponential,0,0,2,mixed,0.0010426741369218,0,1,2.0,0
8,Logarithm,570,324900,2,mixed,0.0020199084948938,0,1,2.0,0
8,Squareroot,0,0,2,mixed,0.0019062816100605,0,1,2.0,0
6,Ludecomposition,570,61731000,3,int,0.0698048848369504,0,0,3.0,0
8,Eigenvalue,0,0,2,mixed,0.0010444879116,1,1,2.0,0
8,Multiplication,0,0,3,int,0.195860367583777,0,0,3.0,0
7,Addition,580,336400,3,int,0.000893108078523,0,0,2.0,0
8,Transposition,0,0,2,int,0.0010921369811167,0,1,2.0,0
6,Determinant,0,0,1,int,0.0599467358998338,0,0,3.0,0
7,Exponential,580,336400,2,mixed,0.0021092424697982,0,1,2.0,0
7,Logarithm,580,336400,2,mixed,0.0022121672487341,0,1,2.0,0
5,Squareroot,580,336400,2,mixed,0.0009688870497814,0,1,2.0,0
6,Ludecomposition,0,0,3,int,0.067542098660379,0,0,3.0,0
8,Eigenvalue,0,0,2,mixed,0.0019071464634075,1,1,2.0,0
8,Multiplication,0,0,3,int,0.1931074711285124,0,0,3.0,0
2,Transposition,590,348100,2,int,0.0010006094970399,0,1,2.0,0
6,Determinant,590,205379000,1,int,0.0629913002241529,0,0,3.0,0
6,Scaling,590,348100,2,int,0.0010866352226246,0,1,2.0,0
7,Exponential,590,348100,2,mixed,0.0019426975046347,0,1,2.0,0
8,Logarithm,590,348100,2,mixed,0.0022538679107538,0,1,2.0,0
7,Squareroot,0,0,2,mixed,0.0010139929186895,0,1,2.0,0
6,Ludecomposition,0,0,3,int,0.0890521757805296,0,0,3.0,0
6,Eigenvalue,0,0,2,mixed,0.0010820093680618,1,1,2.0,0
6,Multiplication,0,0,3,int,0.2116046171493284,0,0,3.0,0
3,Addition,600,360000,3,int,0.0009908995404202,0,0,2.0,0
5,Transposition,0,0,2,int,0.0010697503738133,0,1,2.0,0
6,Determinant,0,0,1,int,0.070969008544154,0,0,3.0,0
4,Scaling,600,360000,2,int,0.0010102942266187,0,1,2.0,0
6,Exponential,0,0,2,mixed,0.0019338095337258,0,1,2.0,0
7,Logarithm,0,0,2,mixed,0.001955419905146,0,1,2.0,0
8,Squareroot,600,360000,2,mixed,0.0020060059369092,0,1,2.0,0
6,Ludecomposition,0,0,3,int,0.0877321931424749,0,0,3.0,0
6,Eigenvalue,0,0,2,mixed,0.0009661236644649,1,1,2.0,0
8,Multiplication,610,226981000,3,int,0.2053547091187876,0,0,3.0,0
8,Addition,0,0,3,int,0.0009559731152091,0,0,2.0,0
1,Transposition,0,0,2,int,0.0018440612669039,0,1,2.0,0
6,Determinant,0,0,1,int,0.0601590234372246,0,0,3.0,0
5,Scaling,0,0,2,int,0.0009221210512949,0,1,2.0,0
5,Exponential,610,372100,2,mixed,0.0021086970249247,0,1,2.0,0
8,Logarithm,0,0,2,mixed,0.001992046377182,0,1,2.0,0
8,Squareroot,0,0,2,mixed,0.000953711678279,0,1,2.0,0
6,Ludecomposition,610,75660333,3,int,0.0958606619069561,0,0,3.0,0
8,Eigenvalue,610,37210000,2,mixed,0.0019911086054796,1,1,2.0,0
8,Multiplication,0,0,3,int,0.2222966286350089,0,0,3.0,0
2,Addition,620,384400,3,int,0.0009231202360617,0,0,2.0,0
8,Transposition,620,384400,2,int,0.0009803345217793,0,1,2.0,0
6,Determinant,0,0,1,int,0.0682860630708476,0,0,3.0,0
2,Scaling,0,0,2,int,0.0009161411394951,0,1,2.0,0
4,Exponential,0,0,2,mixed,0.0031538323618901,0,1,2.0,0
5,Logarithm,0,0,2,mixed,0.0028682362239108,0,1,2.0,0
6,Squareroot,0,0,2,mixed,0.0010029742858198,0,1,2.0,0
6,Ludecomposition,0,0,3,int,0.0997338531745318,0,0,3.0,0
5,Eigenvalue,620,38440000,2,mixed,0.0019040377935654,1,1,2.0,0
8,Multiplication,0,0,3,int,0.2245810884629769,0,0,3.0,0
2,Addition,0,0,3,int,0.0010975944868969,0,0,2.0,0
7,Transposition,0,0,2,int,0.0,0,1,2.0,0
6,Determinant,0,0,1,int,0.0685611037649386,0,0,3.0,0
8,Exponential,0,0,2,mixed,0.0021568676535378,0,1,2.0,0
6,Logarithm,630,396900,2,mixed,0.0020252147923913,0,1,2.0,0
5,Squareroot,630,396900,2,mixed,0.0010407727407541,0,1,2.0,0
6,Ludecomposition,630,83349000,3,int,0.092338314449993,0,0,3.0,0
4,Eigenvalue,0,0,2,mixed,0.0021981692721337,1,1,2.0,0
6,Multiplication,640,262144000,3,int,0.2631914928592171,0,0,3.0,0
6,Addition,0,0,3,int,0.0010289203168184,0,0,2.0,0
2,Transposition,0,0,2,int,0.0019476976724497,0,1,2.0,0
6,Determinant,640,262144000,1,int,0.0744630970595013,0,0,3.0,0
5,Scaling,0,0,2,int,0.0009172157737034,0,1,2.0,0
7,Exponential,0,0,2,mixed,0.0020063217670285,0,1,2.0,0
8,Logarithm,0,0,2,mixed,0.0020240341935791,0,1,2.0,0
5,Squareroot,0,0,2,mixed,0.0020242243487671,0,1,2.0,0
6,Ludecomposition,0,0,3,int,0.1026200751674968,0,0,3.0,0
7,Eigenvalue,0,0,2,mixed,0.002962972456127,1,1,2.0,0
8,Multiplication,0,0,3,int,0.2641171963989434,0,0,3.0,0
2,Addition,650,422500,3,int,0.0009735211717855,0,0,2.0,0
2,Transposition,650,422500,2,int,0.0019072785283022,0,1,2.0,0
6,Determinant,650,274625000,1,int,0.0775976537318155,0,0,3.0,0
5,Exponential,0,0,2,mixed,0.0021386829765201,0,1,2.0,0
8,Logarithm,650,422500,2,mixed,0.0031721306206254,0,1,2.0,0
7,Squareroot,650,422500,2,mixed,0.0020644867555419,0,1,2.0,0
6,Ludecomposition,650,91541666,3,int,0.100512660405413,0,0,3.0,0
5,Eigenvalue,650,42250000,2,mixed,0.0020770185420306,1,1,2.0,0
8,Multiplication,0,0,3,int,0.2454238393783007,0,0,3.0,0
2,Addition,660,435600,3,int,0.0010644051374329,0,0,2.0,0
2,Transposition,660,435600,2,int,0.0009278918982366,0,1,2.0,0
6,Determinant,660,287496000,1,int,0.0758741840562193,0,0,3.0,0
3,Scaling,0,0,2,int,0.0010801085003777,0,1,2.0,0
5,Exponential,0,0,2,mixed,0.0032245284641274,0,1,2.0,0
8,Logarithm,0,0,2,mixed,0.0030965316152367,0,1,2.0,0
6,Squareroot,0,0,2,mixed,0.0020491634112438,0,1,2.0,0
6,Ludecomposition,0,0,3,int,0.0997015047193026,0,0,3.0,0
5,Eigenvalue,660,43560000,2,mixed,0.0020380611344038,1,1,2.0,0
7,Multiplication,670,300763000,3,int,0.270909729876462,0,0,3.0,0
3,Addition,0,0,3,int,0.0010496503583363,0,0,2.0,0
4,Transposition,670,448900,2,int,0.0021048005106651,0,1,2.0,0
6,Determinant,0,0,1,int,0.0753354809770753,0,0,3.0,0
3,Scaling,0,0,2,int,0.000982017494321,0,1,2.0,0
7,Exponential,670,448900,2,mixed,0.0019966206527896,0,1,2.0,0
7,Logarithm,0,0,2,mixed,0.0029331814175618,0,1,2.0,0
6,Squareroot,670,448900,2,mixed,0.0018819031049533,0,1,2.0,0
6,Ludecomposition,670,100254333,3,int,0.1025016664508023,0,0,3.0,0
5,Eigenvalue,0,0,2,mixed,0.0019354251376027,1,1,2.0,0
8,Multiplication,0,0,3,int,0.2659458226820784,0,0,3.0,0
3,Addition,680,462400,3,int,0.0010206471255352,0,0,2.0,0
2,Transposition,680,462400,2,int,0.0009808032004405,0,1,2.0,0
6,Determinant,680,314432000,1,int,0.0946570799055996,0,0,3.0,0
3,Scaling,0,0,2,int,0.0010273287957061,0,1,2.0,0
6,Exponential,680,462400,2,mixed,0.0019408729212348,0,1,2.0,0
5,Logarithm,0,0,2,mixed,0.0028856480516468,0,1,2.0,0
7,Squareroot,680,462400,2,mixed,0.0009749647752103,0,1,2.0,0
6,Ludecomposition,680,104810666,3,int,0.1157722941985624,0,0,3.0,0
8,Eigenvalue,0,0,2,mixed,0.0020822036523743,1,1,2.0,0
8,Multiplication,0,0,3,int,0.3313878308636243,0,0,3.0,0
2,Addition,690,476100,3,int,0.0019774069826357,0,0,2.0,0
3,Transposition,0,0,2,int,0.0009039914855453,0,1,2.0,0
6,Determinant,0,0,1,int,0.0881986944131358,0,0,3.0,0
4,Scaling,690,476100,2,int,0.0010182466082712,0,1,2.0,0
5,Exponential,0,0,2,mixed,0.0031132045068287,0,1,2.0,0
8,Logarithm,0,0,2,mixed,0.0030546887581645,0,1,2.0,0
2,Squareroot,0,0,2,mixed,0.0030981115856638,0,1,2.0,0
6,Ludecomposition,690,109503000,3,int,0.1083171953920928,0,0,3.0,0
6,Eigenvalue,690,47610000,2,mixed,0.0020069270758487,1,1,2.0,0
6,Multiplication,700,343000000,3,int,0.331420468921961,0,0,3.0,0
6,Addition,0,0,3,int,0.0,0,0,2.0,0
6,Determinant,700,343000000,1,int,0.1012213175058679,0,0,3.0,0
8,Scaling,0,0,2,int,0.0,0,1,2.0,0
8,Exponential,0,0,2,mixed,0.0020216472609091,0,1,2.0,0
8,Logarithm,0,0,2,mixed,0.0031093859575764,0,1,2.0,0
6,Squareroot,700,490000,2,mixed,0.0020417797608261,0,1,2.0,0
6,Ludecomposition,700,114333333,3,int,0.1226673122453403,0,0,3.0,0
6,Eigenvalue,700,49000000,2,mixed,0.0020230823093095,1,1,2.0,0
7,Multiplication,0,0,3,int,0.3954520251585213,0,0,3.0,0
2,Addition,0,0,3,int,0.0010615857676555,0,0,2.0,0
2,Transposition,0,0,2,int,0.0021077544085687,0,1,2.0,0
6,Determinant,710,357911000,1,int,0.0799821197874413,0,0,3.0,0
6,Scaling,0,0,2,int,0.0009591366192934,0,1,2.0,0
8,Exponential,710,504100,2,mixed,0.0020758232131717,0,1,2.0,0
8,Logarithm,0,0,2,mixed,0.0039431447813742,0,1,2.0,0
8,Squareroot,0,0,2,mixed,0.0020036017820159,0,1,2.0,0
6,Ludecomposition,0,0,3,int,0.1278151122905401,0,0,3.0,0
5,Eigenvalue,0,0,2,mixed,0.0030719220783951,1,1,2.0,0
8,Multiplication,0,0,3,int,0.3537569097770133,0,0,3.0,0
2,Addition,720,518400,3,int,0.0020031201257958,0,0,2.0,0
3,Transposition,720,518400,2,int,0.0009075634328709,0,1,2.0,0
6,Determinant,0,0,1,int,0.1022566599142767,0,0,3.0,0
2,Scaling,0,0,2,int,0.0009556593713422,0,1,2.0,0
8,Exponential,720,518400,2,mixed,0.0027355255170098,0,1,2.0,0
8,Logarithm,720,518400,2,mixed,0.0027720875766186,0,1,2.0,0
5,Squareroot,720,518400,2,mixed,0.0020596976443732,0,1,2.0,0
6,Ludecomposition,0,0,3,int,0.1201166038171591,0,0,3.0,0
6,Eigenvalue,720,51840000,2,mixed,0.0020324072536204,1,1,2.0,0
8,Multiplication,730,389017000,3,int,0.354030253760188,0,0,3.0,0
5,Addition,0,0,3,int,0.000988983917134,0,0,2.0,0
4,Transposition,0,0,2,int,0.0019922449227299,0,1,2.0,0
6,Determinant,730,389017000,1,int,0.0926186076875381,0,0,3.0,0
6,Scaling,730,532900,2,int,0.0009822492002379,0,1,2.0,0
8,Exponential,730,532900,2,mixed,0.0018738560280372,0,1,2.0,0
8,Logarithm,730,532900,2,mixed,0.0038561082797532,0,1,2.0,0
6,Squareroot,0,0,2,mixed,0.0011191924432444,0,1,2.0,0
6,Ludecomposition,0,0,3,int,0.1367744357542861,0,0,3.0,0
5,Eigenvalue,730,53290000,2,mixed,0.0020246495981016,1,1,2.0,0
6,Multiplication,740,405224000,3,int,0.3633313549894528,0,0,3.0,0
5,Addition,740,547600,3,int,0.0019810050468538,0,0,2.0,0
4,Transposition,0,0,2,int,0.0009327924469399,0,1,2.0,0
6,Determinant,740,405224000,1,int,0.1026101703710568,0,0,3.0,0
7,Scaling,740,547600,2,int,0.0009502570917588,0,1,2.0,0
7,Exponential,740,547600,2,mixed,0.001827162739699,0,1,2.0,0
8,Logarithm,740,547600,2,mixed,0.0051215435177363,0,1,2.0,0
6,Squareroot,740,547600,2,mixed,0.0010292663386863,0,1,2.0,0
6,Ludecomposition,0,0,3,int,0.1318762135565501,0,0,3.0,0
5,Eigenvalue,740,54760000,2,mixed,0.0031781152114766,1,1,2.0,0
8,Multiplication,750,421875000,3,int,0.4201035626699031,0,0,3.0,0
6,Addition,0,0,3,int,0.0010220041466762,0,0,2.0,0
2,Transposition,0,0,2,int,0.0040581025033587,0,1,2.0,0
6,Determinant,750,421875000,1,int,0.1044115101491533,0,0,3.0,0
2,Scaling,750,562500,2,int,0.0019088591995767,0,1,2.0,0
8,Exponential,750,562500,2,mixed,0.0029539101560589,0,1,2.0,0
8,Logarithm,0,0,2,mixed,0.0028375757871097,0,1,2.0,0
5,Squareroot,0,0,2,mixed,0.0019173189185887,0,1,2.0,0
6,Ludecomposition,0,0,3,int,0.1531672818197829,0,0,3.0,0
6,Eigenvalue,750,56250000,2,mixed,0.0019400746352964,1,1,2.0,0
7,Multiplication,0,0,3,int,0.4460261027173205,0,0,3.0,0
4,Addition,0,0,3,int,0.0019487533356919,0,0,2.0,0
8,Transposition,0,0,2,int,0.0010153406281536,0,1,2.0,0
6,Determinant,0,0,1,int,0.1129842424578596,0,0,3.0,0
5,Exponential,0,0,2,mixed,0.0037381313391307,0,1,2.0,0
7,Logarithm,0,0,2,mixed,0.0041049473506177,0,1,2.0,0
4,Squareroot,0,0,2,mixed,0.0019823231842241,0,1,2.0,0
6,Ludecomposition,760,146325333,3,int,0.150840074602989,0,0,3.0,0
7,Eigenvalue,760,57760000,2,mixed,0.0028716059704955,1,1,2.0,0
8,Multiplication,0,0,3,int,0.4106232161644191,0,0,3.0,0
7,Addition,770,592900,3,int,0.0009798239517606,0,0,2.0,0
6,Transposition,770,592900,2,int,0.0010498681802231,0,1,2.0,0
6,Determinant,770,456533000,1,int,0.118589505290251,0,0,3.0,0
2,Scaling,0,0,2,int,0.0009433328896742,0,1,2.0,0
6,Exponential,0,0,2,mixed,0.0029043025613383,0,1,2.0,0
7,Logarithm,0,0,2,mixed,0.0034994729093584,0,1,2.0,0
7,Squareroot,770,592900,2,mixed,0.0020107197944576,0,1,2.0,0
6,Ludecomposition,0,0,3,int,0.1457518373330024,0,0,3.0,0
4,Eigenvalue,770,59290000,2,mixed,0.0031486850347471,1,1,2.0,0
7,Multiplication,0,0,3,int,0.4590212894051295,0,0,3.0,0
4,Addition,780,608400,3,int,0.001945272084892,0,0,2.0,0
3,Transposition,0,0,2,int,0.0009530762736089,0,1,2.0,0
6,Determinant,780,474552000,1,int,0.1262508194966096,0,0,3.0,0
3,Scaling,0,0,2,int,0.0010180738383753,0,1,2.0,0
8,Exponential,0,0,2,mixed,0.0020554128421019,0,1,2.0,0
7,Logarithm,780,608400,2,mixed,0.0041672930081181,0,1,2.0,0
3,Squareroot,0,0,2,mixed,0.0029274760532897,0,1,2.0,0
6,Ludecomposition,780,158184000,3,int,0.1552386824743168,0,0,3.0,0
5,Eigenvalue,780,60840000,2,mixed,0.0019861922549419,1,1,2.0,0
6,Multiplication,0,0,3,int,0.4827468870720857,0,0,3.0,0
2,Addition,790,624100,3,int,0.000881995417862,0,0,2.0,0
5,Transposition,0,0,2,int,0.0029467264772458,0,1,2.0,0
6,Determinant,790,493039000,1,int,0.1207790574758488,0,0,3.0,0
4,Scaling,790,624100,2,int,0.0008830378956688,0,1,2.0,0
8,Exponential,0,0,2,mixed,0.0029145723801869,0,1,2.0,0
7,Logarithm,0,0,2,mixed,0.0041299248708283,0,1,2.0,0
7,Squareroot,790,624100,2,mixed,0.0018293194976531,0,1,2.0,0
6,Ludecomposition,790,164346333,3,int,0.1657265118830229,0,0,3.0,0
5,Eigenvalue,790,62410000,2,mixed,0.0030162616219522,1,1,2.0,0
6,Multiplication,800,512000000,3,int,0.4361316545949611,0,0,3.0,0
7,Addition,800,640000,3,int,0.0009845423961415,0,0,2.0,0
7,Transposition,800,640000,2,int,0.0010568479338592,0,1,2.0,0
6,Determinant,800,512000000,1,int,0.1169217284921188,0,0,3.0,0
4,Scaling,0,0,2,int,0.0010598965368984,0,1,2.0,0
7,Exponential,0,0,2,mixed,0.0036008913655396,0,1,2.0,0
7,Logarithm,800,640000,2,mixed,0.0039312306060718,0,1,2.0,0
5,Squareroot,800,640000,2,mixed,0.0019809168411721,0,1,2.0,0
6,Ludecomposition,0,0,3,int,0.1724963257218361,0,0,3.0,0
4,Eigenvalue,0,0,2,mixed,0.0039089657242763,1,1,2.0,0
8,Multiplication,0,0,3,int,0.5328137298161242,0,0,3.0,0
6,Addition,0,0,3,int,0.0020501712284536,0,0,2.0,0
3,Transposition,0,0,2,int,0.0009861980317906,0,1,2.0,0
6,Determinant,0,0,1,int,0.1413914030115,0,0,3.0,0
3,Scaling,810,656100,2,int,0.0020636520131462,0,1,2.0,0
5,Exponential,0,0,2,mixed,0.0028110276492823,0,1,2.0,0
8,Logarithm,0,0,2,mixed,0.0027603583761538,0,1,2.0,0
5,Squareroot,810,656100,2,mixed,0.0020814441182144,0,1,2.0,0
6,Ludecomposition,0,0,3,int,0.183795023726999,0,0,3.0,0
5,Eigenvalue,810,65610000,2,mixed,0.0029841944162015,1,1,2.0,0
6,Multiplication,820,551368000,3,int,0.4954330008677282,0,0,3.0,0
7,Addition,820,672400,3,int,0.0010148894668238,0,0,2.0,0
6,Transposition,820,672400,2,int,0.002832448104798,0,1,2.0,0
6,Determinant,0,0,1,int,0.1384557190354038,0,0,3.0,0
3,Scaling,820,672400,2,int,0.0019518900359925,0,1,2.0,0
6,Exponential,0,0,2,mixed,0.0027608491745441,0,1,2.0,0
8,Logarithm,0,0,2,mixed,0.0039539644752169,0,1,2.0,0
4,Squareroot,820,672400,2,mixed,0.002955262278381,0,1,2.0,0
6,Ludecomposition,820,183789333,3,int,0.1840933815100819,0,0,3.0,0
5,Eigenvalue,0,0,2,mixed,0.0019118397422455,1,1,2.0,0
8,Multiplication,830,571787000,3,int,0.5116147208880426,0,0,3.0,0
5,Addition,0,0,3,int,0.0021144256496335,0,0,2.0,0
4,Transposition,0,0,2,int,0.0009199327866317,0,1,2.0,0
6,Determinant,0,0,1,int,0.1666231698529081,0,0,3.0,0
2,Scaling,830,688900,2,int,0.0010203634380803,0,1,2.0,0
8,Exponential,830,688900,2,mixed,0.0030153139775841,0,1,2.0,0
7,Logarithm,0,0,2,mixed,0.0053658304749894,0,1,2.0,0
5,Squareroot,0,0,2,mixed,0.0021498451944324,0,1,2.0,0
6,Ludecomposition,0,0,3,int,0.1788115254300523,0,0,3.0,0
5,Eigenvalue,0,0,2,mixed,0.0031049285684719,1,1,2.0,0
6,Multiplication,840,592704000,3,int,0.5661417510006893,0,0,3.0,0
7,Addition,0,0,3,int,0.0010223273425829,0,0,2.0,0
4,Transposition,840,705600,2,int,0.0018023745275587,0,1,2.0,0
6,Determinant,0,0,1,int,0.1343250263316175,0,0,3.0,0
5,Scaling,840,705600,2,int,0.0021240729257089,0,1,2.0,0
5,Exponential,840,705600,2,mixed,0.0040686858050817,0,1,2.0,0
8,Logarithm,840,705600,2,mixed,0.0049198274831743,0,1,2.0,0
4,Squareroot,840,705600,2,mixed,0.0020156318951427,0,1,2.0,0
6,Ludecomposition,0,0,3,int,0.1747774035576902,0,0,3.0,0
6,Eigenvalue,840,70560000,2,mixed,0.0028103091660846,1,1,2.0,0
8,Multiplication,0,0,3,int,0.5599847799077889,0,0,3.0,0
6,Addition,0,0,3,int,0.0010606755453543,0,0,2.0,0
5,Transposition,850,722500,2,int,0.0009439172766269,0,1,2.0,0
6,Determinant,0,0,1,int,0.158741141518222,0,0,3.0,0
4,Scaling,0,0,2,int,0.0009944299527446,0,1,2.0,0
7,Exponential,0,0,2,mixed,0.0032478398836765,0,1,2.0,0
8,Logarithm,850,722500,2,mixed,0.0042444755203898,0,1,2.0,0
8,Squareroot,0,0,2,mixed,0.0010570991132565,0,1,2.0,0
6,Ludecomposition,0,0,3,int,0.2160184476395484,0,0,3.0,0
7,Eigenvalue,850,72250000,2,mixed,0.0038999386727107,1,1,2.0,0
6,Multiplication,0,0,3,int,0.587350532729018,0,0,3.0,0
7,Addition,860,739600,3,int,0.0009217575039759,0,0,2.0,0
4,Transposition,860,739600,2,int,0.0047688597520586,0,1,2.0,0
6,Determinant,860,636056000,1,int,0.1453573890015783,0,0,3.0,0
3,Scaling,0,0,2,int,0.002016860579871,0,1,2.0,0
8,Exponential,860,739600,2,mixed,0.0030070047849438,0,1,2.0,0
7,Logarithm,860,739600,2,mixed,0.0047748813747095,0,1,2.0,0
6,Squareroot,860,739600,2,mixed,0.0020556787306414,0,1,2.0,0
6,Ludecomposition,860,212018666,3,int,0.1933945261735482,0,0,3.0,0
6,Eigenvalue,860,73960000,2,mixed,0.0032665858770964,1,1,2.0,0
8,Multiplication,0,0,3,int,0.5639828615525622,0,0,3.0,0
3,Addition,870,756900,3,int,0.0010399377731412,0,0,2.0,0
3,Transposition,0,0,2,int,0.0020986155524445,0,1,2.0,0
6,Determinant,0,0,1,int,0.1524538929784859,0,0,3.0,0
3,Scaling,870,756900,2,int,0.0020839834522154,0,1,2.0,0
8,Exponential,0,0,2,mixed,0.0040087823146483,0,1,2.0,0
8,Logarithm,870,756900,2,mixed,0.0040000676275784,0,1,2.0,0
4,Squareroot,0,0,2,mixed,0.0030744448796284,0,1,2.0,0
6,Ludecomposition,870,219501000,3,int,0.2020043974586679,0,0,3.0,0
6,Eigenvalue,870,75690000,2,mixed,0.0040855031511876,1,1,2.0,0
6,Multiplication,0,0,3,int,0.6004456355240742,0,0,3.0,0
5,Addition,880,774400,3,int,0.0020200371504153,0,0,2.0,0
5,Determinant,0,0,1,int,0.1713002271607809,0,0,3.0,0
3,Scaling,0,0,2,int,0.0009489905629565,0,1,2.0,0
8,Exponential,880,774400,2,mixed,0.0040386264893474,0,1,2.0,0
8,Logarithm,0,0,2,mixed,0.0049782849477971,0,1,2.0,0
7,Squareroot,0,0,2,mixed,0.0019007226613885,0,1,2.0,0
6,Ludecomposition,880,227157333,3,int,0.2034568846836806,0,0,3.0,0
5,Eigenvalue,880,77440000,2,mixed,0.0039987592914627,1,1,2.0,0
6,Multiplication,890,704969000,3,int,0.6182855568778931,0,0,3.0,0
3,Addition,890,792100,3,int,0.0020678031222287,0,0,2.0,0
2,Transposition,890,792100,2,int,0.0030305143604164,0,1,2.0,0
6,Determinant,0,0,1,int,0.1792082297505956,0,0,3.0,0
2,Scaling,890,792100,2,int,0.0009686838587705,0,1,2.0,0
8,Exponential,0,0,2,mixed,0.0042241728037479,0,1,2.0,0
8,Logarithm,890,792100,2,mixed,0.0041661677700131,0,1,2.0,0
3,Squareroot,890,792100,2,mixed,0.0037699198370737,0,1,2.0,0
6,Ludecomposition,890,234989666,3,int,0.2303178722499839,0,0,3.0,0
4,Eigenvalue,0,0,2,mixed,0.0039075455423325,1,1,2.0,0
6,Multiplication,0,0,3,int,0.6803190959211866,0,0,3.0,0
3,Addition,900,810000,3,int,0.0018876033261116,0,0,2.0,0
3,Transposition,900,810000,2,int,0.0028786079988893,0,1,2.0,0
5,Determinant,0,0,1,int,0.2054307211291231,0,0,3.0,0
8,Scaling,0,0,2,int,0.0010102700968453,0,1,2.0,0
7,Exponential,0,0,2,mixed,0.0038681701763966,0,1,2.0,0
8,Logarithm,900,810000,2,mixed,0.0041988083690435,0,1,2.0,0
6,Squareroot,0,0,2,mixed,0.0018686217760554,0,1,2.0,0
6,Ludecomposition,900,243000000,3,int,0.211301964934908,0,0,3.0,0
7,Eigenvalue,0,0,2,mixed,0.0053060219130897,1,1,2.0,0
6,Multiplication,910,753571000,3,int,0.6992499999999999,0,0,3.0,0
5,Addition,910,828100,3,int,0.0019396327528323,0,0,2.0,0
7,Transposition,0,0,2,int,0.0009628490689787,0,1,2.0,0
6,Determinant,910,753571000,1,int,0.1969834485313071,0,0,3.0,0
6,Scaling,0,0,2,int,0.0009255112683927,0,1,2.0,0
7,Exponential,910,828100,2,mixed,0.0047141097151572,0,1,2.0,0
8,Logarithm,0,0,2,mixed,0.0050154882353536,0,1,2.0,0
7,Squareroot,0,0,2,mixed,0.0018533840420711,0,1,2.0,0
6,Ludecomposition,910,251190333,3,int,0.2481759183045925,0,0,3.0,0
5,Eigenvalue,0,0,2,mixed,0.0042371897990777,1,1,2.0,0
6,Multiplication,920,778688000,3,int,0.6992499999999999,0,0,3.0,0
2,Addition,0,0,3,int,0.0019502057224663,0,0,2.0,0
2,Transposition,920,846400,2,int,0.0019076204696455,0,1,2.0,0
5,Determinant,920,778688000,1,int,0.2032832590625072,0,0,3.0,0
2,Scaling,0,0,2,int,0.0021216617127599,0,1,2.0,0
8,Exponential,0,0,2,mixed,0.0052281184455287,0,1,2.0,0
8,Logarithm,0,0,2,mixed,0.0053145072983656,0,1,2.0,0
7,Squareroot,0,0,2,mixed,0.0031939897082817,0,1,2.0,0
6,Ludecomposition,920,259562666,3,int,0.2037919024240183,0,1,2.0,0
7,Multiplication,0,0,3,int,0.6992499999999999,0,0,3.0,0
3,Addition,0,0,3,int,0.003012061428154,0,0,2.0,0
6,Transposition,0,0,2,int,0.002158043139859,0,1,2.0,0
6,Determinant,0,0,1,int,0.1990655257837302,0,0,3.0,0
8,Scaling,0,0,2,int,0.0010046566424354,0,1,2.0,0
7,Exponential,0,0,2,mixed,0.0042273442475356,0,1,2.0,0
8,Logarithm,0,0,2,mixed,0.0050879237793763,0,1,2.0,0
8,Squareroot,0,0,2,mixed,0.0030138722895049,0,1,2.0,0
6,Ludecomposition,0,0,3,int,0.3180715995364208,0,0,3.0,0
6,Eigenvalue,930,86490000,2,mixed,0.0042483911690378,1,1,2.0,0
6,Multiplication,930,804357000,3,int,0.6992499999999999,0,0,3.0,0
2,Addition,0,0,3,int,0.001963829398987,0,0,2.0,0
2,Transposition,930,864900,2,int,0.0046835213759678,0,1,2.0,0
6,Determinant,930,804357000,1,int,0.190738094242616,0,0,3.0,0
5,Scaling,930,864900,2,int,0.0010546777157256,0,1,2.0,0
8,Exponential,0,0,2,mixed,0.0036260772061921,0,1,2.0,0
8,Logarithm,930,864900,2,mixed,0.0054654527297027,0,1,2.0,0
6,Squareroot,0,0,2,mixed,0.0028300300798016,0,1,2.0,0
6,Ludecomposition,0,0,3,int,0.2770455842385915,0,0,3.0,0
6,Eigenvalue,0,0,2,mixed,0.0039550030604402,1,1,2.0,0
8,Multiplication,940,804357000,3,int,0.6992499999999999,0,0,3.0,0
3,Addition,0,0,3,int,0.0019063426061753,0,0,2.0,0
4,Transposition,940,883600,2,int,0.0048760344734391,0,1,2.0,0
5,Determinant,0,0,1,int,0.2312807509004185,0,0,3.0,0
4,Scaling,0,0,2,int,0.0020477492627321,0,1,2.0,0
8,Exponential,940,883600,2,mixed,0.0046660991580454,0,1,2.0,0
7,Logarithm,940,883600,2,mixed,0.0060744858737396,0,1,2.0,0
8,Squareroot,0,0,2,mixed,0.0019892627565632,0,1,2.0,0
6,Ludecomposition,0,0,3,int,0.2904290947526129,0,0,3.0,0
6,Eigenvalue,0,0,2,mixed,0.0041003105528602,1,1,2.0,0
8,Multiplication,950,804357000,3,int,0.6992499999999999,0,0,3.0,0
5,Addition,950,902500,3,int,0.002121854477521,0,0,2.0,0
3,Transposition,0,0,2,int,0.0034450248965947,0,1,2.0,0
6,Determinant,0,0,1,int,0.198669621231912,0,0,3.0,0
6,Scaling,0,0,2,int,0.0019562112715833,0,1,2.0,0
5,Exponential,0,0,2,mixed,0.0072166485743052,0,1,2.0,0
8,Logarithm,950,902500,2,mixed,0.0044130007042189,0,1,2.0,0
8,Squareroot,0,0,2,mixed,0.0019434502436203,0,1,2.0,0
5,Ludecomposition,950,285791666,3,int,0.3547110630424769,0,0,3.0,0
6,Eigenvalue,950,90250000,2,mixed,0.0038729643999177,1,1,2.0,0
8,Multiplication,960,804357000,3,int,0.6992499999999999,0,0,3.0,0
5,Addition,960,921600,3,int,0.0020608575222668,0,0,2.0,0
3,Transposition,960,921600,2,int,0.0021129150411874,0,1,2.0,0
6,Determinant,0,0,1,int,0.1932672399109489,0,0,3.0,0
5,Scaling,0,0,2,int,0.0009667458752455,0,1,2.0,0
8,Exponential,960,921600,2,mixed,0.002948953750508,0,1,2.0,0
8,Logarithm,960,921600,2,mixed,0.0049402621639222,0,1,2.0,0
3,Squareroot,960,921600,2,mixed,0.005066865483057,0,1,2.0,0
6,Ludecomposition,0,0,3,int,0.3535073773856738,0,0,3.0,0
6,Eigenvalue,0,0,2,mixed,0.0041511449595503,1,1,2.0,0
7,Multiplication,970,804357000,3,int,0.6992499999999999,0,0,3.0,0
3,Addition,970,940900,3,int,0.0031704543285968,0,0,2.0,0
1,Transposition,0,0,2,int,0.0039645397386714,0,1,2.0,0
6,Determinant,970,804357000,1,int,0.2088106973032379,0,0,3.0,0
8,Scaling,970,940900,2,int,0.0020830675303386,0,1,2.0,0
7,Exponential,0,0,2,mixed,0.0038724139461237,0,1,2.0,0
8,Logarithm,0,0,2,mixed,0.0051357163061008,0,1,2.0,0
3,Squareroot,970,940900,2,mixed,0.0050688415596803,0,1,2.0,0
6,Ludecomposition,970,304224333,3,int,0.2823808824975674,0,0,3.0,0
7,Eigenvalue,0,0,2,mixed,0.0046887004179606,1,1,2.0,0
7,Multiplication,980,804357000,3,int,0.6992499999999999,0,0,3.0,0
6,Addition,0,0,3,int,0.0032440165100235,0,0,2.0,0
7,Transposition,0,0,2,int,0.001900992444346,0,1,2.0,0
6,Determinant,0,0,1,int,0.221570506736777,0,0,3.0,0
7,Scaling,0,0,2,int,0.0020226935844815,0,1,2.0,0
8,Exponential,0,0,2,mixed,0.005217183588675,0,1,2.0,0
7,Logarithm,0,0,2,mixed,0.005946603208322,0,1,2.0,0
5,Squareroot,980,960400,2,mixed,0.0031175350312434,0,1,2.0,0
6,Ludecomposition,980,313730666,3,int,0.3015469520487274,0,0,3.0,0
5,Eigenvalue,980,96040000,2,mixed,0.0040375231819045,1,1,2.0,0
8,Multiplication,990,804357000,3,int,0.6992499999999999,0,0,3.0,0
2,Addition,0,0,3,int,0.0020755239620825,0,0,2.0,0
3,Transposition,990,980100,2,int,0.0021015775087476,0,1,2.0,0
6,Determinant,0,0,1,int,0.2323960857117003,0,0,3.0,0
3,Scaling,0,0,2,int,0.0018579403112009,0,1,2.0,0
7,Exponential,0,0,2,mixed,0.0049909416485283,0,1,2.0,0
8,Logarithm,990,980100,2,mixed,0.0058902732372289,0,1,2.0,0
8,Squareroot,0,0,2,mixed,0.0030694389846551,0,1,2.0,0
6,Ludecomposition,0,0,3,int,0.2832888433095512,0,0,3.0,0
6,Eigenvalue,0,0,2,mixed,0.0037464407892689,1,1,2.0,0
8,Multiplication,990,804357000,3,int,0.6992499999999999,0,0,3.0,0
7,Addition,990,1000000,3,int,0.0028961870797156,0,0,2.0,0
4,Transposition,990,1000000,2,int,0.0020821643100662,0,1,2.0,0
6,Determinant,990,804357000,1,int,0.2236448005265702,0,0,3.0,0
3,Scaling,0,0,2,int,0.0020537478782164,0,1,2.0,0
6,Exponential,0,0,2,mixed,0.008119632987904,0,1,2.0,0
6,Logarithm,0,0,2,mixed,0.0071230431619347,0,1,2.0,0
4,Squareroot,990,1000000,2,mixed,0.0040521007755346,0,1,2.0,0
6,Ludecomposition,0,0,3,int,0.3301998747940392,0,0,3.0,0
8,Eigenvalue,0,0,2,mixed,0.0048863338224985,1,1,2.0,0
6,Multiplication,0,0,3,int,0.0018702750434086,0,0,3.0,1
1,Addition,0,0,3,int,0.0,0,0,2.0,1
1,Determinant,100,1000000,1,int,0.0009359895925337,0,0,3.0,1
2,Logarithm,0,0,2,mixed,0.0,0,1,2.0,1
1,Ludecomposition,100,333333,3,int,0.0019829960875158,0,0,3.0,1
2,Eigenvalue,0,0,2,mixed,0.0010166598790646,1,1,2.0,1
8,Multiplication,0,0,3,int,0.0020844025456377,0,0,3.0,1
1,Determinant,110,1331000,1,int,0.0022355807939211,0,0,3.0,1
1,Squareroot,0,0,2,mixed,0.0010097807918979,0,1,2.0,1
1,Ludecomposition,110,443666,3,int,0.0018138575445445,0,0,3.0,1
4,Eigenvalue,0,0,2,mixed,0.0010457788591101,1,1,2.0,1
8,Multiplication,120,1728000,3,int,0.0019599239239665,0,0,3.0,1
1,Transposition,0,0,2,int,0.0,0,1,2.0,1
1,Determinant,120,1728000,1,int,0.0019929537377594,0,0,3.0,1
2,Scaling,0,0,2,int,0.0,0,1,2.0,1
2,Exponential,0,0,2,mixed,0.0010114033912759,0,1,2.0,1
1,Logarithm,0,0,2,mixed,0.0009371744952157,0,1,2.0,1
1,Squareroot,120,14400,2,mixed,0.0010017846138899,0,1,2.0,1
1,Ludecomposition,0,0,3,int,0.0029774494795831,0,0,3.0,1
3,Eigenvalue,120,1440000,2,mixed,0.0009320016343353,1,1,2.0,1
6,Multiplication,130,2197000,3,int,0.0028979611276187,0,0,3.0,1
1,Determinant,0,0,1,int,0.0019497070615275,0,0,3.0,1
1,Exponential,130,16900,2,mixed,0.0009942213799626,0,1,2.0,1
1,Squareroot,0,0,2,mixed,0.0,0,1,2.0,1
1,Ludecomposition,130,732333,3,int,0.0040410053259799,0,0,3.0,1
3,Eigenvalue,0,0,2,mixed,0.0,1,1,2.0,1
4,Multiplication,140,2744000,3,int,0.0046080943618304,0,0,3.0,1
2,Transposition,0,0,2,int,0.0,0,1,2.0,1
1,Determinant,140,2744000,1,int,0.0044329961665915,0,0,3.0,1
2,Exponential,140,19600,2,mixed,0.0009598304560601,0,1,2.0,1
1,Logarithm,0,0,2,mixed,0.0010179186434811,0,1,2.0,1
2,Squareroot,0,0,2,mixed,0.0,0,1,2.0,1
2,Ludecomposition,0,0,3,int,0.0049690347875846,0,0,3.0,1
2,Eigenvalue,140,1960000,2,mixed,0.0009501266007135,1,1,2.0,1
5,Multiplication,0,0,3,int,0.0041784935149114,0,0,3.0,1
1,Determinant,0,0,1,int,0.0039941719278014,0,0,3.0,1
1,Scaling,0,0,2,int,0.0,0,1,2.0,1
2,Exponential,0,0,2,mixed,0.0009834948785655,0,1,2.0,1
2,Squareroot,0,0,2,mixed,0.0009728746483223,0,1,2.0,1
1,Ludecomposition,0,0,3,int,0.0049208436972577,0,0,3.0,1
2,Eigenvalue,0,0,2,mixed,0.0009487315655511,1,1,2.0,1
5,Multiplication,0,0,3,int,0.0043238792412921,0,0,3.0,1
1,Determinant,0,0,1,int,0.0053174874006736,0,0,3.0,1
1,Exponential,0,0,2,mixed,0.0,0,1,2.0,1
2,Squareroot,0,0,2,mixed,0.0010405380528943,0,1,2.0,1
1,Ludecomposition,160,1365333,3,int,0.0062618965334337,0,0,3.0,1
3,Eigenvalue,160,2560000,2,mixed,0.0009668500600074,1,1,2.0,1
6,Multiplication,170,4913000,3,int,0.0070257256075465,0,0,3.0,1
1,Determinant,0,0,1,int,0.0048013030062496,0,0,3.0,1
1,Scaling,0,0,2,int,0.0010694154570873,0,1,2.0,1
1,Exponential,170,28900,2,mixed,0.000936997865326,0,1,2.0,1
3,Logarithm,170,28900,2,mixed,0.0010264595915451,0,1,2.0,1
3,Ludecomposition,0,0,3,int,0.0067824720693056,0,0,3.0,1
2,Eigenvalue,170,2890000,2,mixed,0.0009651303431743,1,1,2.0,1
6,Multiplication,0,0,3,int,0.007805845396917,0,0,3.0,1
1,Determinant,0,0,1,int,0.0058851804004412,0,0,3.0,1
2,Exponential,0,0,2,mixed,0.0,0,1,2.0,1
4,Logarithm,0,0,2,mixed,0.0009945564573421,0,1,2.0,1
2,Ludecomposition,180,1944000,3,int,0.0095494354825104,0,0,3.0,1
2,Eigenvalue,0,0,2,mixed,0.0010315976045451,1,1,2.0,1
6,Multiplication,190,6859000,3,int,0.0106974605354179,0,0,3.0,1
1,Determinant,0,0,1,int,0.0072463197720475,0,0,3.0,1
2,Exponential,0,0,2,mixed,0.0010354327453248,0,1,2.0,1
4,Logarithm,190,36100,2,mixed,0.0009770889521688,0,1,2.0,1
6,Ludecomposition,0,0,3,int,0.0094827125621405,0,0,3.0,1
1,Eigenvalue,190,3610000,2,mixed,0.0010091012957141,1,1,2.0,1
6,Multiplication,200,8000000,3,int,0.0119057089675594,0,0,3.0,1
1,Determinant,0,0,1,int,0.0093677987360124,0,0,3.0,1
2,Exponential,200,40000,2,mixed,0.0010095403291852,0,1,2.0,1
4,Logarithm,0,0,2,mixed,0.0009766165110169,0,1,2.0,1
2,Squareroot,0,0,2,mixed,0.0010169008487227,0,1,2.0,1
4,Ludecomposition,0,0,3,int,0.0095329183666696,0,0,3.0,1
2,Eigenvalue,0,0,2,mixed,0.0008579202077971,1,1,2.0,1
5,Multiplication,210,9261000,3,int,0.0141230147556721,0,0,3.0,1
1,Transposition,210,44100,2,int,0.0009314790688845,0,1,2.0,1
1,Determinant,210,9261000,1,int,0.0102240624208844,0,0,3.0,1
2,Exponential,210,44100,2,mixed,0.0011257547840103,0,1,2.0,1
1,Squareroot,0,0,2,mixed,0.0009528573311732,0,1,2.0,1
5,Ludecomposition,0,0,3,int,0.0111273971587981,0,0,3.0,1
6,Multiplication,220,10648000,3,int,0.0147509876852306,0,0,3.0,1
2,Addition,0,0,3,int,0.0,0,0,2.0,1
5,Determinant,0,0,1,int,0.0112329033003787,0,0,3.0,1
3,Exponential,0,0,2,mixed,0.0,0,1,2.0,1
4,Logarithm,220,48400,2,mixed,0.0010522089706056,0,1,2.0,1
2,Squareroot,220,48400,2,mixed,0.0010220483503251,0,1,2.0,1
5,Ludecomposition,0,0,3,int,0.0099822654189698,0,0,3.0,1
8,Eigenvalue,220,4840000,2,mixed,0.0009905408114083,1,1,2.0,1
6,Multiplication,0,0,3,int,0.0153712304064209,0,0,3.0,1
4,Determinant,0,0,1,int,0.0106496780497902,0,0,3.0,1
3,Exponential,230,52900,2,mixed,0.0009242319480066,0,1,2.0,1
2,Squareroot,230,52900,2,mixed,0.0010145418423527,0,1,2.0,1
4,Ludecomposition,0,0,3,int,0.0132376593998724,0,0,3.0,1
8,Eigenvalue,230,5290000,2,mixed,0.0009938310141262,1,1,2.0,1
6,Multiplication,240,13824000,3,int,0.0193268856043627,0,0,3.0,1
2,Addition,0,0,3,int,0.0010980740292963,0,0,2.0,1
4,Determinant,0,0,1,int,0.0110545950174614,0,0,3.0,1
2,Exponential,0,0,2,mixed,0.0009920518734082,0,1,2.0,1
4,Logarithm,0,0,2,mixed,0.0,0,1,2.0,1
2,Squareroot,0,0,2,mixed,0.0010064001834937,0,1,2.0,1
4,Ludecomposition,0,0,3,int,0.0124856068731716,0,0,3.0,1
1,Eigenvalue,240,5760000,2,mixed,0.0010244631163733,1,1,2.0,1
6,Multiplication,250,15625000,3,int,0.0130325607009247,0,0,3.0,1
3,Determinant,0,0,1,int,0.0118853336659867,0,0,3.0,1
3,Exponential,0,0,2,mixed,0.0009768432483533,0,1,2.0,1
6,Logarithm,250,62500,2,mixed,0.0010550019647215,0,1,2.0,1
2,Squareroot,250,62500,2,mixed,0.0010231437028274,0,1,2.0,1
5,Ludecomposition,0,0,3,int,0.0137396479180869,0,0,3.0,1
3,Eigenvalue,0,0,2,mixed,0.001020571387376,1,1,2.0,1
6,Multiplication,0,0,3,int,0.0150055280589922,0,0,3.0,1
3,Determinant,260,17576000,1,int,0.015939065973636,0,0,3.0,1
8,Logarithm,260,67600,2,mixed,0.0009569588198838,0,1,2.0,1
1,Squareroot,260,67600,2,mixed,0.0009720036290404,0,1,2.0,1
5,Ludecomposition,260,5858666,3,int,0.0159812686202328,0,0,3.0,1
6,Multiplication,270,19683000,3,int,0.0305768727225074,0,0,3.0,1
6,Determinant,270,19683000,1,int,0.0153302216577964,0,0,3.0,1
2,Exponential,0,0,2,mixed,0.000887169567329,0,1,2.0,1
6,Logarithm,0,0,2,mixed,0.0,0,1,2.0,1
3,Squareroot,0,0,2,mixed,0.0,0,1,2.0,1
5,Ludecomposition,270,6561000,3,int,0.0162329413450723,0,0,3.0,1
2,Eigenvalue,270,7290000,2,mixed,0.000961295149815,1,1,2.0,1
6,Multiplication,0,0,3,int,0.0282465041773809,0,0,3.0,1
1,Addition,0,0,3,int,0.0010012218949102,0,0,2.0,1
1,Transposition,280,78400,2,int,0.0009900483411596,0,1,2.0,1
5,Determinant,0,0,1,int,0.0144963627367138,0,0,3.0,1
4,Exponential,0,0,2,mixed,0.0,0,1,2.0,1
8,Logarithm,280,78400,2,mixed,0.0009299327680123,0,1,2.0,1
5,Ludecomposition,0,0,3,int,0.0163365335312781,0,0,3.0,1
4,Eigenvalue,280,7840000,2,mixed,0.0011335423265114,1,1,2.0,1
6,Multiplication,0,0,3,int,0.0318911369260746,0,0,3.0,1
5,Determinant,0,0,1,int,0.0161525901783097,0,0,3.0,1
2,Exponential,290,84100,2,mixed,0.0009361155421713,0,1,2.0,1
5,Logarithm,0,0,2,mixed,0.0010173003975838,0,1,2.0,1
5,Ludecomposition,290,8129666,3,int,0.0213623541847308,0,0,3.0,1
3,Eigenvalue,0,0,2,mixed,0.0009369358118921,1,1,2.0,1
6,Multiplication,0,0,3,int,0.0308460329932964,0,0,3.0,1
5,Determinant,0,0,1,int,0.0181547661076003,0,0,3.0,1
5,Exponential,0,0,2,mixed,0.0,0,1,2.0,1
3,Logarithm,0,0,2,mixed,0.0010385562954329,0,1,2.0,1
3,Squareroot,300,90000,2,mixed,0.0009907782779867,0,1,2.0,1
6,Ludecomposition,300,9000000,3,int,0.0198544807211307,0,0,3.0,1
3,Eigenvalue,300,9000000,2,mixed,0.0010244696583669,1,1,2.0,1
5,Multiplication,0,0,3,int,0.0300865588605288,0,0,3.0,1
6,Determinant,310,29791000,1,int,0.0183444046028645,0,0,3.0,1
2,Scaling,0,0,2,int,0.0010196824671493,0,1,2.0,1
3,Exponential,0,0,2,mixed,0.001022943469484,0,1,2.0,1
5,Logarithm,0,0,2,mixed,0.0010267614600751,0,1,2.0,1
2,Squareroot,0,0,2,mixed,0.0009660380711487,0,1,2.0,1
6,Ludecomposition,0,0,3,int,0.0209518236713125,0,0,3.0,1
6,Multiplication,0,0,3,int,0.0348923118277363,0,0,3.0,1
5,Determinant,0,0,1,int,0.0185910338486808,0,0,3.0,1
2,Scaling,320,102400,2,int,0.0010034165452661,0,1,2.0,1
4,Squareroot,0,0,2,mixed,0.0009617862895009,0,1,2.0,1
5,Ludecomposition,0,0,3,int,0.0226130275401713,0,0,3.0,1
4,Eigenvalue,320,10240000,2,mixed,0.0009734961244245,1,1,2.0,1
6,Multiplication,330,35937000,3,int,0.0346050060077214,0,0,3.0,1
4,Addition,330,108900,3,int,0.0009994666262324,0,0,2.0,1
2,Transposition,0,0,2,int,0.0010360992621203,0,1,2.0,1
6,Determinant,330,35937000,1,int,0.0217317824383107,0,0,3.0,1
5,Logarithm,330,108900,2,mixed,0.0010261906628117,0,1,2.0,1
5,Squareroot,330,108900,2,mixed,0.0010278562842206,0,1,2.0,1
6,Ludecomposition,0,0,3,int,0.0224135192746636,0,0,3.0,1
7,Eigenvalue,330,10890000,2,mixed,0.0009207475778212,1,1,2.0,1
6,Multiplication,330,35937000,3,int,0.0433841810376704,0,0,3.0,1
5,Determinant,0,0,1,int,0.0207541268134888,0,0,3.0,1
1,Scaling,0,0,2,int,0.0010889986142096,0,1,2.0,1
7,Exponential,0,0,2,mixed,0.0009560321438536,0,1,2.0,1
6,Logarithm,330,108900,2,mixed,0.001003232393874,0,1,2.0,1
6,Squareroot,0,0,2,mixed,0.0,0,1,2.0,1
5,Ludecomposition,0,0,3,int,0.0243701035408943,0,0,3.0,1
6,Eigenvalue,0,0,2,mixed,0.0010379799810806,1,1,2.0,1
6,Multiplication,0,0,3,int,0.0507097678718127,0,0,3.0,1
6,Determinant,340,39304000,1,int,0.0217591712758733,0,0,3.0,1
6,Exponential,0,0,2,mixed,0.000851772864015,0,1,2.0,1
5,Logarithm,340,115600,2,mixed,0.0009812985075178,0,1,2.0,1
4,Squareroot,340,115600,2,mixed,0.0010422906046445,0,1,2.0,1
5,Ludecomposition,340,13101333,3,int,0.0264099956709898,0,0,3.0,1
2,Eigenvalue,0,0,2,mixed,0.0020718330617939,1,1,2.0,1
6,Multiplication,350,42875000,3,int,0.0414797337052169,0,0,3.0,1
1,Addition,0,0,3,int,0.0010483840141354,0,0,2.0,1
2,Transposition,0,0,2,int,0.0009875811446737,0,1,2.0,1
6,Determinant,0,0,1,int,0.0239221450128669,0,0,3.0,1
8,Exponential,0,0,2,mixed,0.000984241445558,0,1,2.0,1
5,Logarithm,0,0,2,mixed,0.001939442137982,0,1,2.0,1
5,Squareroot,0,0,2,mixed,0.000944264219312,0,1,2.0,1
6,Ludecomposition,0,0,3,int,0.0295210685306875,0,0,3.0,1
6,Eigenvalue,350,12250000,2,mixed,0.0011003544292418,1,1,2.0,1
8,Multiplication,360,46656000,3,int,0.0506108717334845,0,0,3.0,1
2,Addition,0,0,3,int,0.0010070508425862,0,0,2.0,1
4,Determinant,0,0,1,int,0.0235734063633784,0,0,3.0,1
7,Logarithm,360,129600,2,mixed,0.001008629840828,0,1,2.0,1
7,Squareroot,0,0,2,mixed,0.0,0,1,2.0,1
5,Ludecomposition,0,0,3,int,0.0328251936760016,0,0,3.0,1
2,Eigenvalue,0,0,2,mixed,0.0021365309423115,1,1,2.0,1
8,Multiplication,0,0,3,int,0.0546344278753334,0,0,3.0,1
1,Addition,0,0,3,int,0.0010884557341455,0,0,2.0,1
1,Transposition,0,0,2,int,0.0009895770154835,0,1,2.0,1
5,Determinant,370,50653000,1,int,0.0282907111212574,0,0,3.0,1
2,Scaling,0,0,2,int,0.0010177941565449,0,1,2.0,1
3,Exponential,370,136900,2,mixed,0.0009552037465353,0,1,2.0,1
4,Logarithm,370,136900,2,mixed,0.0010265195169881,0,1,2.0,1
5,Ludecomposition,370,16884333,3,int,0.0298845292111528,0,0,3.0,1
5,Eigenvalue,370,13690000,2,mixed,0.0010655652890869,1,1,2.0,1
6,Multiplication,0,0,3,int,0.072251915529339,0,0,3.0,1
5,Addition,380,144400,3,int,0.0009897872440581,0,0,2.0,1
5,Determinant,0,0,1,int,0.0367679746556486,0,0,3.0,1
4,Exponential,0,0,2,mixed,0.0009732853855384,0,1,2.0,1
7,Logarithm,0,0,2,mixed,0.0010425547431684,0,1,2.0,1
5,Squareroot,380,144400,2,mixed,0.0010732086011276,0,1,2.0,1
6,Ludecomposition,380,18290666,3,int,0.0404329807418985,0,0,3.0,1
3,Eigenvalue,380,14440000,2,mixed,0.001034976744047,1,1,2.0,1
8,Multiplication,0,0,3,int,0.0634386120613854,0,0,3.0,1
2,Addition,390,152100,3,int,0.0010801947640478,0,0,2.0,1
4,Transposition,390,152100,2,int,0.0009974241038554,0,1,2.0,1
4,Determinant,0,0,1,int,0.0342046610486401,0,0,3.0,1
7,Exponential,390,152100,2,mixed,0.0010184912797662,0,1,2.0,1
7,Logarithm,390,152100,2,mixed,0.0010919736715736,0,1,2.0,1
7,Squareroot,0,0,2,mixed,0.0010734460275064,0,1,2.0,1
5,Ludecomposition,0,0,3,int,0.0372296957797881,0,0,3.0,1
5,Eigenvalue,0,0,2,mixed,0.0009350535680043,1,1,2.0,1
8,Multiplication,0,0,3,int,0.0648053584367425,0,0,3.0,1
3,Addition,0,0,3,int,0.0009549005707486,0,0,2.0,1
4,Determinant,0,0,1,int,0.0369612048158483,0,0,3.0,1
1,Scaling,400,160000,2,int,0.0011209123475065,0,1,2.0,1
7,Exponential,0,0,2,mixed,0.0009176577628019,0,1,2.0,1
6,Logarithm,0,0,2,mixed,0.0018512503528841,0,1,2.0,1
5,Squareroot,400,160000,2,mixed,0.000994036684544,0,1,2.0,1
4,Ludecomposition,0,0,3,int,0.0512143241922658,0,0,3.0,1
4,Eigenvalue,400,16000000,2,mixed,0.0017937757257437,1,1,2.0,1
6,Multiplication,410,68921000,3,int,0.0697291787763087,0,0,3.0,1
2,Addition,0,0,3,int,0.0009694585994197,0,0,2.0,1
3,Transposition,0,0,2,int,0.0009252629615768,0,1,2.0,1
5,Determinant,0,0,1,int,0.0307976823433627,0,0,3.0,1
1,Scaling,410,168100,2,int,0.0010327124224331,0,1,2.0,1
5,Exponential,410,168100,2,mixed,0.0009679260896521,0,1,2.0,1
6,Logarithm,410,168100,2,mixed,0.0019193926894816,0,1,2.0,1
8,Squareroot,0,0,2,mixed,0.0,0,1,2.0,1
6,Ludecomposition,410,22973666,3,int,0.0386902091028136,0,0,3.0,1
4,Eigenvalue,410,16810000,2,mixed,0.0010322112361112,1,1,2.0,1
6,Multiplication,420,74088000,3,int,0.0785098638027957,0,0,3.0,1
1,Addition,0,0,3,int,0.0010046304988392,0,0,2.0,1
6,Determinant,0,0,1,int,0.0313615696606277,0,0,3.0,1
1,Scaling,0,0,2,int,0.0009861593493381,0,1,2.0,1
7,Exponential,0,0,2,mixed,0.0009456213069103,0,1,2.0,1
6,Logarithm,0,0,2,mixed,0.0010462962373618,0,1,2.0,1
5,Ludecomposition,0,0,3,int,0.0385293540513123,0,0,3.0,1
3,Eigenvalue,420,17640000,2,mixed,0.0019942665100725,1,1,2.0,1
6,Multiplication,0,0,3,int,0.0838245857332165,0,0,3.0,1
6,Determinant,0,0,1,int,0.0350483224193014,0,0,3.0,1
3,Exponential,430,184900,2,mixed,0.0009066242469397,0,1,2.0,1
8,Logarithm,430,184900,2,mixed,0.0020668489126741,0,1,2.0,1
8,Squareroot,430,184900,2,mixed,0.0010020999034093,0,1,2.0,1
6,Ludecomposition,0,0,3,int,0.0377443047174839,0,0,3.0,1
5,Eigenvalue,430,18490000,2,mixed,0.0009998583436098,1,1,2.0,1
7,Multiplication,440,85184000,3,int,0.0917470430363929,0,0,3.0,1
2,Transposition,440,193600,2,int,0.0009298560934024,0,1,2.0,1
6,Determinant,0,0,1,int,0.0362707567942499,0,0,3.0,1
6,Exponential,0,0,2,mixed,0.0010714468023274,0,1,2.0,1
7,Logarithm,440,193600,2,mixed,0.0022248659992242,0,1,2.0,1
7,Squareroot,440,193600,2,mixed,0.0009292592512996,0,1,2.0,1
6,Ludecomposition,0,0,3,int,0.0434325205133892,0,0,3.0,1
4,Eigenvalue,0,0,2,mixed,0.0036781803948681,1,1,2.0,1
8,Multiplication,450,91125000,3,int,0.0851519092058771,0,0,3.0,1
3,Addition,450,202500,3,int,0.0009795940960497,0,0,2.0,1
3,Transposition,0,0,2,int,0.0,0,1,2.0,1
6,Determinant,0,0,1,int,0.0351109789241963,0,0,3.0,1
7,Logarithm,450,202500,2,mixed,0.0020140906423845,0,1,2.0,1
6,Ludecomposition,450,30375000,3,int,0.0470643479036029,0,0,3.0,1
6,Eigenvalue,0,0,2,mixed,0.001972077007519,1,1,2.0,1
6,Multiplication,460,97336000,3,int,0.1005353805638517,0,0,3.0,1
2,Addition,0,0,3,int,0.0010119778624445,0,0,2.0,1
6,Determinant,0,0,1,int,0.039790810509013,0,0,3.0,1
4,Exponential,0,0,2,mixed,0.0010126881627358,0,1,2.0,1
6,Logarithm,0,0,2,mixed,0.0009959456370475,0,1,2.0,1
7,Squareroot,0,0,2,mixed,0.0010179362426922,0,1,2.0,1
6,Ludecomposition,0,0,3,int,0.048764351884978,0,0,3.0,1
6,Eigenvalue,0,0,2,mixed,0.0010242956723176,1,1,2.0,1
6,Multiplication,0,0,3,int,0.1069249565814473,0,0,3.0,1
2,Transposition,470,220900,2,int,0.0010758382803444,0,1,2.0,1
6,Determinant,0,0,1,int,0.0441288166273301,0,0,3.0,1
3,Exponential,470,220900,2,mixed,0.000915468089214,0,1,2.0,1
6,Logarithm,0,0,2,mixed,0.0020762937710751,0,1,2.0,1
7,Squareroot,0,0,2,mixed,0.0010541429287623,0,1,2.0,1
6,Ludecomposition,470,34607666,3,int,0.0480581918527676,0,0,3.0,1
4,Eigenvalue,470,22090000,2,mixed,0.0022240708487133,1,1,2.0,1
6,Multiplication,480,110592000,3,int,0.1256526540916186,0,0,3.0,1
4,Transposition,480,230400,2,int,0.0009759078270215,0,1,2.0,1
6,Determinant,480,110592000,1,int,0.0405616307245017,0,0,3.0,1
2,Scaling,0,0,2,int,0.0010607309154445,0,1,2.0,1
3,Exponential,0,0,2,mixed,0.0009469749872916,0,1,2.0,1
6,Logarithm,480,230400,2,mixed,0.0019368285850654,0,1,2.0,1
3,Squareroot,480,230400,2,mixed,0.0010409921872167,0,1,2.0,1
6,Ludecomposition,0,0,3,int,0.0485076883855469,0,0,3.0,1
8,Eigenvalue,480,23040000,2,mixed,0.0020123306397915,1,1,2.0,1
6,Multiplication,490,117649000,3,int,0.1126557516163781,0,0,3.0,1
4,Addition,0,0,3,int,0.0,0,0,2.0,1
7,Transposition,0,0,2,int,0.0,0,1,2.0,1
5,Determinant,490,117649000,1,int,0.0461947475681547,0,0,3.0,1
1,Scaling,0,0,2,int,0.0010169712189291,0,1,2.0,1
6,Exponential,0,0,2,mixed,0.0010528421237447,0,1,2.0,1
7,Logarithm,0,0,2,mixed,0.0019498311833271,0,1,2.0,1
5,Ludecomposition,490,39216333,3,int,0.0519011034176968,0,0,3.0,1
6,Eigenvalue,490,24010000,2,mixed,0.0020220053218979,1,1,2.0,1
6,Multiplication,0,0,3,int,0.1465412519715652,0,0,3.0,1
3,Addition,0,0,3,int,0.0,0,0,2.0,1
2,Transposition,500,250000,2,int,0.0009438606913354,0,1,2.0,1
6,Determinant,0,0,1,int,0.0477184100814282,0,0,3.0,1
1,Scaling,500,250000,2,int,0.0009080851354739,0,1,2.0,1
7,Exponential,500,250000,2,mixed,0.0010155240902662,0,1,2.0,1
6,Logarithm,500,250000,2,mixed,0.0020947919471335,0,1,2.0,1
7,Squareroot,500,250000,2,mixed,0.0010057369707037,0,1,2.0,1
6,Ludecomposition,500,41666666,3,int,0.05510208141284,0,0,3.0,1
8,Eigenvalue,500,25000000,2,mixed,0.0020221939961467,1,1,2.0,1
6,Multiplication,0,0,3,int,0.144998300834317,0,0,3.0,1
3,Transposition,0,0,2,int,0.0010039742593061,0,1,2.0,1
6,Determinant,0,0,1,int,0.0487423070856699,0,0,3.0,1
3,Scaling,0,0,2,int,0.0,0,1,2.0,1
6,Exponential,0,0,2,mixed,0.0010003159476086,0,1,2.0,1
7,Logarithm,510,260100,2,mixed,0.0019611268581031,0,1,2.0,1
3,Squareroot,0,0,2,mixed,0.0010223792476882,0,1,2.0,1
6,Ludecomposition,0,0,3,int,0.0562493551081972,0,0,3.0,1
6,Eigenvalue,510,26010000,2,mixed,0.0020408305994973,1,1,2.0,1
5,Multiplication,520,140608000,3,int,0.1542782994515428,0,0,3.0,1
7,Addition,520,270400,3,int,0.0010265016032087,0,0,2.0,1
4,Transposition,0,0,2,int,0.0,0,1,2.0,1
6,Determinant,520,140608000,1,int,0.0501467722016219,0,0,3.0,1
1,Scaling,0,0,2,int,0.0009718158354933,0,1,2.0,1
8,Exponential,520,270400,2,mixed,0.0009604245601942,0,1,2.0,1
7,Logarithm,520,270400,2,mixed,0.0019591113530162,0,1,2.0,1
4,Squareroot,0,0,2,mixed,0.0010717439129794,0,1,2.0,1
6,Ludecomposition,0,0,3,int,0.0546990054197473,0,0,3.0,1
6,Eigenvalue,520,27040000,2,mixed,0.0009289824472969,1,1,2.0,1
6,Multiplication,0,0,3,int,0.149645989225266,0,0,3.0,1
3,Addition,530,280900,3,int,0.0009946713273296,0,0,2.0,1
6,Determinant,0,0,1,int,0.0495217768248955,0,0,3.0,1
7,Exponential,530,280900,2,mixed,0.0019533530664415,0,1,2.0,1
7,Logarithm,0,0,2,mixed,0.002038138761008,0,1,2.0,1
6,Squareroot,0,0,2,mixed,0.001067306061975,0,1,2.0,1
6,Ludecomposition,0,0,3,int,0.0652699610415079,0,0,3.0,1
6,Eigenvalue,530,28090000,2,mixed,0.0021058127534252,1,1,2.0,1
6,Multiplication,0,0,3,int,0.1421398755228123,0,0,3.0,1
7,Addition,540,291600,3,int,0.0010925344140309,0,0,2.0,1
5,Determinant,540,157464000,1,int,0.0617863531634336,0,0,3.0,1
3,Scaling,0,0,2,int,0.0010083807872555,0,1,2.0,1
5,Exponential,540,291600,2,mixed,0.0018490784870866,0,1,2.0,1
8,Logarithm,540,291600,2,mixed,0.0019779739357134,0,1,2.0,1
4,Squareroot,0,0,2,mixed,0.0010084725191192,0,1,2.0,1
6,Ludecomposition,0,0,3,int,0.0645668814298051,0,0,3.0,1
5,Eigenvalue,540,29160000,2,mixed,0.0029422615176423,1,1,2.0,1
6,Multiplication,0,0,3,int,0.1507357944763827,0,0,3.0,1
7,Transposition,0,0,2,int,0.0010300045610067,0,1,2.0,1
6,Determinant,0,0,1,int,0.0505876537473249,0,0,3.0,1
5,Scaling,0,0,2,int,0.0010788606457959,0,1,2.0,1
7,Exponential,0,0,2,mixed,0.0009979183252743,0,1,2.0,1
7,Logarithm,550,302500,2,mixed,0.0018323409552797,0,1,2.0,1
5,Squareroot,0,0,2,mixed,0.0009629390999175,0,1,2.0,1
6,Ludecomposition,0,0,3,int,0.0659829809576268,0,0,3.0,1
6,Eigenvalue,0,0,2,mixed,0.0019930445258297,1,1,2.0,1
6,Multiplication,560,175616000,3,int,0.1613287657351159,0,0,3.0,1
4,Addition,560,313600,3,int,0.0009876882618358,0,0,2.0,1
1,Transposition,560,313600,2,int,0.0009765861604627,0,1,2.0,1
6,Determinant,560,175616000,1,int,0.0654904945250557,0,0,3.0,1
4,Scaling,0,0,2,int,0.0,0,1,2.0,1
7,Exponential,0,0,2,mixed,0.0009894463562834,0,1,2.0,1
8,Logarithm,0,0,2,mixed,0.0021171949464085,0,1,2.0,1
8,Squareroot,560,313600,2,mixed,0.0009622030795695,0,1,2.0,1
6,Ludecomposition,0,0,3,int,0.075983112389268,0,0,3.0,1
6,Eigenvalue,560,31360000,2,mixed,0.0020450692270067,1,1,2.0,1
8,Multiplication,570,185193000,3,int,0.1814632391754142,0,0,3.0,1
5,Transposition,0,0,2,int,0.0,0,1,2.0,1
6,Determinant,0,0,1,int,0.06168146038051,0,0,3.0,1
7,Exponential,0,0,2,mixed,0.0010938249962281,0,1,2.0,1
8,Logarithm,0,0,2,mixed,0.0029365300668045,0,1,2.0,1
6,Squareroot,570,324900,2,mixed,0.001036538304253,0,1,2.0,1
6,Ludecomposition,0,0,3,int,0.0757506007422593,0,0,3.0,1
6,Eigenvalue,570,32490000,2,mixed,0.001898109598709,1,1,2.0,1
6,Multiplication,0,0,3,int,0.182018268738535,0,0,3.0,1
6,Addition,0,0,3,int,0.0009346013132877,0,0,2.0,1
4,Transposition,0,0,2,int,0.0010764227243601,0,1,2.0,1
6,Determinant,0,0,1,int,0.0618127952298725,0,0,3.0,1
7,Exponential,0,0,2,mixed,0.0009724932947706,0,1,2.0,1
5,Logarithm,0,0,2,mixed,0.0030917974487499,0,1,2.0,1
5,Squareroot,0,0,2,mixed,0.0020369842861094,0,1,2.0,1
6,Ludecomposition,0,0,3,int,0.0769213669707,0,0,3.0,1
6,Eigenvalue,0,0,2,mixed,0.0019460837899329,1,1,2.0,1
6,Multiplication,0,0,3,int,0.2016376844436737,0,0,3.0,1
3,Addition,590,348100,3,int,0.0009157295229715,0,0,2.0,1
2,Transposition,590,348100,2,int,0.0009575203521437,0,1,2.0,1
6,Determinant,0,0,1,int,0.0684072008120462,0,0,3.0,1
5,Scaling,0,0,2,int,0.0,0,1,2.0,1
8,Exponential,0,0,2,mixed,0.0010357177495439,0,1,2.0,1
8,Logarithm,590,348100,2,mixed,0.0019315066948175,0,1,2.0,1
6,Squareroot,590,348100,2,mixed,0.0010542288787725,0,1,2.0,1
6,Ludecomposition,590,68459666,3,int,0.0769681546209767,0,0,3.0,1
8,Eigenvalue,0,0,2,mixed,0.0030607457845149,1,1,2.0,1
5,Multiplication,600,216000000,3,int,0.3617050326394467,0,0,3.0,1
3,Addition,600,360000,3,int,0.0019929790212745,0,0,2.0,1
3,Transposition,0,0,2,int,0.0020203107336505,0,1,2.0,1
8,Determinant,600,216000000,1,int,0.1076690179633999,0,0,3.0,1
2,Scaling,600,360000,2,int,0.0009506919474345,0,1,2.0,1
6,Exponential,600,360000,2,mixed,0.0020059799181745,0,1,2.0,1
8,Logarithm,0,0,2,mixed,0.0022260482708891,0,1,2.0,1
3,Squareroot,0,0,2,mixed,0.0018311494451337,0,1,2.0,1
5,Ludecomposition,0,0,3,int,0.0917436187194922,0,0,3.0,1
6,Eigenvalue,0,0,2,mixed,0.0029311319651698,1,1,2.0,1
8,Multiplication,610,226981000,3,int,0.1960834510242856,0,0,3.0,1
2,Addition,610,372100,3,int,0.0010009850282485,0,0,2.0,1
7,Transposition,610,372100,2,int,0.0010261355202055,0,1,2.0,1
6,Determinant,0,0,1,int,0.0754980563271708,0,0,3.0,1
2,Scaling,610,372100,2,int,0.0010255255296892,0,1,2.0,1
7,Exponential,0,0,2,mixed,0.0018626162970159,0,1,2.0,1
6,Logarithm,0,0,2,mixed,0.0031291854107308,0,1,2.0,1
6,Squareroot,0,0,2,mixed,0.0009731188280312,0,1,2.0,1
6,Ludecomposition,0,0,3,int,0.0858672559359152,0,0,3.0,1
7,Eigenvalue,0,0,2,mixed,0.0020404122574932,1,1,2.0,1
8,Multiplication,0,0,3,int,0.2214785232714136,0,0,3.0,1
8,Addition,0,0,3,int,0.0,0,0,2.0,1
2,Transposition,0,0,2,int,0.0010002144015424,0,1,2.0,1
6,Determinant,0,0,1,int,0.0741438037478828,0,0,3.0,1
8,Exponential,620,384400,2,mixed,0.0019857588875049,0,1,2.0,1
7,Logarithm,620,384400,2,mixed,0.0031698030537671,0,1,2.0,1
7,Squareroot,620,384400,2,mixed,0.0010724165844622,0,1,2.0,1
6,Ludecomposition,620,79442666,3,int,0.0881614011918197,0,0,3.0,1
6,Eigenvalue,620,38440000,2,mixed,0.0021813950137522,1,1,2.0,1
8,Multiplication,630,250047000,3,int,0.2106362405508474,0,0,3.0,1
2,Transposition,0,0,2,int,0.0019872495724464,0,1,2.0,1
6,Determinant,0,0,1,int,0.078120861677689,0,0,3.0,1
4,Scaling,630,396900,2,int,0.0010547153330281,0,1,2.0,1
8,Exponential,0,0,2,mixed,0.0019553454351918,0,1,2.0,1
6,Logarithm,630,396900,2,mixed,0.0041282582853549,0,1,2.0,1
8,Squareroot,630,396900,2,mixed,0.0010033192542139,0,1,2.0,1
6,Ludecomposition,630,83349000,3,int,0.095519596569007,0,0,3.0,1
5,Eigenvalue,0,0,2,mixed,0.003273509715238,1,1,2.0,1
6,Multiplication,0,0,3,int,0.245798730031971,0,0,3.0,1
1,Addition,0,0,3,int,0.0020927392798974,0,0,2.0,1
1,Transposition,0,0,2,int,0.001992738356865,0,1,2.0,1
6,Determinant,640,262144000,1,int,0.0803411877967386,0,0,3.0,1
8,Exponential,0,0,2,mixed,0.0010094772553169,0,1,2.0,1
7,Logarithm,640,409600,2,mixed,0.0030620434156139,0,1,2.0,1
6,Squareroot,640,409600,2,mixed,0.0009719818169248,0,1,2.0,1
6,Ludecomposition,640,87381333,3,int,0.1032438419401713,0,0,3.0,1
6,Eigenvalue,0,0,2,mixed,0.0029686341894723,1,1,2.0,1
8,Multiplication,650,274625000,3,int,0.2618620239343504,0,0,3.0,1
4,Addition,0,0,3,int,0.0009435117748768,0,0,2.0,1
5,Transposition,0,0,2,int,0.0009822830874069,0,1,2.0,1
6,Determinant,0,0,1,int,0.089797281547637,0,0,3.0,1
7,Scaling,650,422500,2,int,0.0010520115540246,0,1,2.0,1
8,Exponential,650,422500,2,mixed,0.0019949976154512,0,1,2.0,1
6,Logarithm,0,0,2,mixed,0.0042646880081913,0,1,2.0,1
6,Squareroot,0,0,2,mixed,0.0019501917672968,0,1,2.0,1
6,Ludecomposition,0,0,3,int,0.11205811351772,0,0,3.0,1
8,Eigenvalue,0,0,2,mixed,0.0032201301045379,1,1,2.0,1
8,Multiplication,660,287496000,3,int,0.2806533375143697,0,0,3.0,1
2,Addition,660,435600,3,int,0.0011278390790147,0,0,2.0,1
4,Transposition,0,0,2,int,0.00206084506668,0,1,2.0,1
6,Determinant,660,287496000,1,int,0.0893347393792955,0,0,3.0,1
7,Exponential,660,435600,2,mixed,0.0019904994298217,0,1,2.0,1
8,Logarithm,660,435600,2,mixed,0.0028661301535838,0,1,2.0,1
6,Squareroot,0,0,2,mixed,0.0019395695189498,0,1,2.0,1
6,Ludecomposition,0,0,3,int,0.10404048044912,0,0,3.0,1
6,Eigenvalue,660,43560000,2,mixed,0.0031861569576595,1,1,2.0,1
8,Multiplication,670,300763000,3,int,0.2974290055027014,0,0,3.0,1
6,Addition,670,448900,3,int,0.0009873818129788,0,0,2.0,1
5,Transposition,670,448900,2,int,0.0021001786893752,0,1,2.0,1
6,Determinant,670,300763000,1,int,0.0876533468574256,0,0,3.0,1
8,Scaling,0,0,2,int,0.000946619318832,0,1,2.0,1
6,Exponential,0,0,2,mixed,0.0018590162358237,0,1,2.0,1
7,Logarithm,670,448900,2,mixed,0.0032469701156421,0,1,2.0,1
7,Squareroot,670,448900,2,mixed,0.0018971333389904,0,1,2.0,1
6,Ludecomposition,670,100254333,3,int,0.1029425586247158,0,0,3.0,1
6,Eigenvalue,0,0,2,mixed,0.0028800723055475,1,1,2.0,1
6,Multiplication,680,314432000,3,int,0.3332663167128277,0,0,3.0,1
3,Addition,680,462400,3,int,0.0009626781555441,0,0,2.0,1
3,Transposition,0,0,2,int,0.0019316688118311,0,1,2.0,1
6,Determinant,680,314432000,1,int,0.0888382628796998,0,0,3.0,1
4,Scaling,680,462400,2,int,0.0010357161422882,0,1,2.0,1
6,Exponential,0,0,2,mixed,0.0019965547904011,0,1,2.0,1
6,Logarithm,0,0,2,mixed,0.0038016503788667,0,1,2.0,1
6,Squareroot,680,462400,2,mixed,0.0011226504632814,0,1,2.0,1
6,Ludecomposition,680,104810666,3,int,0.1077689651790529,0,0,3.0,1
5,Eigenvalue,0,0,2,mixed,0.0028826437111432,1,1,2.0,1
6,Multiplication,690,328509000,3,int,0.3326369902690833,0,0,3.0,1
4,Addition,0,0,3,int,0.0020771410240233,0,0,2.0,1
2,Transposition,690,476100,2,int,0.0010226572168593,0,1,2.0,1
6,Determinant,0,0,1,int,0.0912422039472846,0,0,3.0,1
5,Scaling,690,476100,2,int,0.000962231120187,0,1,2.0,1
7,Exponential,690,476100,2,mixed,0.0020678726571692,0,1,2.0,1
8,Logarithm,0,0,2,mixed,0.0028986399588278,0,1,2.0,1
8,Squareroot,690,476100,2,mixed,0.0010005722800155,0,1,2.0,1
6,Ludecomposition,0,0,3,int,0.1151136842335952,0,0,3.0,1
5,Eigenvalue,690,47610000,2,mixed,0.0021174982682696,1,1,2.0,1
6,Multiplication,700,343000000,3,int,0.3483986859602687,0,0,3.0,1
3,Addition,0,0,3,int,0.0019602596175265,0,0,2.0,1
8,Transposition,700,490000,2,int,0.0009629816064926,0,1,2.0,1
6,Determinant,700,343000000,1,int,0.0981795867352671,0,0,3.0,1
2,Scaling,0,0,2,int,0.0009334423823239,0,1,2.0,1
8,Exponential,0,0,2,mixed,0.0020313712007158,0,1,2.0,1
8,Logarithm,0,0,2,mixed,0.003014831936445,0,1,2.0,1
6,Squareroot,0,0,2,mixed,0.0018364867166021,0,1,2.0,1
6,Ludecomposition,0,0,3,int,0.1099114893684355,0,0,3.0,1
7,Eigenvalue,700,49000000,2,mixed,0.0031496492714324,1,1,2.0,1
8,Multiplication,710,357911000,3,int,0.3178763356833581,0,0,3.0,1
6,Addition,0,0,3,int,0.001002307361682,0,0,2.0,1
7,Transposition,0,0,2,int,0.0019083260755812,0,1,2.0,1
6,Determinant,0,0,1,int,0.098802105461801,0,0,3.0,1
3,Scaling,710,504100,2,int,0.0010468099308958,0,1,2.0,1
7,Exponential,0,0,2,mixed,0.0020433551015678,0,1,2.0,1
8,Logarithm,710,504100,2,mixed,0.004091486334957,0,1,2.0,1
7,Squareroot,710,504100,2,mixed,0.0019885003675101,0,1,2.0,1
6,Ludecomposition,710,119303666,3,int,0.1332024998625893,0,0,3.0,1
6,Eigenvalue,0,0,2,mixed,0.0029180506997703,1,1,2.0,1
6,Multiplication,0,0,3,int,0.3995797305245366,0,0,3.0,1
3,Addition,0,0,3,int,0.0010512791584116,0,0,2.0,1
2,Transposition,0,0,2,int,0.0029578107112055,0,1,2.0,1
6,Determinant,730,389017000,1,int,0.1106896678884215,0,0,3.0,1
3,Scaling,730,532900,2,int,0.0010000922085911,0,1,2.0,1
8,Exponential,0,0,2,mixed,0.001982890804329,0,1,2.0,1
8,Logarithm,0,0,2,mixed,0.0029595068797864,0,1,2.0,1
4,Squareroot,730,532900,2,mixed,0.0030291703520574,0,1,2.0,1
6,Ludecomposition,730,129672333,3,int,0.1360858506791793,0,0,3.0,1
7,Eigenvalue,730,53290000,2,mixed,0.004321343146467,1,1,2.0,1
7,Multiplication,0,0,3,int,0.0018911527072053,0,0,3.0,2
1,Transposition,0,0,2,int,0.0,0,1,2.0,2
1,Determinant,100,1000000,1,int,0.0019219498095065,0,0,3.0,2
2,Scaling,0,0,2,int,0.0,0,1,2.0,2
1,Ludecomposition,100,333333,3,int,0.0028083547476351,0,0,3.0,2
2,Eigenvalue,0,0,2,mixed,0.0019640292213411,1,1,2.0,2
7,Multiplication,110,1331000,3,int,0.0032522333654126,0,0,3.0,2
1,Determinant,0,0,1,int,0.003123227347867,0,0,3.0,2
2,Exponential,0,0,2,mixed,0.0,0,1,2.0,2
1,Logarithm,110,12100,2,mixed,0.0010447785171257,0,1,2.0,2
1,Squareroot,110,12100,2,mixed,0.0010168177568711,0,1,2.0,2
1,Ludecomposition,110,443666,3,int,0.0047149843259915,0,0,3.0,2
2,Eigenvalue,0,0,2,mixed,0.0020578234773108,1,1,2.0,2
6,Multiplication,120,1728000,3,int,0.0039865051280953,0,0,3.0,2
1,Addition,0,0,3,int,0.0,0,0,2.0,2
2,Transposition,0,0,2,int,0.0,0,1,2.0,2
1,Determinant,0,0,1,int,0.0029118267164046,0,0,3.0,2
1,Exponential,0,0,2,mixed,0.0009793422627639,0,1,2.0,2
4,Logarithm,120,14400,2,mixed,0.0010124684481496,0,1,2.0,2
1,Ludecomposition,120,576000,3,int,0.0040149610689084,0,0,3.0,2
5,Eigenvalue,0,0,2,mixed,0.0029349625398001,1,1,2.0,2
8,Multiplication,0,0,3,int,0.0041399605694398,0,0,3.0,2
1,Determinant,130,2197000,1,int,0.0052158183824238,0,0,3.0,2
1,Exponential,0,0,2,mixed,0.0009162904172672,0,1,2.0,2
4,Logarithm,0,0,2,mixed,0.0009643450085064,0,1,2.0,2
1,Squareroot,0,0,2,mixed,0.0,0,1,2.0,2
1,Ludecomposition,0,0,3,int,0.004554845002002,0,0,3.0,2
1,Eigenvalue,0,0,2,mixed,0.0020562753572618,1,1,2.0,2
8,Multiplication,0,0,3,int,0.0039957256016133,0,0,3.0,2
1,Determinant,0,0,1,int,0.0047713121605326,0,0,3.0,2
1,Scaling,0,0,2,int,0.0,0,1,2.0,2
2,Logarithm,0,0,2,mixed,0.000950578774339,0,1,2.0,2
1,Ludecomposition,140,914666,3,int,0.0078417151186997,0,0,3.0,2
4,Eigenvalue,0,0,2,mixed,0.0030990135575751,1,1,2.0,2
6,Multiplication,0,0,3,int,0.0071234355260361,0,0,3.0,2
1,Determinant,150,3375000,1,int,0.0074918858000349,0,0,3.0,2
1,Scaling,0,0,2,int,0.0010465841662113,0,1,2.0,2
5,Logarithm,0,0,2,mixed,0.0008599444033804,0,1,2.0,2
2,Squareroot,0,0,2,mixed,0.0010103365511506,0,1,2.0,2
1,Ludecomposition,150,1125000,3,int,0.0086809152015574,0,0,3.0,2
3,Eigenvalue,150,2250000,2,mixed,0.0040216317545998,1,1,2.0,2
6,Multiplication,160,4096000,3,int,0.0122096536832511,0,0,3.0,2
1,Determinant,160,4096000,1,int,0.0084535634233024,0,0,3.0,2
1,Scaling,160,25600,2,int,0.0010466816937802,0,1,2.0,2
3,Exponential,160,25600,2,mixed,0.0009974826585938,0,1,2.0,2
7,Logarithm,0,0,2,mixed,0.0010381488532047,0,1,2.0,2
2,Squareroot,0,0,2,mixed,0.0,0,1,2.0,2
1,Ludecomposition,0,0,3,int,0.0094350398975878,0,0,3.0,2
3,Eigenvalue,160,2560000,2,mixed,0.0029129485533087,1,1,2.0,2
8,Multiplication,0,0,3,int,0.0092549956058364,0,0,3.0,2
1,Addition,170,28900,3,int,0.0010196134420927,0,0,2.0,2
1,Determinant,0,0,1,int,0.009858023049238,0,0,3.0,2
3,Exponential,0,0,2,mixed,0.0010168375618139,0,1,2.0,2
8,Logarithm,0,0,2,mixed,0.0010333736323061,0,1,2.0,2
1,Ludecomposition,170,1637666,3,int,0.0132260330096867,0,0,3.0,2
1,Eigenvalue,170,2890000,2,mixed,0.0051408647521761,1,1,2.0,2
8,Multiplication,180,5832000,3,int,0.0105333985985044,0,0,3.0,2
1,Transposition,180,32400,2,int,0.0010333018799728,0,1,2.0,2
1,Determinant,0,0,1,int,0.0113964513177901,0,0,3.0,2
7,Logarithm,0,0,2,mixed,0.0,0,1,2.0,2
1,Ludecomposition,180,1944000,3,int,0.0158887440689359,0,0,3.0,2
2,Eigenvalue,180,3240000,2,mixed,0.004232999257232,1,1,2.0,2
8,Multiplication,190,6859000,3,int,0.0115525677178721,0,0,3.0,2
1,Determinant,190,6859000,1,int,0.0122808428511892,0,0,3.0,2
3,Exponential,0,0,2,mixed,0.0,0,1,2.0,2
3,Logarithm,190,36100,2,mixed,0.0010019111385668,0,1,2.0,2
2,Squareroot,190,36100,2,mixed,0.0010079520406765,0,1,2.0,2
4,Ludecomposition,190,2286333,3,int,0.0183004330856052,0,0,3.0,2
3,Eigenvalue,190,3610000,2,mixed,0.0062680466267187,1,1,2.0,2
8,Multiplication,200,8000000,3,int,0.0140841871235993,0,0,3.0,2
1,Determinant,0,0,1,int,0.0147698022154565,0,0,3.0,2
2,Exponential,0,0,2,mixed,0.0010419783420137,0,1,2.0,2
3,Logarithm,200,40000,2,mixed,0.0009947885139833,0,1,2.0,2
4,Squareroot,200,40000,2,mixed,0.0010177894670469,0,1,2.0,2
3,Ludecomposition,200,2666666,3,int,0.0159689113918123,0,0,3.0,2
2,Eigenvalue,200,4000000,2,mixed,0.0058472689967638,1,1,2.0,2
6,Multiplication,0,0,3,int,0.0310855503750544,0,0,3.0,2
1,Determinant,210,9261000,1,int,0.0167150436764341,0,0,3.0,2
7,Exponential,0,0,2,mixed,0.0009778846167723,0,1,2.0,2
6,Logarithm,0,0,2,mixed,0.0011026834609114,0,1,2.0,2
4,Ludecomposition,210,3087000,3,int,0.0201427974598982,0,0,3.0,2
4,Eigenvalue,210,4410000,2,mixed,0.0042732888320218,1,1,2.0,2
8,Multiplication,0,0,3,int,0.0169752181753855,0,0,3.0,2
1,Transposition,0,0,2,int,0.0009227540240575,0,1,2.0,2
4,Determinant,220,10648000,1,int,0.0165280524119431,0,0,3.0,2
2,Logarithm,0,0,2,mixed,0.0019488967864244,0,1,2.0,2
3,Ludecomposition,0,0,3,int,0.0200931915471228,0,0,3.0,2
4,Eigenvalue,0,0,2,mixed,0.004110897421074,1,1,2.0,2
8,Multiplication,230,12167000,3,int,0.0210122608970126,0,0,3.0,2
1,Transposition,0,0,2,int,0.0010436564572219,0,1,2.0,2
4,Determinant,230,12167000,1,int,0.0209049670514689,0,0,3.0,2
1,Scaling,0,0,2,int,0.000966124956464,0,1,2.0,2
5,Exponential,0,0,2,mixed,0.0008905376285895,0,1,2.0,2
3,Logarithm,0,0,2,mixed,0.0019043204827487,0,1,2.0,2
2,Squareroot,230,52900,2,mixed,0.0009569945464297,0,1,2.0,2
3,Ludecomposition,0,0,3,int,0.0238661269980725,0,0,3.0,2
4,Eigenvalue,230,5290000,2,mixed,0.0040218877061956,1,1,2.0,2
8,Multiplication,0,0,3,int,0.0238574430682102,0,0,3.0,2
1,Transposition,0,0,2,int,0.0010531963676949,0,1,2.0,2
4,Determinant,0,0,1,int,0.0199066817567726,0,0,3.0,2
1,Exponential,0,0,2,mixed,0.0028266466983071,0,1,2.0,2
7,Logarithm,0,0,2,mixed,0.002145155077784,0,1,2.0,2
4,Squareroot,0,0,2,mixed,0.0,0,1,2.0,2
3,Ludecomposition,0,0,3,int,0.0217289222944206,0,0,3.0,2
8,Eigenvalue,240,5760000,2,mixed,0.0037328419776665,1,1,2.0,2
8,Multiplication,250,15625000,3,int,0.0231924220188574,0,0,3.0,2
4,Determinant,250,15625000,1,int,0.0147984183993382,0,0,3.0,2
5,Exponential,0,0,2,mixed,0.0,0,1,2.0,2
3,Logarithm,0,0,2,mixed,0.0009738124117747,0,1,2.0,2
2,Squareroot,0,0,2,mixed,0.0009834967090668,0,1,2.0,2
3,Ludecomposition,0,0,3,int,0.0171786135307512,0,0,3.0,2
6,Eigenvalue,0,0,2,mixed,0.0038449903142235,1,1,2.0,2
8,Multiplication,0,0,3,int,0.0199386451633451,0,0,3.0,2
2,Addition,260,67600,3,int,0.001093931102301,0,0,2.0,2
1,Transposition,260,67600,2,int,0.0010344972848501,0,1,2.0,2
5,Determinant,0,0,1,int,0.0202061363445802,0,0,3.0,2
7,Exponential,0,0,2,mixed,0.0,0,1,2.0,2
6,Logarithm,0,0,2,mixed,0.0,0,1,2.0,2
3,Squareroot,0,0,2,mixed,0.0010389425044604,0,1,2.0,2
5,Ludecomposition,260,5858666,3,int,0.0171293346931303,0,0,3.0,2
5,Eigenvalue,0,0,2,mixed,0.0032011712484102,1,1,2.0,2
8,Multiplication,270,19683000,3,int,0.0192015040973146,0,0,3.0,2
4,Determinant,0,0,1,int,0.0169432103165618,0,0,3.0,2
2,Logarithm,270,72900,2,mixed,0.0009640384873518,0,1,2.0,2
3,Ludecomposition,0,0,3,int,0.0172347267831482,0,0,3.0,2
2,Eigenvalue,270,7290000,2,mixed,0.0052406129801237,1,1,2.0,2
8,Multiplication,0,0,3,int,0.0237107529007627,0,0,3.0,2
2,Addition,0,0,3,int,0.0009463245261487,0,0,2.0,2
5,Determinant,0,0,1,int,0.0176865031559482,0,0,3.0,2
8,Logarithm,0,0,2,mixed,0.0009823975588693,0,1,2.0,2
2,Ludecomposition,280,7317333,3,int,0.0222485207818318,0,0,3.0,2
3,Eigenvalue,0,0,2,mixed,0.0047096490325682,1,1,2.0,2
8,Multiplication,0,0,3,int,0.0259630875541886,0,0,3.0,2
5,Determinant,290,24389000,1,int,0.0170003473995032,0,0,3.0,2
6,Exponential,290,84100,2,mixed,0.0010086412107174,0,1,2.0,2
7,Logarithm,0,0,2,mixed,0.0010535980972214,0,1,2.0,2
3,Squareroot,290,84100,2,mixed,0.0009642235808791,0,1,2.0,2
6,Ludecomposition,0,0,3,int,0.0272724729043173,0,0,3.0,2
5,Eigenvalue,290,8410000,2,mixed,0.0053347017588387,1,1,2.0,2
8,Multiplication,300,27000000,3,int,0.0304343216099101,0,0,3.0,2
2,Addition,0,0,3,int,0.0,0,0,2.0,2
2,Transposition,300,90000,2,int,0.0009938199847565,0,1,2.0,2
4,Determinant,0,0,1,int,0.0184929882890694,0,0,3.0,2
4,Exponential,300,90000,2,mixed,0.0009935790952954,0,1,2.0,2
3,Logarithm,300,90000,2,mixed,0.0010019472512524,0,1,2.0,2
4,Squareroot,300,90000,2,mixed,0.0009412014772337,0,1,2.0,2
3,Ludecomposition,0,0,3,int,0.0237223280080893,0,0,3.0,2
6,Eigenvalue,0,0,2,mixed,0.0029595515224487,1,1,2.0,2
8,Multiplication,310,29791000,3,int,0.0305515660314518,0,0,3.0,2
2,Addition,0,0,3,int,0.0009562396546555,0,0,2.0,2
5,Determinant,0,0,1,int,0.0210859336158278,0,0,3.0,2
6,Exponential,0,0,2,mixed,0.0,0,1,2.0,2
5,Logarithm,0,0,2,mixed,0.001071712164952,0,1,2.0,2
3,Ludecomposition,310,9930333,3,int,0.025030543608319,0,0,3.0,2
3,Eigenvalue,310,9610000,2,mixed,0.0037280441544362,1,1,2.0,2
7,Multiplication,0,0,3,int,0.0393097102556604,0,0,3.0,2
2,Addition,320,102400,3,int,0.0009656473028271,0,0,2.0,2
2,Transposition,0,0,2,int,0.0010533681763847,0,1,2.0,2
5,Determinant,0,0,1,int,0.0196423042139722,0,0,3.0,2
2,Exponential,0,0,2,mixed,0.0017205643344956,0,1,2.0,2
5,Logarithm,320,102400,2,mixed,0.0008729803261206,0,1,2.0,2
4,Ludecomposition,0,0,3,int,0.02580025754409,0,0,3.0,2
8,Eigenvalue,320,10240000,2,mixed,0.0051148000587003,1,1,2.0,2
8,Multiplication,330,35937000,3,int,0.0360588250491615,0,0,3.0,2
5,Determinant,0,0,1,int,0.0201377993600076,0,0,3.0,2
5,Logarithm,330,108900,2,mixed,0.0009373747083456,0,1,2.0,2
3,Ludecomposition,330,11979000,3,int,0.0299233918915585,0,0,3.0,2
7,Eigenvalue,330,10890000,2,mixed,0.0052815185770147,1,1,2.0,2
8,Multiplication,0,0,3,int,0.0434028591749883,0,0,3.0,2
3,Addition,0,0,3,int,0.0010474460807173,0,0,2.0,2
5,Determinant,0,0,1,int,0.0267664769776975,0,0,3.0,2
3,Scaling,340,115600,2,int,0.000970350604876,0,1,2.0,2
8,Logarithm,340,115600,2,mixed,0.0009965884795864,0,1,2.0,2
5,Squareroot,340,115600,2,mixed,0.0010124536709425,0,1,2.0,2
4,Ludecomposition,340,13101333,3,int,0.0358486600899661,0,0,3.0,2
4,Eigenvalue,0,0,2,mixed,0.0039529607450174,1,1,2.0,2
8,Multiplication,350,42875000,3,int,0.04137315980512,0,0,3.0,2
1,Addition,0,0,3,int,0.0010034730577054,0,0,2.0,2
5,Determinant,0,0,1,int,0.0323710138826403,0,0,3.0,2
1,Scaling,350,122500,2,int,0.0009250804152871,0,1,2.0,2
2,Exponential,0,0,2,mixed,0.0009836980043008,0,1,2.0,2
5,Logarithm,0,0,2,mixed,0.0010160475265209,0,1,2.0,2
4,Ludecomposition,350,14291666,3,int,0.0286265200666751,0,0,3.0,2
8,Eigenvalue,0,0,2,mixed,0.0039365538503248,1,1,2.0,2
8,Multiplication,0,0,3,int,0.0507753013283965,0,0,3.0,2
1,Transposition,360,129600,2,int,0.0010263465494592,0,1,2.0,2
4,Determinant,0,0,1,int,0.0290212096754883,0,0,3.0,2
8,Exponential,360,129600,2,mixed,0.0010619637663937,0,1,2.0,2
5,Logarithm,360,129600,2,mixed,0.0009982063953094,0,1,2.0,2
5,Squareroot,360,129600,2,mixed,0.001083751770285,0,1,2.0,2
4,Ludecomposition,0,0,3,int,0.0283792111817575,0,0,3.0,2
7,Eigenvalue,0,0,2,mixed,0.0049772401602373,1,1,2.0,2
8,Multiplication,370,50653000,3,int,0.0479798667964973,0,0,3.0,2
1,Transposition,370,136900,2,int,0.000959343476155,0,1,2.0,2
4,Determinant,370,50653000,1,int,0.0284358152152009,0,0,3.0,2
1,Scaling,370,136900,2,int,0.0010439245924336,0,1,2.0,2
4,Exponential,0,0,2,mixed,0.0009790384162508,0,1,2.0,2
4,Logarithm,0,0,2,mixed,0.0019780270324493,0,1,2.0,2
7,Ludecomposition,0,0,3,int,0.036589837977751,0,0,3.0,2
5,Eigenvalue,0,0,2,mixed,0.0028657324953876,1,1,2.0,2
8,Multiplication,0,0,3,int,0.0610834078712421,0,0,3.0,2
1,Transposition,380,144400,2,int,0.0009353786269064,0,1,2.0,2
3,Determinant,380,54872000,1,int,0.0319139874496311,0,0,3.0,2
7,Exponential,380,144400,2,mixed,0.000958197161074,0,1,2.0,2
5,Logarithm,380,144400,2,mixed,0.0020498144273392,0,1,2.0,2
7,Ludecomposition,380,18290666,3,int,0.0424821749065359,0,0,3.0,2
8,Eigenvalue,0,0,2,mixed,0.0050066333660014,1,1,2.0,2
8,Multiplication,390,59319000,3,int,0.0617608231542628,0,0,3.0,2
1,Addition,0,0,3,int,0.0010102204071588,0,0,2.0,2
5,Determinant,0,0,1,int,0.0421702643304342,0,0,3.0,2
3,Scaling,0,0,2,int,0.001041428338892,0,1,2.0,2
3,Exponential,0,0,2,mixed,0.000964729867696,0,1,2.0,2
5,Logarithm,390,152100,2,mixed,0.0010517153460158,0,1,2.0,2
7,Squareroot,0,0,2,mixed,0.0010151579776362,0,1,2.0,2
6,Ludecomposition,0,0,3,int,0.0451980516919265,0,0,3.0,2
8,Eigenvalue,390,15210000,2,mixed,0.0049629581054576,1,1,2.0,2
8,Multiplication,0,0,3,int,0.0642665209876188,0,0,3.0,2
2,Addition,0,0,3,int,0.0009590970388345,0,0,2.0,2
4,Determinant,0,0,1,int,0.0312592055336791,0,0,3.0,2
5,Exponential,400,160000,2,mixed,0.0009812353493117,0,1,2.0,2
4,Logarithm,400,160000,2,mixed,0.0018980811123446,0,1,2.0,2
6,Squareroot,0,0,2,mixed,0.0019212526667256,0,1,2.0,2
8,Ludecomposition,400,21333333,3,int,0.0426049029129119,0,0,3.0,2
5,Eigenvalue,400,16000000,2,mixed,0.0035527465453063,1,1,2.0,2
8,Multiplication,0,0,3,int,0.0742506943863661,0,0,3.0,2
3,Addition,410,168100,3,int,0.0010090296991701,0,0,2.0,2
4,Determinant,410,68921000,1,int,0.0375259417318215,0,0,3.0,2
7,Exponential,410,168100,2,mixed,0.0010470360251125,0,1,2.0,2
5,Logarithm,410,168100,2,mixed,0.0009506345917821,0,1,2.0,2
3,Squareroot,0,0,2,mixed,0.0009466461905608,0,1,2.0,2
8,Ludecomposition,0,0,3,int,0.0407242543198408,0,0,3.0,2
5,Eigenvalue,410,16810000,2,mixed,0.0049173369662204,1,1,2.0,2
8,Multiplication,420,74088000,3,int,0.0676947800577293,0,0,3.0,2
7,Determinant,0,0,1,int,0.0437024347809505,0,0,3.0,2
3,Scaling,0,0,2,int,0.0,0,1,2.0,2
6,Exponential,0,0,2,mixed,0.0011116379005504,0,1,2.0,2
6,Logarithm,420,176400,2,mixed,0.0018367212980313,0,1,2.0,2
6,Squareroot,420,176400,2,mixed,0.0010679193261194,0,1,2.0,2
8,Ludecomposition,420,24696000,3,int,0.0475743998716877,0,0,3.0,2
5,Eigenvalue,420,17640000,2,mixed,0.005495864397203,1,1,2.0,2
8,Multiplication,0,0,3,int,0.0845722125714682,0,0,3.0,2
1,Transposition,430,184900,2,int,0.0009683010153477,0,1,2.0,2
7,Determinant,430,79507000,1,int,0.0445942851223882,0,0,3.0,2
4,Exponential,0,0,2,mixed,0.0009687132178984,0,1,2.0,2
8,Logarithm,0,0,2,mixed,0.0010404142171376,0,1,2.0,2
8,Squareroot,0,0,2,mixed,0.0009533849111335,0,1,2.0,2
8,Ludecomposition,0,0,3,int,0.052292594879068,0,0,3.0,2
8,Eigenvalue,0,0,2,mixed,0.0051483939555985,1,1,2.0,2
8,Multiplication,0,0,3,int,0.0849908523995128,0,0,3.0,2
2,Transposition,440,193600,2,int,0.0009857343978893,0,1,2.0,2
7,Determinant,440,85184000,1,int,0.0485520301824691,0,0,3.0,2
3,Scaling,0,0,2,int,0.000957526834495,0,1,2.0,2
6,Exponential,440,193600,2,mixed,0.0010104709467303,0,1,2.0,2
7,Logarithm,440,193600,2,mixed,0.0010500731706601,0,1,2.0,2
8,Squareroot,440,193600,2,mixed,0.0010442335946841,0,1,2.0,2
8,Ludecomposition,0,0,3,int,0.0512864921802113,0,0,3.0,2
6,Eigenvalue,0,0,2,mixed,0.0065529777165357,1,1,2.0,2
8,Multiplication,450,91125000,3,int,0.0982550051862118,0,0,3.0,2
4,Addition,0,0,3,int,0.0,0,0,2.0,2
2,Transposition,450,202500,2,int,0.000999734180536,0,1,2.0,2
4,Determinant,450,91125000,1,int,0.0395872007118491,0,0,3.0,2
6,Exponential,0,0,2,mixed,0.0009474616096991,0,1,2.0,2
6,Logarithm,450,202500,2,mixed,0.0010579048980036,0,1,2.0,2
6,Squareroot,0,0,2,mixed,0.0010154342417436,0,1,2.0,2
8,Ludecomposition,450,30375000,3,int,0.0556369790197626,0,0,3.0,2
5,Eigenvalue,450,20250000,2,mixed,0.0052471371959545,1,1,2.0,2
8,Multiplication,0,0,3,int,0.1073781011262565,0,0,3.0,2
5,Addition,0,0,3,int,0.0,0,0,2.0,2
3,Transposition,0,0,2,int,0.0010653969419527,0,1,2.0,2
8,Determinant,0,0,1,int,0.0464471620705682,0,0,3.0,2
4,Exponential,0,0,2,mixed,0.001003501191237,0,1,2.0,2
8,Logarithm,460,211600,2,mixed,0.0020204126226982,0,1,2.0,2
3,Squareroot,460,211600,2,mixed,0.0009527128403794,0,1,2.0,2
8,Ludecomposition,460,32445333,3,int,0.0545871560297549,0,0,3.0,2
5,Eigenvalue,0,0,2,mixed,0.0061481872674676,1,1,2.0,2
8,Multiplication,0,0,3,int,0.1060641217011643,0,0,3.0,2
4,Addition,0,0,3,int,0.0010258004455748,0,0,2.0,2
4,Transposition,0,0,2,int,0.0009756943183469,0,1,2.0,2
8,Determinant,470,103823000,1,int,0.0516238718094662,0,0,3.0,2
2,Scaling,0,0,2,int,0.0010180129995347,0,1,2.0,2
7,Exponential,470,220900,2,mixed,0.0009709498175997,0,1,2.0,2
7,Logarithm,0,0,2,mixed,0.0020378764205846,0,1,2.0,2
3,Squareroot,0,0,2,mixed,0.0009635699037055,0,1,2.0,2
8,Ludecomposition,470,34607666,3,int,0.0646297934199124,0,0,3.0,2
8,Eigenvalue,0,0,2,mixed,0.0062382845667354,1,1,2.0,2
8,Multiplication,480,110592000,3,int,0.1239993718213327,0,0,3.0,2
4,Addition,480,230400,3,int,0.0010313887167896,0,0,2.0,2
8,Determinant,480,110592000,1,int,0.0505922622095944,0,0,3.0,2
2,Scaling,480,230400,2,int,0.0010359158721158,0,1,2.0,2
7,Exponential,480,230400,2,mixed,0.0011163834904557,0,1,2.0,2
5,Logarithm,0,0,2,mixed,0.0021385835840985,0,1,2.0,2
8,Squareroot,480,230400,2,mixed,0.0009797610101799,0,1,2.0,2
8,Ludecomposition,0,0,3,int,0.0599036756514656,0,0,3.0,2
5,Eigenvalue,0,0,2,mixed,0.0057320041870316,1,1,2.0,2
8,Multiplication,0,0,3,int,0.1215173613992699,0,0,3.0,2
3,Addition,490,240100,3,int,0.0009621901058248,0,0,2.0,2
2,Transposition,0,0,2,int,0.0010611327378279,0,1,2.0,2
8,Determinant,490,117649000,1,int,0.0541108939267967,0,0,3.0,2
5,Exponential,0,0,2,mixed,0.0019523906309608,0,1,2.0,2
7,Logarithm,490,240100,2,mixed,0.0019620327539988,0,1,2.0,2
6,Squareroot,0,0,2,mixed,0.0009673514481767,0,1,2.0,2
8,Ludecomposition,0,0,3,int,0.0684382824118487,0,0,3.0,2
5,Eigenvalue,490,24010000,2,mixed,0.0057886796331926,1,1,2.0,2
8,Multiplication,0,0,3,int,0.1203530315661999,0,0,3.0,2
6,Addition,500,250000,3,int,0.0010130054961337,0,0,2.0,2
8,Determinant,0,0,1,int,0.0599271753175339,0,0,3.0,2
4,Exponential,0,0,2,mixed,0.0019166036507406,0,1,2.0,2
7,Logarithm,500,250000,2,mixed,0.0019466682465983,0,1,2.0,2
7,Squareroot,0,0,2,mixed,0.0010011164880341,0,1,2.0,2
8,Ludecomposition,500,41666666,3,int,0.0642894625706595,0,0,3.0,2
4,Eigenvalue,500,25000000,2,mixed,0.0065537764974641,1,1,2.0,2
8,Multiplication,0,0,3,int,0.1455287040540668,0,0,3.0,2
4,Addition,510,260100,3,int,0.0010192585729486,0,0,2.0,2
3,Transposition,510,260100,2,int,0.0009497722519307,0,1,2.0,2
8,Determinant,510,132651000,1,int,0.0653625047005289,0,0,3.0,2
8,Exponential,0,0,2,mixed,0.0008905942915381,0,1,2.0,2
8,Logarithm,0,0,2,mixed,0.0020978702050938,0,1,2.0,2
4,Squareroot,0,0,2,mixed,0.0009968580442493,0,1,2.0,2
8,Ludecomposition,510,44217000,3,int,0.0751331188499708,0,0,3.0,2
5,Eigenvalue,0,0,2,mixed,0.0060895888342412,1,1,2.0,2
8,Multiplication,520,140608000,3,int,0.1550556660271952,0,0,3.0,2
5,Addition,0,0,3,int,0.0009899512096408,0,0,2.0,2
2,Transposition,520,270400,2,int,0.0010264856654262,0,1,2.0,2
3,Determinant,0,0,1,int,0.0712509916389798,0,0,3.0,2
5,Scaling,520,270400,2,int,0.0010517443788721,0,1,2.0,2
8,Exponential,0,0,2,mixed,0.0019892825533779,0,1,2.0,2
7,Logarithm,0,0,2,mixed,0.0021102517544712,0,1,2.0,2
5,Squareroot,520,270400,2,mixed,0.001005856887409,0,1,2.0,2
8,Ludecomposition,520,46869333,3,int,0.0744860189276461,0,0,3.0,2
5,Eigenvalue,520,27040000,2,mixed,0.0071569341657106,1,1,2.0,2
8,Multiplication,530,148877000,3,int,0.1645163771428061,0,0,3.0,2
4,Addition,530,280900,3,int,0.0010599472167673,0,0,2.0,2
5,Transposition,0,0,2,int,0.001016963229603,0,1,2.0,2
8,Determinant,530,148877000,1,int,0.0730403518761804,0,0,3.0,2
7,Exponential,530,280900,2,mixed,0.0010975065579089,0,1,2.0,2
7,Logarithm,530,280900,2,mixed,0.002015807521082,0,1,2.0,2
6,Squareroot,0,0,2,mixed,0.0009590357431445,0,1,2.0,2
8,Ludecomposition,530,49625666,3,int,0.0818514236906462,0,0,3.0,2
5,Eigenvalue,530,28090000,2,mixed,0.0063358302708274,1,1,2.0,2
8,Multiplication,0,0,3,int,0.1869793867371594,0,0,3.0,2
6,Transposition,0,0,2,int,0.0009585765028525,0,1,2.0,2
8,Determinant,0,0,1,int,0.0639906426583525,0,0,3.0,2
6,Exponential,0,0,2,mixed,0.0010467527923532,0,1,2.0,2
8,Logarithm,0,0,2,mixed,0.0022161900842589,0,1,2.0,2
4,Squareroot,0,0,2,mixed,0.0019506778511474,0,1,2.0,2
8,Ludecomposition,540,52488000,3,int,0.0843221770399411,0,0,3.0,2
5,Eigenvalue,540,29160000,2,mixed,0.0052535632319611,1,1,2.0,2
8,Multiplication,0,0,3,int,0.1541083486997137,0,0,3.0,2
6,Addition,550,302500,3,int,0.0009797585234851,0,0,2.0,2
2,Transposition,550,302500,2,int,0.0020951261333413,0,1,2.0,2
7,Determinant,0,0,1,int,0.0715518102815353,0,0,3.0,2
2,Scaling,550,302500,2,int,0.001001633165833,0,1,2.0,2
7,Exponential,0,0,2,mixed,0.0009717582447725,0,1,2.0,2
8,Logarithm,550,302500,2,mixed,0.0019830389523623,0,1,2.0,2
6,Squareroot,0,0,2,mixed,0.0010646457089098,0,1,2.0,2
8,Ludecomposition,550,55458333,3,int,0.0852142128837107,0,0,3.0,2
5,Eigenvalue,550,30250000,2,mixed,0.0088961271273016,1,1,2.0,2
8,Multiplication,560,175616000,3,int,0.1823771932290552,0,0,3.0,2
7,Addition,0,0,3,int,0.0,0,0,2.0,2
4,Determinant,560,175616000,1,int,0.0685384009350925,0,0,3.0,2
5,Exponential,560,313600,2,mixed,0.0020219472903049,0,1,2.0,2
7,Logarithm,0,0,2,mixed,0.0029390998873267,0,1,2.0,2
4,Squareroot,560,313600,2,mixed,0.0009413833317434,0,1,2.0,2
8,Ludecomposition,560,58538666,3,int,0.0884955550029829,0,0,3.0,2
5,Eigenvalue,0,0,2,mixed,0.0071959086211181,1,1,2.0,2
8,Multiplication,0,0,3,int,0.1704134239363294,0,0,3.0,2
3,Transposition,0,0,2,int,0.0,0,1,2.0,2
8,Determinant,0,0,1,int,0.0792642448532272,0,0,3.0,2
4,Scaling,570,324900,2,int,0.0009655219676454,0,1,2.0,2
8,Exponential,570,324900,2,mixed,0.0010217787401229,0,1,2.0,2
8,Logarithm,0,0,2,mixed,0.0029780484736911,0,1,2.0,2
5,Squareroot,570,324900,2,mixed,0.0009586498438694,0,1,2.0,2
8,Ludecomposition,570,61731000,3,int,0.0860559450998105,0,0,3.0,2
5,Eigenvalue,0,0,2,mixed,0.0063178145315456,1,1,2.0,2
8,Multiplication,0,0,3,int,0.2085382141867051,0,0,3.0,2
7,Addition,0,0,3,int,0.0009730071013461,0,0,2.0,2
8,Transposition,580,336400,2,int,0.0010484342293302,0,1,2.0,2
8,Determinant,580,195112000,1,int,0.0774669675769339,0,0,3.0,2
4,Scaling,580,336400,2,int,0.0009145948619315,0,1,2.0,2
8,Exponential,580,336400,2,mixed,0.0019809764734255,0,1,2.0,2
8,Logarithm,580,336400,2,mixed,0.0018936832826896,0,1,2.0,2
5,Squareroot,0,0,2,mixed,0.001948263259914,0,1,2.0,2
8,Ludecomposition,580,65037333,3,int,0.1086426495166284,0,0,3.0,2
8,Eigenvalue,0,0,2,mixed,0.008451245306358,1,1,2.0,2
7,Multiplication,590,205379000,3,int,0.2318786795487145,0,0,3.0,2
2,Addition,0,0,3,int,0.0021206623296622,0,0,2.0,2
8,Transposition,0,0,2,int,0.0010280774224342,0,1,2.0,2
8,Determinant,0,0,1,int,0.0913458024788074,0,0,3.0,2
7,Exponential,590,348100,2,mixed,0.0020878661617081,0,1,2.0,2
7,Logarithm,0,0,2,mixed,0.0031945485487139,0,1,2.0,2
6,Squareroot,590,348100,2,mixed,0.0009927656792776,0,1,2.0,2
8,Ludecomposition,590,68459666,3,int,0.093640657763761,0,0,3.0,2
8,Eigenvalue,0,0,2,mixed,0.0090535508128359,1,1,2.0,2
8,Multiplication,600,216000000,3,int,0.223836613292903,0,0,3.0,2
5,Transposition,0,0,2,int,0.0009935042067876,0,1,2.0,2
8,Determinant,600,216000000,1,int,0.0802700699889084,0,0,3.0,2
8,Exponential,0,0,2,mixed,0.0021975505238572,0,1,2.0,2
6,Logarithm,600,360000,2,mixed,0.0031206077530105,0,1,2.0,2
6,Squareroot,0,0,2,mixed,0.0009904151840655,0,1,2.0,2
8,Ludecomposition,0,0,3,int,0.10967151303587,0,0,3.0,2
5,Eigenvalue,600,36000000,2,mixed,0.0129289709868543,1,1,2.0,2
8,Multiplication,610,226981000,3,int,0.2326116687783205,0,0,3.0,2
6,Addition,610,372100,3,int,0.0009752994960501,0,0,2.0,2
1,Transposition,0,0,2,int,0.002111088121738,0,1,2.0,2
8,Determinant,610,226981000,1,int,0.0881069079843516,0,0,3.0,2
6,Scaling,610,372100,2,int,0.0009757116833166,0,1,2.0,2
7,Exponential,610,372100,2,mixed,0.0020661846323775,0,1,2.0,2
6,Logarithm,610,372100,2,mixed,0.0028324999111319,0,1,2.0,2
6,Squareroot,610,372100,2,mixed,0.0009456697663926,0,1,2.0,2
8,Ludecomposition,610,75660333,3,int,0.1054349222500156,0,0,3.0,2
5,Eigenvalue,0,0,2,mixed,0.0138768299847151,1,1,2.0,2
8,Multiplication,620,238328000,3,int,0.2390057920430961,0,0,3.0,2
4,Addition,620,384400,3,int,0.0010292279562211,0,0,2.0,2
1,Transposition,0,0,2,int,0.0019297120567005,0,1,2.0,2
8,Determinant,0,0,1,int,0.0946494911010774,0,0,3.0,2
2,Scaling,620,384400,2,int,0.0009782285681771,0,1,2.0,2
5,Exponential,620,384400,2,mixed,0.0019271061688713,0,1,2.0,2
7,Logarithm,0,0,2,mixed,0.0030339109117146,0,1,2.0,2
5,Squareroot,620,384400,2,mixed,0.0019037258053958,0,1,2.0,2
8,Ludecomposition,0,0,3,int,0.1206252289713466,0,0,3.0,2
5,Eigenvalue,0,0,2,mixed,0.0138751749750627,1,1,2.0,2
8,Multiplication,0,0,3,int,0.268344319061212,0,0,3.0,2
7,Addition,0,0,3,int,0.0010150620873588,0,0,2.0,2
7,Transposition,630,396900,2,int,0.0009314552730307,0,1,2.0,2
8,Determinant,630,250047000,1,int,0.1043214499161876,0,0,3.0,2
5,Scaling,0,0,2,int,0.0009940789899545,0,1,2.0,2
5,Exponential,630,396900,2,mixed,0.0026432954951597,0,1,2.0,2
7,Logarithm,0,0,2,mixed,0.0029759556920099,0,1,2.0,2
7,Squareroot,630,396900,2,mixed,0.0021058974938074,0,1,2.0,2
8,Ludecomposition,0,0,3,int,0.1120987566596101,0,0,3.0,2
6,Eigenvalue,0,0,2,mixed,0.0066404763572166,1,1,2.0,2
8,Multiplication,640,262144000,3,int,0.2696173812367639,0,0,3.0,2
3,Addition,640,409600,3,int,0.000957275159809,0,0,2.0,2
2,Transposition,640,409600,2,int,0.0010031998975731,0,1,2.0,2
8,Determinant,640,262144000,1,int,0.1168402242743957,0,0,3.0,2
7,Exponential,0,0,2,mixed,0.0019230327256386,0,1,2.0,2
7,Logarithm,640,409600,2,mixed,0.0029625464586856,0,1,2.0,2
6,Squareroot,640,409600,2,mixed,0.0021121414173475,0,1,2.0,2
8,Ludecomposition,640,87381333,3,int,0.1257188534206081,0,0,3.0,2
6,Eigenvalue,640,40960000,2,mixed,0.0125367882964225,1,1,2.0,2
8,Multiplication,650,274625000,3,int,0.2791066837818892,0,0,3.0,2
5,Addition,650,422500,3,int,0.0008944869360057,0,0,2.0,2
3,Transposition,650,422500,2,int,0.0010670641177185,0,1,2.0,2
8,Determinant,650,274625000,1,int,0.1138970057389363,0,0,3.0,2
5,Scaling,650,422500,2,int,0.0009828162833141,0,1,2.0,2
5,Exponential,0,0,2,mixed,0.0020358355659374,0,1,2.0,2
7,Logarithm,0,0,2,mixed,0.003157385708022,0,1,2.0,2
7,Squareroot,0,0,2,mixed,0.0021855621940026,0,1,2.0,2
8,Ludecomposition,0,0,3,int,0.1241835091730868,0,0,3.0,2
8,Eigenvalue,650,42250000,2,mixed,0.0112522732935887,1,1,2.0,2
8,Multiplication,0,0,3,int,0.294310098605668,0,0,3.0,2
2,Addition,0,0,3,int,0.000966661785058,0,0,2.0,2
2,Transposition,660,435600,2,int,0.0018613028494848,0,1,2.0,2
8,Determinant,0,0,1,int,0.1100544555725623,0,0,3.0,2
8,Scaling,0,0,2,int,0.0,0,1,2.0,2
5,Exponential,0,0,2,mixed,0.0019480177821737,0,1,2.0,2
8,Logarithm,660,435600,2,mixed,0.0029779041186948,0,1,2.0,2
7,Squareroot,0,0,2,mixed,0.0010272432315809,0,1,2.0,2
8,Ludecomposition,0,0,3,int,0.1375076227025256,0,0,3.0,2
8,Eigenvalue,0,0,2,mixed,0.0132345693574225,1,1,2.0,2
8,Multiplication,0,0,3,int,0.3082333035129104,0,0,3.0,2
5,Addition,670,448900,3,int,0.0009665694644992,0,0,2.0,2
6,Transposition,0,0,2,int,0.0009673941650957,0,1,2.0,2
8,Determinant,670,300763000,1,int,0.1136666491632397,0,0,3.0,2
7,Exponential,0,0,2,mixed,0.0020504646769167,0,1,2.0,2
7,Logarithm,0,0,2,mixed,0.0040712064890903,0,1,2.0,2
5,Squareroot,670,448900,2,mixed,0.002947711909178,0,1,2.0,2
8,Ludecomposition,0,0,3,int,0.1309871764322563,0,0,3.0,2
8,Eigenvalue,670,44890000,2,mixed,0.0125682100607522,1,1,2.0,2
8,Multiplication,0,0,3,int,0.4157843336618832,0,0,3.0,2
2,Addition,0,0,3,int,0.0011113300994471,0,0,2.0,2
4,Transposition,680,462400,2,int,0.0009911093827096,0,1,2.0,2
8,Determinant,680,314432000,1,int,0.1230333984334698,0,0,3.0,2
7,Exponential,0,0,2,mixed,0.0019827048746895,0,1,2.0,2
6,Logarithm,0,0,2,mixed,0.0035453044002355,0,1,2.0,2
5,Squareroot,0,0,2,mixed,0.0038895193875361,0,1,2.0,2
8,Ludecomposition,680,104810666,3,int,0.1389192381034511,0,0,3.0,2
6,Eigenvalue,680,46240000,2,mixed,0.0141316129484687,1,1,2.0,2
8,Multiplication,0,0,3,int,0.3314606699473574,0,0,3.0,2
6,Addition,0,0,3,int,0.0009873825814477,0,0,2.0,2
2,Transposition,690,476100,2,int,0.0009788490284936,0,1,2.0,2
8,Determinant,690,328509000,1,int,0.1230044710619691,0,0,3.0,2
6,Scaling,0,0,2,int,0.0009456981946441,0,1,2.0,2
4,Exponential,0,0,2,mixed,0.0029120777932829,0,1,2.0,2
8,Logarithm,690,476100,2,mixed,0.0030655108030839,0,1,2.0,2
7,Squareroot,690,476100,2,mixed,0.0010531481489799,0,1,2.0,2
8,Ludecomposition,690,109503000,3,int,0.1458994920534345,0,0,3.0,2
8,Eigenvalue,0,0,2,mixed,0.0124149598097757,1,1,2.0,2
7,Multiplication,0,0,3,int,0.3911154093285572,0,0,3.0,2
1,Addition,0,0,3,int,0.0020340998779151,0,0,2.0,2
2,Transposition,700,490000,2,int,0.0010040807071191,0,1,2.0,2
8,Determinant,0,0,1,int,0.1425732337806574,0,0,3.0,2
5,Scaling,700,490000,2,int,0.0010136668451038,0,1,2.0,2
7,Exponential,700,490000,2,mixed,0.0018676999853326,0,1,2.0,2
6,Logarithm,0,0,2,mixed,0.0043074723998844,0,1,2.0,2
8,Squareroot,700,490000,2,mixed,0.0020500745800825,0,1,2.0,2
8,Ludecomposition,0,0,3,int,0.1366724043596097,0,0,3.0,2
5,Eigenvalue,0,0,2,mixed,0.0106632207464736,1,1,2.0,2
8,Multiplication,710,357911000,3,int,0.4217882526808845,0,0,3.0,2
3,Addition,0,0,3,int,0.0019439790797709,0,0,2.0,2
8,Transposition,0,0,2,int,0.0021455170319557,0,1,2.0,2
8,Determinant,710,357911000,1,int,0.1380259446834109,0,0,3.0,2
6,Scaling,710,504100,2,int,0.0009402573169993,0,1,2.0,2
5,Exponential,0,0,2,mixed,0.0032008710651338,0,1,2.0,2
5,Logarithm,710,504100,2,mixed,0.0048209416394031,0,1,2.0,2
4,Squareroot,0,0,2,mixed,0.0031105749409039,0,1,2.0,2
8,Ludecomposition,710,119303666,3,int,0.1518553578129106,0,0,3.0,2
8,Eigenvalue,0,0,2,mixed,0.012596468677291,1,1,2.0,2
8,Multiplication,0,0,3,int,0.4348840709332816,0,0,3.0,2
4,Addition,0,0,3,int,0.0018571749157858,0,0,2.0,2
3,Transposition,720,518400,2,int,0.0009251446711301,0,1,2.0,2
7,Determinant,0,0,1,int,0.1522242512401746,0,0,3.0,2
2,Scaling,720,518400,2,int,0.0009856619772468,0,1,2.0,2
8,Exponential,720,518400,2,mixed,0.0032102356553295,0,1,2.0,2
8,Logarithm,0,0,2,mixed,0.0031605000432057,0,1,2.0,2
4,Squareroot,720,518400,2,mixed,0.0019053612093899,0,1,2.0,2
8,Ludecomposition,720,124416000,3,int,0.1577041746141234,0,0,3.0,2
7,Eigenvalue,720,51840000,2,mixed,0.0137851314804917,1,1,2.0,2
8,Multiplication,0,0,3,int,0.362051949812976,0,0,3.0,2
4,Addition,0,0,3,int,0.0019689119459764,0,0,2.0,2
3,Transposition,730,532900,2,int,0.0029610484828868,0,1,2.0,2
8,Determinant,0,0,1,int,0.1514564479021132,0,0,3.0,2
2,Scaling,730,532900,2,int,0.0009793009745082,0,1,2.0,2
8,Exponential,730,532900,2,mixed,0.0029872844346257,0,1,2.0,2
8,Logarithm,0,0,2,mixed,0.0062844083416646,0,1,2.0,2
8,Squareroot,730,532900,2,mixed,0.0020699214217402,0,1,2.0,2
8,Ludecomposition,0,0,3,int,0.1497468447881771,0,0,3.0,2
8,Eigenvalue,0,0,2,mixed,0.0127114804974196,1,1,2.0,2
8,Multiplication,0,0,3,int,0.432163315287325,0,0,3.0,2
4,Addition,0,0,3,int,0.0010236768152716,0,0,2.0,2
8,Transposition,740,547600,2,int,0.0019421406245945,0,1,2.0,2
8,Determinant,740,405224000,1,int,0.1543478125474741,0,0,3.0,2
6,Scaling,740,547600,2,int,0.000915390553674,0,1,2.0,2
5,Exponential,0,0,2,mixed,0.002808313610677,0,1,2.0,2
8,Logarithm,0,0,2,mixed,0.0030897033650795,0,1,2.0,2
8,Squareroot,0,0,2,mixed,0.0018687463999632,0,1,2.0,2
8,Ludecomposition,740,135074666,3,int,0.1758795360055572,0,0,3.0,2
5,Eigenvalue,0,0,2,mixed,0.0104637632815924,1,1,2.0,2
8,Multiplication,0,0,3,int,0.4296611245277585,0,0,3.0,2
6,Addition,750,562500,3,int,0.001013416673305,0,0,2.0,2
3,Transposition,750,562500,2,int,0.0020384216903204,0,1,2.0,2
8,Determinant,750,421875000,1,int,0.1462854028039478,0,0,3.0,2
7,Scaling,750,562500,2,int,0.0009577731724258,0,1,2.0,2
8,Exponential,0,0,2,mixed,0.0029430512444713,0,1,2.0,2
8,Logarithm,0,0,2,mixed,0.0039232027272543,0,1,2.0,2
8,Squareroot,0,0,2,mixed,0.0010147827846192,0,1,2.0,2
8,Ludecomposition,750,140625000,3,int,0.1703321983661373,0,0,3.0,2
8,Eigenvalue,750,56250000,2,mixed,0.0106027135731413,1,1,2.0,2
8,Multiplication,0,0,3,int,0.4868301406849289,0,0,3.0,2
4,Addition,760,577600,3,int,0.0021360642336617,0,0,2.0,2
4,Transposition,0,0,2,int,0.0009598572470568,0,1,2.0,2
8,Determinant,0,0,1,int,0.1540003059617833,0,0,3.0,2
6,Scaling,760,577600,2,int,0.0009977381840676,0,1,2.0,2
7,Exponential,760,577600,2,mixed,0.0031851276715683,0,1,2.0,2
6,Logarithm,0,0,2,mixed,0.00612022321355,0,1,2.0,2
6,Squareroot,760,577600,2,mixed,0.0030295920382811,0,1,2.0,2
6,Ludecomposition,760,146325333,3,int,0.138837187441776,0,0,3.0,2
5,Eigenvalue,0,0,2,mixed,0.0133790554113175,1,1,2.0,2
6,Multiplication,0,0,3,int,0.375140047768388,0,0,3.0,2
7,Addition,770,592900,3,int,0.0010632543775992,0,0,2.0,2
2,Transposition,770,592900,2,int,0.000909349292232,0,1,2.0,2
6,Determinant,0,0,1,int,0.1128172807066694,0,0,3.0,2
2,Scaling,0,0,2,int,0.0009750142491458,0,1,2.0,2
8,Exponential,770,592900,2,mixed,0.0019454957816418,0,1,2.0,2
7,Logarithm,0,0,2,mixed,0.0040697224712056,0,1,2.0,2
8,Squareroot,0,0,2,mixed,0.001010615111387,0,1,2.0,2
6,Ludecomposition,0,0,3,int,0.1520249731827791,0,0,3.0,2
6,Eigenvalue,770,59290000,2,mixed,0.010889771079198,1,1,2.0,2
6,Multiplication,780,474552000,3,int,0.4378173956653178,0,0,3.0,2
5,Addition,0,0,3,int,0.0010229477518859,0,0,2.0,2
2,Transposition,780,608400,2,int,0.0020958383237782,0,1,2.0,2
6,Determinant,780,474552000,1,int,0.1131609750441882,0,0,3.0,2
3,Scaling,780,608400,2,int,0.0010078405906942,0,1,2.0,2
5,Exponential,0,0,2,mixed,0.0030929663540062,0,1,2.0,2
7,Logarithm,780,608400,2,mixed,0.0038264939432172,0,1,2.0,2
4,Squareroot,0,0,2,mixed,0.0057647536195825,0,1,2.0,2
6,Ludecomposition,780,158184000,3,int,0.1580936416179928,0,0,3.0,2
6,Eigenvalue,780,60840000,2,mixed,0.010200175419208,1,1,2.0,2
8,Multiplication,0,0,3,int,0.4443871554692946,0,0,3.0,2
5,Addition,0,0,3,int,0.0008697525426965,0,0,2.0,2
1,Transposition,790,624100,2,int,0.0020065448171688,0,1,2.0,2
6,Determinant,0,0,1,int,0.1386006070246808,0,0,3.0,2
4,Scaling,790,624100,2,int,0.0010749924551125,0,1,2.0,2
6,Exponential,790,624100,2,mixed,0.0031858346895611,0,1,2.0,2
8,Logarithm,0,0,2,mixed,0.0039098144071429,0,1,2.0,2
7,Squareroot,0,0,2,mixed,0.002908626613024,0,1,2.0,2
6,Ludecomposition,0,0,3,int,0.1554291507645549,0,0,3.0,2
5,Eigenvalue,0,0,2,mixed,0.0116038698176741,1,1,2.0,2
6,Multiplication,800,512000000,3,int,0.4859862485972657,0,0,3.0,2
4,Addition,800,640000,3,int,0.0010588731843175,0,0,2.0,2
5,Transposition,800,640000,2,int,0.0009885709870057,0,1,2.0,2
6,Determinant,800,512000000,1,int,0.1282463898159856,0,0,3.0,2
3,Scaling,0,0,2,int,0.0009398934040696,0,1,2.0,2
5,Exponential,0,0,2,mixed,0.0028800062024685,0,1,2.0,2
8,Logarithm,800,640000,2,mixed,0.0039832796302297,0,1,2.0,2
5,Squareroot,800,640000,2,mixed,0.0020665467235661,0,1,2.0,2
6,Ludecomposition,800,170666666,3,int,0.1863400303625607,0,0,3.0,2
6,Eigenvalue,800,64000000,2,mixed,0.0133053346045135,1,1,2.0,2
8,Multiplication,0,0,3,int,0.5395360777856261,0,0,3.0,2
4,Addition,0,0,3,int,0.0021817336287161,0,0,2.0,2
3,Transposition,810,656100,2,int,0.001040695391793,0,1,2.0,2
6,Determinant,0,0,1,int,0.1502692344967232,0,0,3.0,2
3,Scaling,810,656100,2,int,0.000950210264153,0,1,2.0,2
5,Exponential,810,656100,2,mixed,0.0038944681537712,0,1,2.0,2
8,Logarithm,810,656100,2,mixed,0.0040833466450098,0,1,2.0,2
7,Squareroot,0,0,2,mixed,0.0029945433837738,0,1,2.0,2
6,Ludecomposition,0,0,3,int,0.1718799983088128,0,0,3.0,2
6,Eigenvalue,810,65610000,2,mixed,0.0128499979681511,1,1,2.0,2
6,Multiplication,820,551368000,3,int,0.5218190078581053,0,0,3.0,2
4,Addition,0,0,3,int,0.0009971091076797,0,0,2.0,2
4,Transposition,0,0,2,int,0.0050279875680531,0,1,2.0,2
6,Determinant,820,551368000,1,int,0.1467806086512578,0,0,3.0,2
3,Scaling,820,672400,2,int,0.0020788374799762,0,1,2.0,2
7,Exponential,820,672400,2,mixed,0.0040905471583121,0,1,2.0,2
7,Logarithm,0,0,2,mixed,0.0042695730052976,0,1,2.0,2
8,Squareroot,0,0,2,mixed,0.0019976001077837,0,1,2.0,2
6,Ludecomposition,0,0,3,int,0.1636202738375486,0,0,3.0,2
6,Eigenvalue,820,67240000,2,mixed,0.0112320873593129,1,1,2.0,2
7,Multiplication,0,0,3,int,0.6085275776755147,0,0,3.0,2
4,Addition,0,0,3,int,0.0018877999729103,0,0,2.0,2
2,Transposition,830,688900,2,int,0.0019417033800158,0,1,2.0,2
5,Determinant,830,571787000,1,int,0.1784670567539205,0,0,3.0,2
3,Scaling,830,688900,2,int,0.0010566770817714,0,1,2.0,2
6,Exponential,0,0,2,mixed,0.0042202620746887,0,1,2.0,2
8,Logarithm,0,0,2,mixed,0.0041014576372717,0,1,2.0,2
7,Squareroot,830,688900,2,mixed,0.0017427957682606,0,1,2.0,2
5,Ludecomposition,830,190595666,3,int,0.2239829852403305,0,0,3.0,2
8,Eigenvalue,830,68890000,2,mixed,0.0176751075533158,1,1,2.0,2
7,Multiplication,0,0,3,int,0.6018661100224988,0,0,3.0,2
5,Addition,840,705600,3,int,0.0019525827793232,0,0,2.0,2
4,Transposition,0,0,2,int,0.0018574351808012,0,1,2.0,2
6,Determinant,0,0,1,int,0.1525570888290686,0,0,3.0,2
3,Scaling,840,705600,2,int,0.0009995755064534,0,1,2.0,2
7,Exponential,0,0,2,mixed,0.0028975362569732,0,1,2.0,2
6,Logarithm,840,705600,2,mixed,0.0048887026775869,0,1,2.0,2
7,Squareroot,0,0,2,mixed,0.0015500779812363,0,1,2.0,2
6,Ludecomposition,840,197568000,3,int,0.2119686119816266,0,0,3.0,2
6,Eigenvalue,0,0,2,mixed,0.0125168869959188,1,1,2.0,2
6,Multiplication,0,0,3,int,0.6364838604090111,0,0,3.0,2
6,Addition,0,0,3,int,0.0017335909388579,0,0,2.0,2
5,Transposition,0,0,2,int,0.0021984169402423,0,1,2.0,2
6,Determinant,850,614125000,1,int,0.1572587352540501,0,0,3.0,2
4,Scaling,0,0,2,int,0.0021621996677121,0,1,2.0,2
7,Exponential,0,0,2,mixed,0.0030746250751515,0,1,2.0,2
7,Logarithm,850,722500,2,mixed,0.0048222358983285,0,1,2.0,2
7,Squareroot,850,722500,2,mixed,0.0021697270401978,0,1,2.0,2
6,Ludecomposition,0,0,3,int,0.1936660173618043,0,0,3.0,2
5,Eigenvalue,0,0,2,mixed,0.0148201028014576,1,1,2.0,2
7,Multiplication,0,0,3,int,0.6992499999999999,0,0,3.0,2
3,Addition,860,739600,3,int,0.0021151452949206,0,0,2.0,2
4,Transposition,860,739600,2,int,0.0021221307596606,0,1,2.0,2
6,Determinant,0,0,1,int,0.1464075005560334,0,0,3.0,2
5,Scaling,0,0,2,int,0.001102387454085,0,1,2.0,2
7,Exponential,0,0,2,mixed,0.002868891759278,0,1,2.0,2
8,Logarithm,860,739600,2,mixed,0.0039841732411487,0,1,2.0,2
7,Squareroot,860,739600,2,mixed,0.0019786557372706,0,1,2.0,2
6,Ludecomposition,0,0,3,int,0.2214487154322662,0,0,3.0,2
6,Eigenvalue,860,73960000,2,mixed,0.0122833172573384,1,1,2.0,2
6,Multiplication,0,0,3,int,0.6327931954574982,0,0,3.0,2
2,Addition,0,0,3,int,0.0018770927293218,0,0,2.0,2
2,Transposition,870,756900,2,int,0.0020299202015725,0,1,2.0,2
6,Determinant,870,658503000,1,int,0.1553777157597411,0,0,3.0,2
5,Scaling,0,0,2,int,0.0010689691571348,0,1,2.0,2
7,Exponential,0,0,2,mixed,0.0029883678367182,0,1,2.0,2
8,Logarithm,870,756900,2,mixed,0.003578315513863,0,1,2.0,2
8,Squareroot,0,0,2,mixed,0.0030860053522378,0,1,2.0,2
6,Ludecomposition,0,0,3,int,0.1994549592048914,0,0,3.0,2
6,Eigenvalue,0,0,2,mixed,0.0097636727316145,1,1,2.0,2
8,Multiplication,880,681472000,3,int,0.6721067285831674,0,0,3.0,2
3,Addition,880,774400,3,int,0.0010367306689236,0,0,2.0,2
8,Transposition,0,0,2,int,0.0010679422188427,0,1,2.0,2
6,Determinant,0,0,1,int,0.1611352283413256,0,0,3.0,2
4,Scaling,0,0,2,int,0.0021197291463522,0,1,2.0,2
6,Exponential,880,774400,2,mixed,0.0037015653668419,0,1,2.0,2
7,Logarithm,880,774400,2,mixed,0.0050297062232932,0,1,2.0,2
6,Squareroot,0,0,2,mixed,0.0027934508248899,0,1,2.0,2
6,Ludecomposition,880,227157333,3,int,0.2287546133271018,0,0,3.0,2
5,Eigenvalue,880,77440000,2,mixed,0.0123494761170621,1,1,2.0,2
6,Multiplication,890,704969000,3,int,0.6992499999999999,0,0,3.0,2
4,Addition,0,0,3,int,0.0020475610173185,0,0,2.0,2
2,Transposition,890,792100,2,int,0.0019387556793281,0,1,2.0,2
6,Determinant,0,0,1,int,0.1746192546173116,0,0,3.0,2
5,Scaling,0,0,2,int,0.000959014909955,0,1,2.0,2
7,Exponential,0,0,2,mixed,0.0030049980276602,0,1,2.0,2
8,Logarithm,890,792100,2,mixed,0.0046602547718632,0,1,2.0,2
8,Squareroot,0,0,2,mixed,0.0029698383408523,0,1,2.0,2
6,Ludecomposition,890,234989666,3,int,0.2302146567172249,0,0,3.0,2
5,Eigenvalue,0,0,2,mixed,0.0133978030775905,1,1,2.0,2
6,Multiplication,900,729000000,3,int,0.6992499999999999,0,0,3.0,2
6,Addition,900,810000,3,int,0.0020786074181726,0,0,2.0,2
3,Transposition,900,810000,2,int,0.0020879485938523,0,1,2.0,2
6,Determinant,900,729000000,1,int,0.1938349597586148,0,0,3.0,2
3,Scaling,900,810000,2,int,0.0019199123881898,0,1,2.0,2
7,Exponential,900,810000,2,mixed,0.0039026343965945,0,1,2.0,2
8,Logarithm,900,810000,2,mixed,0.0051938011531591,0,1,2.0,2
8,Squareroot,0,0,2,mixed,0.0030349062045425,0,1,2.0,2
6,Ludecomposition,0,0,3,int,0.2213839156912273,0,0,3.0,2
6,Eigenvalue,0,0,2,mixed,0.0189899226781824,1,1,2.0,2
6,Multiplication,0,0,3,int,0.6992499999999999,0,0,3.0,2
7,Addition,910,828100,3,int,0.0009845729392139,0,0,2.0,2
3,Transposition,0,0,2,int,0.0037728190331073,0,1,2.0,2
6,Determinant,910,753571000,1,int,0.1878844452275338,0,0,3.0,2
3,Scaling,0,0,2,int,0.0020091731814036,0,1,2.0,2
8,Exponential,0,0,2,mixed,0.0040411054035615,0,1,2.0,2
8,Logarithm,0,0,2,mixed,0.0051393885893897,0,1,2.0,2
5,Squareroot,910,828100,2,mixed,0.003153539289477,0,1,2.0,2
6,Ludecomposition,910,251190333,3,int,0.2458737957239575,0,0,3.0,2
6,Eigenvalue,0,0,2,mixed,0.0147794505337107,1,1,2.0,2
6,Multiplication,920,778688000,3,int,0.6992499999999999,0,0,3.0,2
5,Addition,920,846400,3,int,0.0020716217856469,0,0,2.0,2
4,Transposition,920,846400,2,int,0.0020459056618083,0,1,2.0,2
6,Determinant,0,0,1,int,0.1949993769387915,0,0,3.0,2
5,Scaling,0,0,2,int,0.0010022116047531,0,1,2.0,2
6,Exponential,920,846400,2,mixed,0.0040531397179888,0,1,2.0,2
8,Logarithm,0,0,2,mixed,0.0048338558000768,0,1,2.0,2
6,Squareroot,920,846400,2,mixed,0.003224855074218,0,1,2.0,2
6,Ludecomposition,0,0,3,int,0.2636410071544413,0,0,3.0,2
6,Eigenvalue,920,84640000,2,mixed,0.0158671977107852,1,1,2.0,2
6,Multiplication,930,804357000,3,int,0.6992499999999999,0,0,3.0,2
5,Addition,0,0,3,int,0.0021604307185311,0,0,2.0,2
3,Transposition,930,864900,2,int,0.0018517035322472,0,1,2.0,2
6,Determinant,930,804357000,1,int,0.1993306941252301,0,0,3.0,2
4,Scaling,0,0,2,int,0.0018919443681252,0,1,2.0,2
7,Exponential,0,0,2,mixed,0.0038028283159318,0,1,2.0,2
8,Logarithm,0,0,2,mixed,0.004803172837265,0,1,2.0,2
4,Squareroot,0,0,2,mixed,0.0041406704862751,0,1,2.0,2
6,Ludecomposition,930,268119000,3,int,0.2501109189339316,0,0,3.0,2
6,Eigenvalue,0,0,2,mixed,0.0151519949699949,1,1,2.0,2
7,Multiplication,0,0,3,int,0.6992499999999999,0,0,3.0,2
6,Addition,940,883600,3,int,0.0020105429445849,0,0,2.0,2
2,Transposition,940,883600,2,int,0.0019540761791597,0,1,2.0,2
6,Determinant,0,0,1,int,0.2127836184197509,0,0,3.0,2
6,Scaling,0,0,2,int,0.0019269211700069,0,1,2.0,2
5,Exponential,0,0,2,mixed,0.0069458300992239,0,1,2.0,2
8,Logarithm,940,883600,2,mixed,0.0046866576657798,0,1,2.0,2
8,Squareroot,0,0,2,mixed,0.0020954316707835,0,1,2.0,2
6,Ludecomposition,0,0,3,int,0.2549929249229493,0,0,3.0,2
6,Eigenvalue,940,88360000,2,mixed,0.0168177812605187,1,1,2.0,2
6,Multiplication,950,804357000,3,int,0.6992499999999999,0,0,3.0,2
6,Addition,0,0,3,int,0.0019605270300693,0,0,2.0,2
5,Transposition,0,0,2,int,0.0030020854630605,0,1,2.0,2
6,Determinant,950,804357000,1,int,0.2171177378150612,0,0,3.0,2
5,Scaling,950,902500,2,int,0.0018366495184483,0,1,2.0,2
6,Exponential,950,902500,2,mixed,0.0029646811239699,0,1,2.0,2
8,Logarithm,0,0,2,mixed,0.0060758934863261,0,1,2.0,2
5,Squareroot,950,902500,2,mixed,0.0030450583816001,0,1,2.0,2
6,Ludecomposition,0,0,3,int,0.2665912789955068,0,0,3.0,2
6,Eigenvalue,0,0,2,mixed,0.0171504248619083,1,1,2.0,2
6,Multiplication,960,804357000,3,int,0.6992499999999999,0,0,3.0,2
4,Addition,960,921600,3,int,0.0032858133227474,0,0,2.0,2
4,Transposition,0,0,2,int,0.0020807242542627,0,1,2.0,2
5,Determinant,960,804357000,1,int,0.2630632051516674,0,0,3.0,2
3,Scaling,960,921600,2,int,0.0017604250750605,0,1,2.0,2
8,Exponential,0,0,2,mixed,0.0042324157261982,0,1,2.0,2
8,Logarithm,960,921600,2,mixed,0.0050538025495349,0,1,2.0,2
5,Squareroot,0,0,2,mixed,0.0042050512884605,0,1,2.0,2
8,Ludecomposition,0,0,3,int,0.3640998994616126,0,0,3.0,2
5,Eigenvalue,0,0,2,mixed,0.0181616895866351,1,1,2.0,2
7,Multiplication,970,804357000,3,int,0.6992499999999999,0,0,3.0,2
6,Addition,970,940900,3,int,0.0019623376300534,0,0,2.0,2
1,Transposition,970,940900,2,int,0.0042353067431843,0,1,2.0,2
6,Determinant,0,0,1,int,0.2442022600574613,0,0,3.0,2
5,Scaling,970,940900,2,int,0.0009381917574404,0,1,2.0,2
8,Exponential,970,940900,2,mixed,0.0038939230850691,0,1,2.0,2
8,Logarithm,970,940900,2,mixed,0.0044906800551537,0,1,2.0,2
6,Squareroot,0,0,2,mixed,0.0029283270722153,0,1,2.0,2
6,Ludecomposition,970,304224333,3,int,0.2592086225865707,0,0,3.0,2
6,Eigenvalue,970,94090000,2,mixed,0.0177614212453537,1,1,2.0,2
6,Multiplication,980,804357000,3,int,0.6992499999999999,0,0,3.0,2
5,Addition,0,0,3,int,0.0021196182659675,0,0,2.0,2
2,Transposition,980,960400,2,int,0.0030772412299316,0,1,2.0,2
6,Determinant,0,0,1,int,0.2337893310850021,0,0,3.0,2
4,Scaling,0,0,2,int,0.0020288117631829,0,1,2.0,2
5,Exponential,0,0,2,mixed,0.0059785223345199,0,1,2.0,2
8,Logarithm,0,0,2,mixed,0.007726173603258,0,1,2.0,2
7,Squareroot,0,0,2,mixed,0.002812772139088,0,1,2.0,2
8,Ludecomposition,0,0,3,int,0.342246634689291,0,0,3.0,2
6,Eigenvalue,980,96040000,2,mixed,0.0170074486064802,1,1,2.0,2
6,Multiplication,990,804357000,3,int,0.6992499999999999,0,0,3.0,2
4,Addition,990,980100,3,int,0.0031414768887007,0,0,2.0,2
3,Transposition,0,0,2,int,0.0020400877102092,0,1,2.0,2
6,Determinant,0,0,1,int,0.2354395977336882,0,0,3.0,2
2,Scaling,990,980100,2,int,0.0010316341704722,0,1,2.0,2
8,Exponential,990,980100,2,mixed,0.0040467041063641,0,1,2.0,2
8,Logarithm,0,0,2,mixed,0.0050308963191945,0,1,2.0,2
8,Squareroot,0,0,2,mixed,0.0028515273963567,0,1,2.0,2
6,Ludecomposition,0,0,3,int,0.305331148986924,0,0,3.0,2
6,Eigenvalue,990,98010000,2,mixed,0.0218599876214907,1,1,2.0,2
6,Multiplication,990,804357000,3,int,0.6992499999999999,0,0,3.0,2
3,Addition,990,1000000,3,int,0.0020566256282057,0,0,2.0,2
4,Transposition,990,1000000,2,int,0.0019012926425071,0,1,2.0,2
6,Determinant,0,0,1,int,0.2804591581945445,0,0,3.0,2
1,Scaling,990,1000000,2,int,0.0029854586321301,0,1,2.0,2
6,Exponential,0,0,2,mixed,0.0038869806751085,0,1,2.0,2
8,Logarithm,0,0,2,mixed,0.0062372487744347,0,1,2.0,2
8,Squareroot,990,1000000,2,mixed,0.003031403255286,0,1,2.0,2
6,Ludecomposition,990,333333333,3,int,0.3119036868892721,0,0,3.0,2
6,Eigenvalue,990,100000000,2,mixed,0.0171095546128285,1,1,2.0,2
