operation,matrix_size,variable_type,num_operations,optimal_thread,optimal_execution_time
addition,100,0,10000,1,0.000333
duplication,100,0,10000,1,0.000000
multiplication,100,0,2000000,8,0.004000
elemwise_multiplication,100,0,10000,1,0.000333
addition,100,1,10000,1,0.000333
duplication,100,1,10000,1,0.000000
multiplication,100,1,2000000,8,0.004333
elemwise_multiplication,100,1,10000,1,0.000000
addition,101,0,10201,1,0.000333
duplication,101,0,10201,1,0.000333
multiplication,101,0,2060602,4,0.004000
elemwise_multiplication,101,0,10201,1,0.000000
addition,101,1,10201,1,0.000333
duplication,101,1,10201,1,0.000333
multiplication,101,1,2060602,8,0.004000
elemwise_multiplication,101,1,10201,2,0.000333
addition,102,0,10404,1,0.000333
duplication,102,0,10404,2,0.000333
multiplication,102,0,2122416,8,0.004000
elemwise_multiplication,102,0,10404,1,0.000333
addition,102,1,10404,1,0.000000
duplication,102,1,10404,1,0.000333
multiplication,102,1,2122416,4,0.004667
elemwise_multiplication,102,1,10404,1,0.000333
addition,103,0,10609,1,0.000333
duplication,103,0,10609,1,0.000000
multiplication,103,0,2185454,8,0.004333
elemwise_multiplication,103,0,10609,1,0.000333
addition,103,1,10609,1,0.000333
duplication,103,1,10609,1,0.000000
multiplication,103,1,2185454,8,0.006667
elemwise_multiplication,103,1,10609,1,0.000333
addition,104,0,10816,1,0.000333
duplication,104,0,10816,1,0.000333
multiplication,104,0,2249728,16,0.004333
elemwise_multiplication,104,0,10816,1,0.000000
addition,104,1,10816,1,0.000333
duplication,104,1,10816,1,0.000333
multiplication,104,1,2249728,4,0.004667
elemwise_multiplication,104,1,10816,1,0.000000
addition,105,0,11025,1,0.000333
duplication,105,0,11025,1,0.000333
multiplication,105,0,2315250,4,0.005333
elemwise_multiplication,105,0,11025,1,0.000333
addition,105,1,11025,1,0.000333
duplication,105,1,11025,1,0.000333
multiplication,105,1,2315250,8,0.003667
elemwise_multiplication,105,1,11025,1,0.000333
addition,106,0,11236,1,0.000000
duplication,106,0,11236,1,0.000000
multiplication,106,0,2382032,8,0.004000
elemwise_multiplication,106,0,11236,1,0.000000
addition,106,1,11236,1,0.000000
duplication,106,1,11236,1,0.000000
multiplication,106,1,2382032,16,0.004000
elemwise_multiplication,106,1,11236,1,0.000333
addition,107,0,11449,1,0.000333
duplication,107,0,11449,1,0.000333
multiplication,107,0,2450086,16,0.005000
elemwise_multiplication,107,0,11449,1,0.000000
addition,107,1,11449,1,0.000000
duplication,107,1,11449,2,0.000333
multiplication,107,1,2450086,8,0.004667
elemwise_multiplication,107,1,11449,1,0.000000
addition,108,0,11664,2,0.000333
duplication,108,0,11664,1,0.000000
multiplication,108,0,2519424,4,0.005333
elemwise_multiplication,108,0,11664,2,0.000333
addition,108,1,11664,2,0.000333
duplication,108,1,11664,1,0.000333
multiplication,108,1,2519424,8,0.005000
elemwise_multiplication,108,1,11664,1,0.000000
addition,109,0,11881,1,0.000333
duplication,109,0,11881,1,0.000333
multiplication,109,0,2590058,8,0.005000
elemwise_multiplication,109,0,11881,1,0.000333
addition,109,1,11881,1,0.000000
duplication,109,1,11881,1,0.000333
multiplication,109,1,2590058,8,0.005000
elemwise_multiplication,109,1,11881,1,0.000000
addition,110,0,12100,1,0.000333
duplication,110,0,12100,2,0.000333
multiplication,110,0,2662000,16,0.005333
elemwise_multiplication,110,0,12100,1,0.000000
addition,110,1,12100,1,0.000000
duplication,110,1,12100,1,0.000000
multiplication,110,1,2662000,8,0.004000
elemwise_multiplication,110,1,12100,1,0.000000
addition,111,0,12321,1,0.000000
duplication,111,0,12321,1,0.000333
multiplication,111,0,2735262,4,0.004667
elemwise_multiplication,111,0,12321,1,0.000000
addition,111,1,12321,2,0.000333
duplication,111,1,12321,1,0.000000
multiplication,111,1,2735262,8,0.003333
elemwise_multiplication,111,1,12321,1,0.000000
addition,112,0,12544,1,0.000000
duplication,112,0,12544,1,0.000333
multiplication,112,0,2809856,8,0.003000
elemwise_multiplication,112,0,12544,1,0.000000
addition,112,1,12544,1,0.000333
duplication,112,1,12544,2,0.000000
multiplication,112,1,2809856,4,0.003667
elemwise_multiplication,112,1,12544,2,0.000000
addition,113,0,12769,1,0.000000
duplication,113,0,12769,1,0.000000
multiplication,113,0,2885794,16,0.003000
elemwise_multiplication,113,0,12769,1,0.000000
addition,113,1,12769,1,0.000333
duplication,113,1,12769,2,0.000000
multiplication,113,1,2885794,16,0.003667
elemwise_multiplication,113,1,12769,1,0.000000
addition,114,0,12996,1,0.000000
duplication,114,0,12996,1,0.000333
multiplication,114,0,2963088,8,0.003667
elemwise_multiplication,114,0,12996,2,0.000000
addition,114,1,12996,2,0.000000
duplication,114,1,12996,1,0.000333
multiplication,114,1,2963088,16,0.003667
elemwise_multiplication,114,1,12996,1,0.000000
addition,115,0,13225,1,0.000333
duplication,115,0,13225,1,0.000000
multiplication,115,0,3041750,8,0.004000
elemwise_multiplication,115,0,13225,1,0.000000
addition,115,1,13225,1,0.000000
duplication,115,1,13225,2,0.000000
multiplication,115,1,3041750,8,0.003333
elemwise_multiplication,115,1,13225,2,0.000000
addition,116,0,13456,1,0.000000
duplication,116,0,13456,1,0.000333
multiplication,116,0,3121792,8,0.003667
elemwise_multiplication,116,0,13456,2,0.000333
addition,116,1,13456,1,0.000333
duplication,116,1,13456,1,0.000000
multiplication,116,1,3121792,8,0.006333
elemwise_multiplication,116,1,13456,1,0.000333
addition,117,0,13689,2,0.000333
duplication,117,0,13689,1,0.000333
multiplication,117,0,3203226,8,0.006000
elemwise_multiplication,117,0,13689,2,0.000333
addition,117,1,13689,1,0.000333
duplication,117,1,13689,1,0.000333
multiplication,117,1,3203226,4,0.006000
elemwise_multiplication,117,1,13689,1,0.000000
addition,118,0,13924,1,0.000000
duplication,118,0,13924,1,0.000000
multiplication,118,0,3286064,4,0.005667
elemwise_multiplication,118,0,13924,1,0.000333
addition,118,1,13924,1,0.000333
duplication,118,1,13924,1,0.000333
multiplication,118,1,3286064,8,0.005333
elemwise_multiplication,118,1,13924,1,0.000000
addition,119,0,14161,1,0.000333
duplication,119,0,14161,1,0.000333
multiplication,119,0,3370318,4,0.005000
elemwise_multiplication,119,0,14161,1,0.000333
addition,119,1,14161,1,0.000000
duplication,119,1,14161,1,0.000000
multiplication,119,1,3370318,4,0.002333
elemwise_multiplication,119,1,14161,1,0.000000
addition,120,0,14400,1,0.000000
duplication,120,0,14400,2,0.000000
multiplication,120,0,3456000,4,0.003333
elemwise_multiplication,120,0,14400,1,0.000333
addition,120,1,14400,2,0.000333
duplication,120,1,14400,2,0.000000
multiplication,120,1,3456000,4,0.003333
elemwise_multiplication,120,1,14400,2,0.000000
addition,121,0,14641,1,0.000000
duplication,121,0,14641,1,0.000333
multiplication,121,0,3543122,4,0.003000
elemwise_multiplication,121,0,14641,1,0.000000
addition,121,1,14641,1,0.000333
duplication,121,1,14641,1,0.000000
multiplication,121,1,3543122,8,0.004000
elemwise_multiplication,121,1,14641,2,0.000000
addition,122,0,14884,1,0.000333
duplication,122,0,14884,1,0.000000
multiplication,122,0,3631696,8,0.003333
elemwise_multiplication,122,0,14884,1,0.000000
addition,122,1,14884,1,0.000333
duplication,122,1,14884,1,0.000000
multiplication,122,1,3631696,8,0.004667
elemwise_multiplication,122,1,14884,1,0.000000
addition,123,0,15129,2,0.000333
duplication,123,0,15129,1,0.000000
multiplication,123,0,3721734,8,0.003667
elemwise_multiplication,123,0,15129,2,0.000000
addition,123,1,15129,1,0.000000
duplication,123,1,15129,2,0.000000
multiplication,123,1,3721734,4,0.003667
elemwise_multiplication,123,1,15129,1,0.000000
addition,124,0,15376,2,0.000333
duplication,124,0,15376,1,0.000000
multiplication,124,0,3813248,8,0.004000
elemwise_multiplication,124,0,15376,1,0.000000
addition,124,1,15376,1,0.000333
duplication,124,1,15376,2,0.000000
multiplication,124,1,3813248,8,0.003667
elemwise_multiplication,124,1,15376,1,0.000000
addition,125,0,15625,1,0.000000
duplication,125,0,15625,1,0.000000
multiplication,125,0,3906250,8,0.004000
elemwise_multiplication,125,0,15625,1,0.000000
addition,125,1,15625,1,0.000333
duplication,125,1,15625,1,0.000000
multiplication,125,1,3906250,4,0.004333
elemwise_multiplication,125,1,15625,2,0.000333
addition,126,0,15876,2,0.000333
duplication,126,0,15876,2,0.000000
multiplication,126,0,4000752,16,0.004333
elemwise_multiplication,126,0,15876,1,0.000000
addition,126,1,15876,1,0.000000
duplication,126,1,15876,1,0.000000
multiplication,126,1,4000752,8,0.004333
elemwise_multiplication,126,1,15876,2,0.000000
addition,127,0,16129,2,0.000333
duplication,127,0,16129,2,0.000000
multiplication,127,0,4096766,16,0.004667
elemwise_multiplication,127,0,16129,2,0.000000
addition,127,1,16129,1,0.000000
duplication,127,1,16129,2,0.000333
multiplication,127,1,4096766,8,0.004000
elemwise_multiplication,127,1,16129,1,0.000000
addition,128,0,16384,1,0.000333
duplication,128,0,16384,1,0.000000
multiplication,128,0,4194304,16,0.008333
elemwise_multiplication,128,0,16384,1,0.000333
addition,128,1,16384,1,0.000333
duplication,128,1,16384,2,0.000333
multiplication,128,1,4194304,4,0.009000
elemwise_multiplication,128,1,16384,1,0.000333
addition,129,0,16641,4,0.000667
duplication,129,0,16641,2,0.000333
multiplication,129,0,4293378,8,0.004667
elemwise_multiplication,129,0,16641,1,0.000000
addition,129,1,16641,1,0.000000
duplication,129,1,16641,1,0.000000
multiplication,129,1,4293378,16,0.007667
elemwise_multiplication,129,1,16641,1,0.000333
addition,130,0,16900,1,0.000333
duplication,130,0,16900,1,0.000333
multiplication,130,0,4394000,8,0.002667
elemwise_multiplication,130,0,16900,2,0.000000
addition,130,1,16900,2,0.000000
duplication,130,1,16900,2,0.000000
multiplication,130,1,4394000,8,0.002667
elemwise_multiplication,130,1,16900,1,0.000000
addition,131,0,17161,1,0.000000
duplication,131,0,17161,1,0.000000
multiplication,131,0,4496182,4,0.002667
elemwise_multiplication,131,0,17161,1,0.000000
addition,131,1,17161,1,0.000000
duplication,131,1,17161,1,0.000000
multiplication,131,1,4496182,8,0.002667
elemwise_multiplication,131,1,17161,1,0.000000
addition,132,0,17424,2,0.000000
duplication,132,0,17424,2,0.000000
multiplication,132,0,4599936,8,0.002333
elemwise_multiplication,132,0,17424,1,0.000000
addition,132,1,17424,1,0.000000
duplication,132,1,17424,1,0.000000
multiplication,132,1,4599936,8,0.002667
elemwise_multiplication,132,1,17424,2,0.000000
addition,133,0,17689,2,0.000000
duplication,133,0,17689,1,0.000000
multiplication,133,0,4705274,8,0.002667
elemwise_multiplication,133,0,17689,1,0.000000
addition,133,1,17689,2,0.000000
duplication,133,1,17689,1,0.000000
multiplication,133,1,4705274,16,0.002667
elemwise_multiplication,133,1,17689,1,0.000000
addition,134,0,17956,2,0.000000
duplication,134,0,17956,1,0.000000
multiplication,134,0,4812208,8,0.003000
elemwise_multiplication,134,0,17956,1,0.000000
addition,134,1,17956,1,0.000000
duplication,134,1,17956,1,0.000000
multiplication,134,1,4812208,8,0.002667
elemwise_multiplication,134,1,17956,1,0.000000
addition,135,0,18225,1,0.000000
duplication,135,0,18225,2,0.000000
multiplication,135,0,4920750,8,0.002667
elemwise_multiplication,135,0,18225,1,0.000000
addition,135,1,18225,1,0.000000
duplication,135,1,18225,2,0.000000
multiplication,135,1,4920750,8,0.002667
elemwise_multiplication,135,1,18225,1,0.000000
addition,136,0,18496,1,0.000000
duplication,136,0,18496,2,0.000000
multiplication,136,0,5030912,16,0.003000
elemwise_multiplication,136,0,18496,1,0.000000
addition,136,1,18496,2,0.000000
duplication,136,1,18496,1,0.000000
multiplication,136,1,5030912,16,0.003333
elemwise_multiplication,136,1,18496,1,0.000000
addition,137,0,18769,1,0.000000
duplication,137,0,18769,2,0.000000
multiplication,137,0,5142706,8,0.002667
elemwise_multiplication,137,0,18769,2,0.000000
addition,137,1,18769,1,0.000000
duplication,137,1,18769,1,0.000000
multiplication,137,1,5142706,16,0.002667
elemwise_multiplication,137,1,18769,1,0.000000
addition,138,0,19044,1,0.000000
duplication,138,0,19044,1,0.000000
multiplication,138,0,5256144,4,0.003000
elemwise_multiplication,138,0,19044,2,0.000000
addition,138,1,19044,2,0.000000
duplication,138,1,19044,1,0.000000
multiplication,138,1,5256144,16,0.003000
elemwise_multiplication,138,1,19044,1,0.000000
addition,139,0,19321,1,0.000000
duplication,139,0,19321,1,0.000000
multiplication,139,0,5371238,4,0.003333
elemwise_multiplication,139,0,19321,1,0.000000
addition,139,1,19321,1,0.000000
duplication,139,1,19321,2,0.000000
multiplication,139,1,5371238,8,0.003000
elemwise_multiplication,139,1,19321,2,0.000000
addition,140,0,19600,1,0.000000
duplication,140,0,19600,1,0.000000
multiplication,140,0,5488000,8,0.005000
elemwise_multiplication,140,0,19600,2,0.000000
addition,140,1,19600,1,0.000000
duplication,140,1,19600,1,0.000333
multiplication,140,1,5488000,8,0.003000
elemwise_multiplication,140,1,19600,1,0.000000
addition,141,0,19881,1,0.000000
duplication,141,0,19881,1,0.000000
multiplication,141,0,5606442,4,0.003333
elemwise_multiplication,141,0,19881,1,0.000000
addition,141,1,19881,2,0.000000
duplication,141,1,19881,1,0.000000
multiplication,141,1,5606442,4,0.003000
elemwise_multiplication,141,1,19881,2,0.000000
addition,142,0,20164,2,0.000000
duplication,142,0,20164,1,0.000000
multiplication,142,0,5726576,16,0.003000
elemwise_multiplication,142,0,20164,1,0.000000
addition,142,1,20164,1,0.000000
duplication,142,1,20164,1,0.000000
multiplication,142,1,5726576,8,0.003000
elemwise_multiplication,142,1,20164,2,0.000000
addition,143,0,20449,2,0.000000
duplication,143,0,20449,1,0.000000
multiplication,143,0,5848414,8,0.003000
elemwise_multiplication,143,0,20449,1,0.000000
addition,143,1,20449,2,0.000000
duplication,143,1,20449,1,0.000000
multiplication,143,1,5848414,8,0.003333
elemwise_multiplication,143,1,20449,1,0.000000
addition,144,0,20736,1,0.000000
duplication,144,0,20736,1,0.000000
multiplication,144,0,5971968,16,0.003333
elemwise_multiplication,144,0,20736,1,0.000000
addition,144,1,20736,1,0.000000
duplication,144,1,20736,2,0.000000
multiplication,144,1,5971968,8,0.003333
elemwise_multiplication,144,1,20736,1,0.000000
addition,145,0,21025,1,0.000000
duplication,145,0,21025,2,0.000000
multiplication,145,0,6097250,8,0.003000
elemwise_multiplication,145,0,21025,2,0.000000
addition,145,1,21025,2,0.000000
duplication,145,1,21025,1,0.000000
multiplication,145,1,6097250,8,0.003667
elemwise_multiplication,145,1,21025,1,0.000000
addition,146,0,21316,2,0.000000
duplication,146,0,21316,1,0.000000
multiplication,146,0,6224272,4,0.003000
elemwise_multiplication,146,0,21316,2,0.000000
addition,146,1,21316,2,0.000000
duplication,146,1,21316,1,0.000000
multiplication,146,1,6224272,8,0.004000
elemwise_multiplication,146,1,21316,2,0.000000
addition,147,0,21609,1,0.000000
duplication,147,0,21609,1,0.000000
multiplication,147,0,6353046,8,0.005333
elemwise_multiplication,147,0,21609,1,0.000000
addition,147,1,21609,1,0.000000
duplication,147,1,21609,2,0.000000
multiplication,147,1,6353046,8,0.003333
elemwise_multiplication,147,1,21609,1,0.000000
addition,148,0,21904,1,0.000000
duplication,148,0,21904,1,0.000000
multiplication,148,0,6483584,8,0.004667
elemwise_multiplication,148,0,21904,1,0.000000
addition,148,1,21904,2,0.000000
duplication,148,1,21904,2,0.000000
multiplication,148,1,6483584,8,0.006000
elemwise_multiplication,148,1,21904,1,0.000000
addition,149,0,22201,1,0.000000
duplication,149,0,22201,1,0.000000
multiplication,149,0,6615898,4,0.006000
elemwise_multiplication,149,0,22201,2,0.000333
addition,149,1,22201,1,0.000333
duplication,149,1,22201,1,0.000000
multiplication,149,1,6615898,8,0.006333
elemwise_multiplication,149,1,22201,1,0.000000
addition,150,0,22500,1,0.000333
duplication,150,0,22500,1,0.000000
multiplication,150,0,6750000,8,0.006000
elemwise_multiplication,150,0,22500,1,0.000000
addition,150,1,22500,1,0.000333
duplication,150,1,22500,1,0.000000
multiplication,150,1,6750000,16,0.003667
elemwise_multiplication,150,1,22500,2,0.000000
addition,151,0,22801,1,0.000000
duplication,151,0,22801,1,0.000000
multiplication,151,0,6885902,4,0.004000
elemwise_multiplication,151,0,22801,1,0.000000
addition,151,1,22801,2,0.000000
duplication,151,1,22801,2,0.000000
multiplication,151,1,6885902,8,0.003667
elemwise_multiplication,151,1,22801,2,0.000000
addition,152,0,23104,1,0.000000
duplication,152,0,23104,2,0.000000
multiplication,152,0,7023616,4,0.004000
elemwise_multiplication,152,0,23104,1,0.000000
addition,152,1,23104,1,0.000000
duplication,152,1,23104,1,0.000000
multiplication,152,1,7023616,8,0.003667
elemwise_multiplication,152,1,23104,2,0.000000
addition,153,0,23409,1,0.000000
duplication,153,0,23409,2,0.000000
multiplication,153,0,7163154,8,0.003667
elemwise_multiplication,153,0,23409,2,0.000000
addition,153,1,23409,1,0.000000
duplication,153,1,23409,1,0.000000
multiplication,153,1,7163154,8,0.004333
elemwise_multiplication,153,1,23409,1,0.000000
addition,154,0,23716,1,0.000333
duplication,154,0,23716,1,0.000000
multiplication,154,0,7304528,4,0.004667
elemwise_multiplication,154,0,23716,1,0.000333
addition,154,1,23716,1,0.000333
duplication,154,1,23716,1,0.000000
multiplication,154,1,7304528,8,0.003667
elemwise_multiplication,154,1,23716,1,0.000000
addition,155,0,24025,1,0.000000
duplication,155,0,24025,1,0.000000
multiplication,155,0,7447750,8,0.003667
elemwise_multiplication,155,0,24025,1,0.000000
addition,155,1,24025,2,0.000000
duplication,155,1,24025,1,0.000000
multiplication,155,1,7447750,8,0.006667
elemwise_multiplication,155,1,24025,1,0.000333
addition,156,0,24336,1,0.000333
duplication,156,0,24336,2,0.000333
multiplication,156,0,7592832,8,0.006667
elemwise_multiplication,156,0,24336,2,0.000000
addition,156,1,24336,1,0.000333
duplication,156,1,24336,2,0.000000
multiplication,156,1,7592832,8,0.004000
elemwise_multiplication,156,1,24336,1,0.000000
addition,157,0,24649,1,0.000000
duplication,157,0,24649,1,0.000000
multiplication,157,0,7739786,8,0.006667
elemwise_multiplication,157,0,24649,2,0.000000
addition,157,1,24649,2,0.000333
duplication,157,1,24649,1,0.000000
multiplication,157,1,7739786,8,0.004333
elemwise_multiplication,157,1,24649,1,0.000000
addition,158,0,24964,1,0.000000
duplication,158,0,24964,2,0.000000
multiplication,158,0,7888624,16,0.004000
elemwise_multiplication,158,0,24964,1,0.000000
addition,158,1,24964,1,0.000000
duplication,158,1,24964,1,0.000000
multiplication,158,1,7888624,8,0.004000
elemwise_multiplication,158,1,24964,1,0.000000
addition,159,0,25281,1,0.000000
duplication,159,0,25281,2,0.000000
multiplication,159,0,8039358,4,0.004333
elemwise_multiplication,159,0,25281,1,0.000000
addition,159,1,25281,1,0.000000
duplication,159,1,25281,1,0.000000
multiplication,159,1,8039358,8,0.006667
elemwise_multiplication,159,1,25281,1,0.000333
addition,160,0,25600,1,0.000000
duplication,160,0,25600,1,0.000000
multiplication,160,0,8192000,8,0.004000
elemwise_multiplication,160,0,25600,1,0.000000
addition,160,1,25600,1,0.000000
duplication,160,1,25600,1,0.000000
multiplication,160,1,8192000,8,0.004667
elemwise_multiplication,160,1,25600,1,0.000000
addition,161,0,25921,2,0.000000
duplication,161,0,25921,2,0.000000
multiplication,161,0,8346562,16,0.006667
elemwise_multiplication,161,0,25921,1,0.000000
addition,161,1,25921,2,0.000333
duplication,161,1,25921,2,0.000000
multiplication,161,1,8346562,16,0.004667
elemwise_multiplication,161,1,25921,2,0.000000
addition,162,0,26244,2,0.000000
duplication,162,0,26244,2,0.000000
multiplication,162,0,8503056,8,0.004667
elemwise_multiplication,162,0,26244,2,0.000000
addition,162,1,26244,1,0.000000
duplication,162,1,26244,2,0.000000
multiplication,162,1,8503056,16,0.007667
elemwise_multiplication,162,1,26244,1,0.000000
addition,163,0,26569,1,0.000333
duplication,163,0,26569,1,0.000000
multiplication,163,0,8661494,8,0.008333
elemwise_multiplication,163,0,26569,1,0.000000
addition,163,1,26569,1,0.000333
duplication,163,1,26569,1,0.000000
multiplication,163,1,8661494,8,0.013000
elemwise_multiplication,163,1,26569,1,0.000333
addition,164,0,26896,1,0.000333
duplication,164,0,26896,1,0.000333
multiplication,164,0,8821888,8,0.005333
elemwise_multiplication,164,0,26896,1,0.000000
addition,164,1,26896,2,0.000333
duplication,164,1,26896,1,0.000000
multiplication,164,1,8821888,8,0.004667
elemwise_multiplication,164,1,26896,2,0.000000
addition,165,0,27225,1,0.000000
duplication,165,0,27225,1,0.000000
multiplication,165,0,8984250,4,0.008000
elemwise_multiplication,165,0,27225,2,0.000333
addition,165,1,27225,1,0.000333
duplication,165,1,27225,1,0.000333
multiplication,165,1,8984250,8,0.004667
elemwise_multiplication,165,1,27225,1,0.000000
addition,166,0,27556,1,0.000000
duplication,166,0,27556,1,0.000000
multiplication,166,0,9148592,8,0.004333
elemwise_multiplication,166,0,27556,1,0.000000
addition,166,1,27556,1,0.000000
duplication,166,1,27556,1,0.000000
multiplication,166,1,9148592,16,0.005000
elemwise_multiplication,166,1,27556,1,0.000000
addition,167,0,27889,1,0.000000
duplication,167,0,27889,1,0.000000
multiplication,167,0,9314926,4,0.005000
elemwise_multiplication,167,0,27889,1,0.000000
addition,167,1,27889,2,0.000000
duplication,167,1,27889,1,0.000000
multiplication,167,1,9314926,16,0.004667
elemwise_multiplication,167,1,27889,2,0.000000
addition,168,0,28224,1,0.000000
duplication,168,0,28224,2,0.000000
multiplication,168,0,9483264,16,0.006333
elemwise_multiplication,168,0,28224,1,0.000000
addition,168,1,28224,1,0.000333
duplication,168,1,28224,1,0.000333
multiplication,168,1,9483264,8,0.006667
elemwise_multiplication,168,1,28224,2,0.000333
addition,169,0,28561,1,0.000000
duplication,169,0,28561,2,0.000000
multiplication,169,0,9653618,8,0.008667
elemwise_multiplication,169,0,28561,1,0.000000
addition,169,1,28561,1,0.000333
duplication,169,1,28561,1,0.000000
multiplication,169,1,9653618,16,0.008333
elemwise_multiplication,169,1,28561,1,0.000333
addition,170,0,28900,1,0.000333
duplication,170,0,28900,1,0.000000
multiplication,170,0,9826000,8,0.005000
elemwise_multiplication,170,0,28900,1,0.000000
addition,170,1,28900,1,0.000000
duplication,170,1,28900,2,0.000000
multiplication,170,1,9826000,16,0.005333
elemwise_multiplication,170,1,28900,2,0.000000
addition,171,0,29241,4,0.000000
duplication,171,0,29241,2,0.000000
multiplication,171,0,10000422,16,0.005667
elemwise_multiplication,171,0,29241,2,0.000000
addition,171,1,29241,2,0.000333
duplication,171,1,29241,2,0.000000
multiplication,171,1,10000422,8,0.006333
elemwise_multiplication,171,1,29241,2,0.000000
addition,172,0,29584,1,0.000333
duplication,172,0,29584,1,0.000000
multiplication,172,0,10176896,8,0.006000
elemwise_multiplication,172,0,29584,1,0.000000
addition,172,1,29584,1,0.000000
duplication,172,1,29584,1,0.000000
multiplication,172,1,10176896,8,0.007333
elemwise_multiplication,172,1,29584,2,0.000333
addition,173,0,29929,1,0.000333
duplication,173,0,29929,1,0.000000
multiplication,173,0,10355434,16,0.009667
elemwise_multiplication,173,0,29929,1,0.000333
addition,173,1,29929,2,0.000333
duplication,173,1,29929,1,0.000000
multiplication,173,1,10355434,8,0.009333
elemwise_multiplication,173,1,29929,1,0.000333
addition,174,0,30276,2,0.000333
duplication,174,0,30276,1,0.000333
multiplication,174,0,10536048,4,0.005000
elemwise_multiplication,174,0,30276,1,0.000000
addition,174,1,30276,1,0.000333
duplication,174,1,30276,2,0.000000
multiplication,174,1,10536048,16,0.009333
elemwise_multiplication,174,1,30276,1,0.000000
addition,175,0,30625,1,0.000333
duplication,175,0,30625,1,0.000000
multiplication,175,0,10718750,16,0.009333
elemwise_multiplication,175,0,30625,1,0.000333
addition,175,1,30625,2,0.000333
duplication,175,1,30625,1,0.000333
multiplication,175,1,10718750,4,0.016667
elemwise_multiplication,175,1,30625,1,0.000333
addition,176,0,30976,1,0.000333
duplication,176,0,30976,1,0.000000
multiplication,176,0,10903552,8,0.010333
elemwise_multiplication,176,0,30976,1,0.000333
addition,176,1,30976,1,0.000333
duplication,176,1,30976,1,0.000333
multiplication,176,1,10903552,8,0.009667
elemwise_multiplication,176,1,30976,1,0.000333
addition,177,0,31329,1,0.000333
duplication,177,0,31329,1,0.000000
multiplication,177,0,11090466,8,0.009667
elemwise_multiplication,177,0,31329,2,0.000333
addition,177,1,31329,1,0.000333
duplication,177,1,31329,1,0.000000
multiplication,177,1,11090466,8,0.009667
elemwise_multiplication,177,1,31329,2,0.000333
addition,178,0,31684,1,0.000333
duplication,178,0,31684,1,0.000000
multiplication,178,0,11279504,8,0.010000
elemwise_multiplication,178,0,31684,1,0.000000
addition,178,1,31684,1,0.000333
duplication,178,1,31684,1,0.000000
multiplication,178,1,11279504,8,0.010667
elemwise_multiplication,178,1,31684,1,0.000333
addition,179,0,32041,1,0.000333
duplication,179,0,32041,1,0.000000
multiplication,179,0,11470678,8,0.010000
elemwise_multiplication,179,0,32041,1,0.000000
addition,179,1,32041,1,0.000000
duplication,179,1,32041,1,0.000333
multiplication,179,1,11470678,8,0.010667
elemwise_multiplication,179,1,32041,1,0.000000
addition,180,0,32400,1,0.000333
duplication,180,0,32400,2,0.000333
multiplication,180,0,11664000,8,0.010000
elemwise_multiplication,180,0,32400,1,0.000000
addition,180,1,32400,2,0.000333
duplication,180,1,32400,2,0.000000
multiplication,180,1,11664000,8,0.010333
elemwise_multiplication,180,1,32400,2,0.000333
addition,181,0,32761,8,0.000333
duplication,181,0,32761,1,0.000333
multiplication,181,0,11859482,8,0.010000
elemwise_multiplication,181,0,32761,2,0.000000
addition,181,1,32761,1,0.000333
duplication,181,1,32761,2,0.000333
multiplication,181,1,11859482,8,0.011000
elemwise_multiplication,181,1,32761,1,0.000333
addition,182,0,33124,4,0.000333
duplication,182,0,33124,1,0.000000
multiplication,182,0,12057136,16,0.011333
elemwise_multiplication,182,0,33124,1,0.000000
addition,182,1,33124,1,0.000333
duplication,182,1,33124,1,0.000000
multiplication,182,1,12057136,8,0.011000
elemwise_multiplication,182,1,33124,2,0.000333
addition,183,0,33489,1,0.000333
duplication,183,0,33489,1,0.000000
multiplication,183,0,12256974,16,0.009667
elemwise_multiplication,183,0,33489,1,0.000000
addition,183,1,33489,1,0.000000
duplication,183,1,33489,1,0.000000
multiplication,183,1,12256974,8,0.011000
elemwise_multiplication,183,1,33489,1,0.000333
addition,184,0,33856,2,0.000333
duplication,184,0,33856,1,0.000333
multiplication,184,0,12459008,8,0.010333
elemwise_multiplication,184,0,33856,1,0.000333
addition,184,1,33856,1,0.000333
duplication,184,1,33856,1,0.000000
multiplication,184,1,12459008,8,0.012000
elemwise_multiplication,184,1,33856,2,0.000333
addition,185,0,34225,8,0.000333
duplication,185,0,34225,1,0.000333
multiplication,185,0,12663250,16,0.012000
elemwise_multiplication,185,0,34225,1,0.000333
addition,185,1,34225,1,0.000333
duplication,185,1,34225,1,0.000333
multiplication,185,1,12663250,8,0.011000
elemwise_multiplication,185,1,34225,1,0.000333
addition,186,0,34596,2,0.000333
duplication,186,0,34596,1,0.000000
multiplication,186,0,12869712,16,0.012000
elemwise_multiplication,186,0,34596,1,0.000000
addition,186,1,34596,2,0.000333
duplication,186,1,34596,2,0.000333
multiplication,186,1,12869712,16,0.012000
elemwise_multiplication,186,1,34596,2,0.000333
addition,187,0,34969,2,0.000333
duplication,187,0,34969,1,0.000000
multiplication,187,0,13078406,8,0.011000
elemwise_multiplication,187,0,34969,1,0.000000
addition,187,1,34969,1,0.000333
duplication,187,1,34969,1,0.000000
multiplication,187,1,13078406,16,0.012000
elemwise_multiplication,187,1,34969,1,0.000333
addition,188,0,35344,1,0.000333
duplication,188,0,35344,1,0.000333
multiplication,188,0,13289344,8,0.011333
elemwise_multiplication,188,0,35344,1,0.000333
addition,188,1,35344,1,0.000333
duplication,188,1,35344,1,0.000333
multiplication,188,1,13289344,16,0.012333
elemwise_multiplication,188,1,35344,1,0.000333
addition,189,0,35721,1,0.000333
duplication,189,0,35721,1,0.000333
multiplication,189,0,13502538,8,0.011333
elemwise_multiplication,189,0,35721,1,0.000333
addition,189,1,35721,1,0.000333
duplication,189,1,35721,1,0.000333
multiplication,189,1,13502538,8,0.012000
elemwise_multiplication,189,1,35721,1,0.000000
addition,190,0,36100,1,0.000333
duplication,190,0,36100,2,0.000333
multiplication,190,0,13718000,16,0.012000
elemwise_multiplication,190,0,36100,1,0.000000
addition,190,1,36100,1,0.000333
duplication,190,1,36100,1,0.000333
multiplication,190,1,13718000,16,0.012667
elemwise_multiplication,190,1,36100,1,0.000333
addition,191,0,36481,1,0.000333
duplication,191,0,36481,1,0.000000
multiplication,191,0,13935742,8,0.012000
elemwise_multiplication,191,0,36481,2,0.000333
addition,191,1,36481,8,0.000333
duplication,191,1,36481,1,0.000333
multiplication,191,1,13935742,16,0.012333
elemwise_multiplication,191,1,36481,1,0.000333
addition,192,0,36864,2,0.000333
duplication,192,0,36864,1,0.000333
multiplication,192,0,14155776,16,0.013333
elemwise_multiplication,192,0,36864,2,0.000333
addition,192,1,36864,1,0.000333
duplication,192,1,36864,1,0.000000
multiplication,192,1,14155776,8,0.013333
elemwise_multiplication,192,1,36864,1,0.000000
addition,193,0,37249,1,0.000333
duplication,193,0,37249,1,0.000000
multiplication,193,0,14378114,16,0.013000
elemwise_multiplication,193,0,37249,2,0.000333
addition,193,1,37249,8,0.000333
duplication,193,1,37249,1,0.000333
multiplication,193,1,14378114,8,0.013333
elemwise_multiplication,193,1,37249,1,0.000000
addition,194,0,37636,1,0.000333
duplication,194,0,37636,2,0.000333
multiplication,194,0,14602768,16,0.012667
elemwise_multiplication,194,0,37636,2,0.000333
addition,194,1,37636,1,0.000333
duplication,194,1,37636,1,0.000000
multiplication,194,1,14602768,16,0.013667
elemwise_multiplication,194,1,37636,1,0.000333
addition,195,0,38025,1,0.000333
duplication,195,0,38025,1,0.000000
multiplication,195,0,14829750,8,0.014333
elemwise_multiplication,195,0,38025,1,0.000000
addition,195,1,38025,1,0.000333
duplication,195,1,38025,1,0.000000
multiplication,195,1,14829750,8,0.015333
elemwise_multiplication,195,1,38025,1,0.000333
addition,196,0,38416,1,0.000333
duplication,196,0,38416,2,0.000000
multiplication,196,0,15059072,8,0.016000
elemwise_multiplication,196,0,38416,1,0.000333
addition,196,1,38416,1,0.000333
duplication,196,1,38416,1,0.000000
multiplication,196,1,15059072,16,0.013333
elemwise_multiplication,196,1,38416,1,0.000000
addition,197,0,38809,1,0.000333
duplication,197,0,38809,2,0.000333
multiplication,197,0,15290746,8,0.013000
elemwise_multiplication,197,0,38809,1,0.000333
addition,197,1,38809,1,0.000333
duplication,197,1,38809,1,0.000333
multiplication,197,1,15290746,16,0.014333
elemwise_multiplication,197,1,38809,1,0.000000
addition,198,0,39204,1,0.000333
duplication,198,0,39204,1,0.000000
multiplication,198,0,15524784,8,0.013000
elemwise_multiplication,198,0,39204,1,0.000333
addition,198,1,39204,1,0.000333
duplication,198,1,39204,1,0.000333
multiplication,198,1,15524784,8,0.013667
elemwise_multiplication,198,1,39204,1,0.000333
addition,199,0,39601,2,0.000333
duplication,199,0,39601,1,0.000000
multiplication,199,0,15761198,8,0.013667
elemwise_multiplication,199,0,39601,2,0.000333
addition,199,1,39601,2,0.000333
duplication,199,1,39601,1,0.000000
multiplication,199,1,15761198,8,0.014000
elemwise_multiplication,199,1,39601,1,0.000333
addition,200,0,40000,1,0.000333
duplication,200,0,40000,1,0.000333
multiplication,200,0,16000000,16,0.016333
elemwise_multiplication,200,0,40000,4,0.000000
addition,200,1,40000,2,0.000333
duplication,200,1,40000,1,0.000333
multiplication,200,1,16000000,16,0.014333
elemwise_multiplication,200,1,40000,1,0.000333
addition,201,0,40401,4,0.000000
duplication,201,0,40401,1,0.000333
multiplication,201,0,16241202,8,0.014000
elemwise_multiplication,201,0,40401,1,0.000000
addition,201,1,40401,1,0.000333
duplication,201,1,40401,1,0.000000
multiplication,201,1,16241202,8,0.014667
elemwise_multiplication,201,1,40401,1,0.000333
addition,202,0,40804,1,0.000333
duplication,202,0,40804,1,0.000333
multiplication,202,0,16484816,16,0.014333
elemwise_multiplication,202,0,40804,1,0.000333
addition,202,1,40804,1,0.000333
duplication,202,1,40804,1,0.000333
multiplication,202,1,16484816,8,0.014667
elemwise_multiplication,202,1,40804,1,0.000000
addition,203,0,41209,1,0.000333
duplication,203,0,41209,1,0.000333
multiplication,203,0,16730854,8,0.014667
elemwise_multiplication,203,0,41209,2,0.000333
addition,203,1,41209,1,0.000333
duplication,203,1,41209,1,0.000333
multiplication,203,1,16730854,16,0.014667
elemwise_multiplication,203,1,41209,1,0.000333
addition,204,0,41616,1,0.000333
duplication,204,0,41616,1,0.000000
multiplication,204,0,16979328,8,0.015000
elemwise_multiplication,204,0,41616,2,0.000333
addition,204,1,41616,2,0.000333
duplication,204,1,41616,1,0.000000
multiplication,204,1,16979328,8,0.014333
elemwise_multiplication,204,1,41616,2,0.000333
addition,205,0,42025,4,0.000333
duplication,205,0,42025,1,0.000333
multiplication,205,0,17230250,16,0.013000
elemwise_multiplication,205,0,42025,2,0.000000
addition,205,1,42025,1,0.000000
duplication,205,1,42025,1,0.000000
multiplication,205,1,17230250,16,0.014333
elemwise_multiplication,205,1,42025,1,0.000333
addition,206,0,42436,2,0.000333
duplication,206,0,42436,1,0.000000
multiplication,206,0,17483632,16,0.022333
elemwise_multiplication,206,0,42436,1,0.000333
addition,206,1,42436,1,0.000333
duplication,206,1,42436,1,0.000333
multiplication,206,1,17483632,8,0.015667
elemwise_multiplication,206,1,42436,1,0.000333
addition,207,0,42849,4,0.000000
duplication,207,0,42849,1,0.000333
multiplication,207,0,17739486,8,0.026000
elemwise_multiplication,207,0,42849,1,0.000667
addition,207,1,42849,1,0.000333
duplication,207,1,42849,1,0.000333
multiplication,207,1,17739486,8,0.017667
elemwise_multiplication,207,1,42849,1,0.000333
addition,208,0,43264,1,0.000333
duplication,208,0,43264,1,0.000333
multiplication,208,0,17997824,8,0.023333
elemwise_multiplication,208,0,43264,1,0.000333
addition,208,1,43264,2,0.000667
duplication,208,1,43264,1,0.000333
multiplication,208,1,17997824,8,0.016000
elemwise_multiplication,208,1,43264,1,0.000000
addition,209,0,43681,1,0.000333
duplication,209,0,43681,1,0.000000
multiplication,209,0,18258658,8,0.021667
elemwise_multiplication,209,0,43681,1,0.000333
addition,209,1,43681,1,0.000333
duplication,209,1,43681,1,0.000000
multiplication,209,1,18258658,8,0.017667
elemwise_multiplication,209,1,43681,1,0.000333
addition,210,0,44100,1,0.000333
duplication,210,0,44100,2,0.000333
multiplication,210,0,18522000,8,0.029667
elemwise_multiplication,210,0,44100,1,0.000333
addition,210,1,44100,2,0.000667
duplication,210,1,44100,1,0.000333
multiplication,210,1,18522000,16,0.018667
elemwise_multiplication,210,1,44100,2,0.000333
addition,211,0,44521,2,0.000333
duplication,211,0,44521,1,0.000333
multiplication,211,0,18787862,16,0.014333
elemwise_multiplication,211,0,44521,4,0.000000
addition,211,1,44521,1,0.000000
duplication,211,1,44521,1,0.000000
multiplication,211,1,18787862,16,0.020333
elemwise_multiplication,211,1,44521,1,0.000000
addition,212,0,44944,1,0.000333
duplication,212,0,44944,2,0.000333
multiplication,212,0,19056256,16,0.019667
elemwise_multiplication,212,0,44944,1,0.000333
addition,212,1,44944,1,0.000333
duplication,212,1,44944,1,0.000333
multiplication,212,1,19056256,16,0.019333
elemwise_multiplication,212,1,44944,1,0.000333
addition,213,0,45369,1,0.000000
duplication,213,0,45369,1,0.000000
multiplication,213,0,19327194,16,0.016667
elemwise_multiplication,213,0,45369,1,0.000333
addition,213,1,45369,1,0.000333
duplication,213,1,45369,1,0.000333
multiplication,213,1,19327194,16,0.014000
elemwise_multiplication,213,1,45369,1,0.000000
addition,214,0,45796,1,0.000333
duplication,214,0,45796,4,0.000000
multiplication,214,0,19600688,8,0.022667
elemwise_multiplication,214,0,45796,1,0.000000
addition,214,1,45796,1,0.000333
duplication,214,1,45796,1,0.000333
multiplication,214,1,19600688,8,0.023333
elemwise_multiplication,214,1,45796,2,0.000333
addition,215,0,46225,1,0.000333
duplication,215,0,46225,1,0.000333
multiplication,215,0,19876750,16,0.014667
elemwise_multiplication,215,0,46225,4,0.000000
addition,215,1,46225,1,0.000333
duplication,215,1,46225,4,0.000000
multiplication,215,1,19876750,16,0.016333
elemwise_multiplication,215,1,46225,1,0.000000
addition,216,0,46656,1,0.000000
duplication,216,0,46656,1,0.000000
multiplication,216,0,20155392,8,0.021667
elemwise_multiplication,216,0,46656,2,0.000333
addition,216,1,46656,2,0.000333
duplication,216,1,46656,1,0.000333
multiplication,216,1,20155392,8,0.015333
elemwise_multiplication,216,1,46656,2,0.000333
addition,217,0,47089,4,0.000000
duplication,217,0,47089,4,0.000000
multiplication,217,0,20436626,16,0.019000
elemwise_multiplication,217,0,47089,1,0.000000
addition,217,1,47089,1,0.000333
duplication,217,1,47089,2,0.000000
multiplication,217,1,20436626,16,0.016667
elemwise_multiplication,217,1,47089,4,0.000000
addition,218,0,47524,1,0.000000
duplication,218,0,47524,4,0.000000
multiplication,218,0,20720464,16,0.023000
elemwise_multiplication,218,0,47524,1,0.000333
addition,218,1,47524,1,0.000333
duplication,218,1,47524,1,0.000333
multiplication,218,1,20720464,16,0.018667
elemwise_multiplication,218,1,47524,1,0.000333
addition,219,0,47961,1,0.000333
duplication,219,0,47961,2,0.000333
multiplication,219,0,21006918,8,0.017000
elemwise_multiplication,219,0,47961,1,0.000333
addition,219,1,47961,1,0.000333
duplication,219,1,47961,1,0.000000
multiplication,219,1,21006918,16,0.024333
elemwise_multiplication,219,1,47961,1,0.000333
addition,220,0,48400,1,0.000333
duplication,220,0,48400,1,0.000333
multiplication,220,0,21296000,8,0.018667
elemwise_multiplication,220,0,48400,1,0.000000
addition,220,1,48400,1,0.000333
duplication,220,1,48400,8,0.000333
multiplication,220,1,21296000,16,0.019667
elemwise_multiplication,220,1,48400,1,0.000333
addition,221,0,48841,1,0.000333
duplication,221,0,48841,2,0.000333
multiplication,221,0,21587722,16,0.019333
elemwise_multiplication,221,0,48841,1,0.000333
addition,221,1,48841,1,0.000333
duplication,221,1,48841,1,0.000333
multiplication,221,1,21587722,8,0.020333
elemwise_multiplication,221,1,48841,1,0.000333
addition,222,0,49284,4,0.000333
duplication,222,0,49284,1,0.000333
multiplication,222,0,21882096,8,0.018667
elemwise_multiplication,222,0,49284,1,0.000333
addition,222,1,49284,1,0.000333
duplication,222,1,49284,2,0.000333
multiplication,222,1,21882096,8,0.019333
elemwise_multiplication,222,1,49284,1,0.000333
addition,223,0,49729,1,0.000333
duplication,223,0,49729,2,0.000333
multiplication,223,0,22179134,8,0.018333
elemwise_multiplication,223,0,49729,1,0.000333
addition,223,1,49729,1,0.000333
duplication,223,1,49729,1,0.000333
multiplication,223,1,22179134,8,0.019667
elemwise_multiplication,223,1,49729,1,0.000333
addition,224,0,50176,2,0.000333
duplication,224,0,50176,2,0.000333
multiplication,224,0,22478848,8,0.019333
elemwise_multiplication,224,0,50176,1,0.000000
addition,224,1,50176,2,0.000333
duplication,224,1,50176,1,0.000333
multiplication,224,1,22478848,8,0.019667
elemwise_multiplication,224,1,50176,1,0.000333
addition,225,0,50625,1,0.000333
duplication,225,0,50625,2,0.000333
multiplication,225,0,22781250,16,0.023000
elemwise_multiplication,225,0,50625,1,0.000000
addition,225,1,50625,4,0.000000
duplication,225,1,50625,1,0.000333
multiplication,225,1,22781250,16,0.020667
elemwise_multiplication,225,1,50625,2,0.000333
addition,226,0,51076,1,0.000333
duplication,226,0,51076,1,0.000333
multiplication,226,0,23086352,16,0.027667
elemwise_multiplication,226,0,51076,1,0.000000
addition,226,1,51076,1,0.000333
duplication,226,1,51076,1,0.000333
multiplication,226,1,23086352,8,0.021667
elemwise_multiplication,226,1,51076,2,0.000333
addition,227,0,51529,1,0.000333
duplication,227,0,51529,2,0.000333
multiplication,227,0,23394166,8,0.019333
elemwise_multiplication,227,0,51529,8,0.000000
addition,227,1,51529,1,0.000333
duplication,227,1,51529,1,0.000333
multiplication,227,1,23394166,8,0.020000
elemwise_multiplication,227,1,51529,1,0.000000
addition,228,0,51984,4,0.000333
duplication,228,0,51984,4,0.000000
multiplication,228,0,23704704,8,0.020333
elemwise_multiplication,228,0,51984,1,0.000333
addition,228,1,51984,1,0.000333
duplication,228,1,51984,1,0.000333
multiplication,228,1,23704704,16,0.020000
elemwise_multiplication,228,1,51984,1,0.000000
addition,229,0,52441,1,0.000333
duplication,229,0,52441,1,0.000000
multiplication,229,0,24017978,8,0.020333
elemwise_multiplication,229,0,52441,2,0.000333
addition,229,1,52441,2,0.000333
duplication,229,1,52441,1,0.000333
multiplication,229,1,24017978,16,0.021667
elemwise_multiplication,229,1,52441,1,0.000000
addition,230,0,52900,4,0.000333
duplication,230,0,52900,2,0.000333
multiplication,230,0,24334000,8,0.021333
elemwise_multiplication,230,0,52900,2,0.000333
addition,230,1,52900,4,0.000333
duplication,230,1,52900,2,0.000333
multiplication,230,1,24334000,8,0.021667
elemwise_multiplication,230,1,52900,2,0.000333
addition,231,0,53361,2,0.000333
duplication,231,0,53361,1,0.000333
multiplication,231,0,24652782,8,0.021000
elemwise_multiplication,231,0,53361,1,0.000333
addition,231,1,53361,4,0.000333
duplication,231,1,53361,2,0.000333
multiplication,231,1,24652782,8,0.021333
elemwise_multiplication,231,1,53361,2,0.000333
addition,232,0,53824,1,0.000333
duplication,232,0,53824,1,0.000333
multiplication,232,0,24974336,8,0.020667
elemwise_multiplication,232,0,53824,1,0.000333
addition,232,1,53824,1,0.000333
duplication,232,1,53824,2,0.000333
multiplication,232,1,24974336,8,0.021333
elemwise_multiplication,232,1,53824,1,0.000333
addition,233,0,54289,4,0.000333
duplication,233,0,54289,1,0.000333
multiplication,233,0,25298674,8,0.022000
elemwise_multiplication,233,0,54289,1,0.000333
addition,233,1,54289,1,0.000333
duplication,233,1,54289,1,0.000333
multiplication,233,1,25298674,8,0.022667
elemwise_multiplication,233,1,54289,4,0.000333
addition,234,0,54756,2,0.000333
duplication,234,0,54756,1,0.000333
multiplication,234,0,25625808,8,0.028667
elemwise_multiplication,234,0,54756,1,0.000333
addition,234,1,54756,2,0.000333
duplication,234,1,54756,1,0.000333
multiplication,234,1,25625808,8,0.027667
elemwise_multiplication,234,1,54756,1,0.000333
addition,235,0,55225,2,0.000333
duplication,235,0,55225,4,0.000333
multiplication,235,0,25955750,16,0.024333
elemwise_multiplication,235,0,55225,1,0.000333
addition,235,1,55225,1,0.000333
duplication,235,1,55225,8,0.000333
multiplication,235,1,25955750,16,0.027333
elemwise_multiplication,235,1,55225,2,0.000333
addition,236,0,55696,4,0.000333
duplication,236,0,55696,1,0.000333
multiplication,236,0,26288512,16,0.021000
elemwise_multiplication,236,0,55696,8,0.000000
addition,236,1,55696,4,0.000000
duplication,236,1,55696,4,0.000000
multiplication,236,1,26288512,16,0.024000
elemwise_multiplication,236,1,55696,1,0.000333
addition,237,0,56169,1,0.000333
duplication,237,0,56169,1,0.000333
multiplication,237,0,26624106,16,0.024667
elemwise_multiplication,237,0,56169,2,0.000333
addition,237,1,56169,1,0.000333
duplication,237,1,56169,1,0.000333
multiplication,237,1,26624106,16,0.025000
elemwise_multiplication,237,1,56169,1,0.000000
addition,238,0,56644,1,0.000333
duplication,238,0,56644,2,0.000333
multiplication,238,0,26962544,16,0.021000
elemwise_multiplication,238,0,56644,2,0.000333
addition,238,1,56644,1,0.000333
duplication,238,1,56644,4,0.000000
multiplication,238,1,26962544,16,0.021000
elemwise_multiplication,238,1,56644,2,0.000000
addition,239,0,57121,2,0.000333
duplication,239,0,57121,2,0.000333
multiplication,239,0,27303838,16,0.021000
elemwise_multiplication,239,0,57121,4,0.000000
addition,239,1,57121,1,0.000333
duplication,239,1,57121,1,0.000000
multiplication,239,1,27303838,16,0.028000
elemwise_multiplication,239,1,57121,1,0.000000
addition,240,0,57600,8,0.000000
duplication,240,0,57600,4,0.000000
multiplication,240,0,27648000,16,0.027667
elemwise_multiplication,240,0,57600,2,0.000000
addition,240,1,57600,1,0.000333
duplication,240,1,57600,1,0.000000
multiplication,240,1,27648000,16,0.024333
elemwise_multiplication,240,1,57600,1,0.000000
addition,241,0,58081,4,0.000000
duplication,241,0,58081,2,0.000000
multiplication,241,0,27995042,16,0.030667
elemwise_multiplication,241,0,58081,4,0.000000
addition,241,1,58081,1,0.000333
duplication,241,1,58081,1,0.000000
multiplication,241,1,27995042,16,0.030333
elemwise_multiplication,241,1,58081,8,0.000000
addition,242,0,58564,4,0.000333
duplication,242,0,58564,1,0.000333
multiplication,242,0,28344976,8,0.021333
elemwise_multiplication,242,0,58564,1,0.000333
addition,242,1,58564,1,0.000333
duplication,242,1,58564,1,0.000333
multiplication,242,1,28344976,8,0.028667
elemwise_multiplication,242,1,58564,1,0.000000
addition,243,0,59049,1,0.000333
duplication,243,0,59049,4,0.000000
multiplication,243,0,28697814,16,0.020000
elemwise_multiplication,243,0,59049,1,0.000000
addition,243,1,59049,4,0.000000
duplication,243,1,59049,1,0.000000
multiplication,243,1,28697814,16,0.025000
elemwise_multiplication,243,1,59049,1,0.000000
addition,244,0,59536,8,0.000000
duplication,244,0,59536,4,0.000000
multiplication,244,0,29053568,16,0.020333
elemwise_multiplication,244,0,59536,2,0.000000
addition,244,1,59536,1,0.000333
duplication,244,1,59536,4,0.000000
multiplication,244,1,29053568,16,0.026667
elemwise_multiplication,244,1,59536,1,0.000333
addition,245,0,60025,1,0.000333
duplication,245,0,60025,1,0.000333
multiplication,245,0,29412250,8,0.021333
elemwise_multiplication,245,0,60025,4,0.000000
addition,245,1,60025,1,0.000333
duplication,245,1,60025,1,0.000333
multiplication,245,1,29412250,16,0.016000
elemwise_multiplication,245,1,60025,4,0.000000
addition,246,0,60516,4,0.000000
duplication,246,0,60516,2,0.000000
multiplication,246,0,29773872,16,0.016667
elemwise_multiplication,246,0,60516,2,0.000000
addition,246,1,60516,8,0.000000
duplication,246,1,60516,2,0.000000
multiplication,246,1,29773872,16,0.020333
elemwise_multiplication,246,1,60516,2,0.000000
addition,247,0,61009,1,0.000333
duplication,247,0,61009,2,0.000000
multiplication,247,0,30138446,8,0.016667
elemwise_multiplication,247,0,61009,1,0.000333
addition,247,1,61009,1,0.000333
duplication,247,1,61009,1,0.000333
multiplication,247,1,30138446,16,0.018333
elemwise_multiplication,247,1,61009,4,0.000000
addition,248,0,61504,2,0.000333
duplication,248,0,61504,1,0.000333
multiplication,248,0,30505984,16,0.019000
elemwise_multiplication,248,0,61504,1,0.000333
addition,248,1,61504,4,0.000333
duplication,248,1,61504,4,0.000000
multiplication,248,1,30505984,16,0.024000
elemwise_multiplication,248,1,61504,4,0.000333
addition,249,0,62001,2,0.000333
duplication,249,0,62001,1,0.000333
multiplication,249,0,30876498,16,0.019667
elemwise_multiplication,249,0,62001,4,0.000000
addition,249,1,62001,1,0.000333
duplication,249,1,62001,4,0.000000
multiplication,249,1,30876498,8,0.026000
elemwise_multiplication,249,1,62001,1,0.000333
addition,250,0,62500,8,0.000333
duplication,250,0,62500,2,0.000333
multiplication,250,0,31250000,16,0.026333
elemwise_multiplication,250,0,62500,1,0.000333
addition,250,1,62500,4,0.000000
duplication,250,1,62500,1,0.000000
multiplication,250,1,31250000,16,0.026667
elemwise_multiplication,250,1,62500,1,0.000000
addition,251,0,63001,2,0.000333
duplication,251,0,63001,2,0.000000
multiplication,251,0,31626502,16,0.021667
elemwise_multiplication,251,0,63001,1,0.000000
addition,251,1,63001,1,0.000333
duplication,251,1,63001,1,0.000000
multiplication,251,1,31626502,8,0.019333
elemwise_multiplication,251,1,63001,1,0.000000
addition,252,0,63504,1,0.000333
duplication,252,0,63504,1,0.000000
multiplication,252,0,32006016,8,0.020333
elemwise_multiplication,252,0,63504,1,0.000333
addition,252,1,63504,2,0.000333
duplication,252,1,63504,8,0.000000
multiplication,252,1,32006016,16,0.017667
elemwise_multiplication,252,1,63504,1,0.000000
addition,253,0,64009,1,0.000333
duplication,253,0,64009,8,0.000000
multiplication,253,0,32388554,8,0.018000
elemwise_multiplication,253,0,64009,4,0.000000
addition,253,1,64009,4,0.000000
duplication,253,1,64009,1,0.000000
multiplication,253,1,32388554,16,0.019333
elemwise_multiplication,253,1,64009,4,0.000000
addition,254,0,64516,1,0.000333
duplication,254,0,64516,8,0.000000
multiplication,254,0,32774128,8,0.018667
elemwise_multiplication,254,0,64516,1,0.000000
addition,254,1,64516,1,0.000333
duplication,254,1,64516,4,0.000000
multiplication,254,1,32774128,8,0.022667
elemwise_multiplication,254,1,64516,2,0.000333
addition,255,0,65025,8,0.000333
duplication,255,0,65025,1,0.000333
multiplication,255,0,33162750,8,0.018667
elemwise_multiplication,255,0,65025,4,0.000000
addition,255,1,65025,4,0.000000
duplication,255,1,65025,4,0.000000
multiplication,255,1,33162750,16,0.018333
elemwise_multiplication,255,1,65025,1,0.000333
addition,256,0,65536,4,0.000000
duplication,256,0,65536,1,0.000000
multiplication,256,0,33554432,16,0.030000
elemwise_multiplication,256,0,65536,8,0.000000
addition,256,1,65536,4,0.000000
duplication,256,1,65536,1,0.000000
multiplication,256,1,33554432,16,0.019667
elemwise_multiplication,256,1,65536,4,0.000000
addition,257,0,66049,1,0.000333
duplication,257,0,66049,4,0.000000
multiplication,257,0,33949186,8,0.017333
elemwise_multiplication,257,0,66049,2,0.000000
addition,257,1,66049,1,0.000333
duplication,257,1,66049,1,0.000333
multiplication,257,1,33949186,8,0.018000
elemwise_multiplication,257,1,66049,1,0.000000
addition,258,0,66564,2,0.000333
duplication,258,0,66564,4,0.000000
multiplication,258,0,34347024,16,0.026667
elemwise_multiplication,258,0,66564,4,0.000000
addition,258,1,66564,4,0.000000
duplication,258,1,66564,2,0.000000
multiplication,258,1,34347024,8,0.018000
elemwise_multiplication,258,1,66564,8,0.000000
addition,259,0,67081,4,0.000000
duplication,259,0,67081,1,0.000000
multiplication,259,0,34747958,8,0.017667
elemwise_multiplication,259,0,67081,4,0.000000
addition,259,1,67081,4,0.000000
duplication,259,1,67081,4,0.000000
multiplication,259,1,34747958,16,0.018667
elemwise_multiplication,259,1,67081,8,0.000000
addition,260,0,67600,4,0.000000
duplication,260,0,67600,2,0.000000
multiplication,260,0,35152000,8,0.022333
elemwise_multiplication,260,0,67600,8,0.000000
addition,260,1,67600,2,0.000333
duplication,260,1,67600,8,0.000000
multiplication,260,1,35152000,16,0.028000
elemwise_multiplication,260,1,67600,1,0.000333
addition,261,0,68121,8,0.000333
duplication,261,0,68121,1,0.000333
multiplication,261,0,35559162,8,0.019000
elemwise_multiplication,261,0,68121,4,0.000333
addition,261,1,68121,1,0.000333
duplication,261,1,68121,1,0.000000
multiplication,261,1,35559162,16,0.018667
elemwise_multiplication,261,1,68121,1,0.000000
addition,262,0,68644,4,0.000000
duplication,262,0,68644,1,0.000000
multiplication,262,0,35969456,16,0.018333
elemwise_multiplication,262,0,68644,4,0.000000
addition,262,1,68644,1,0.000333
duplication,262,1,68644,2,0.000000
multiplication,262,1,35969456,8,0.018667
elemwise_multiplication,262,1,68644,4,0.000000
addition,263,0,69169,1,0.000333
duplication,263,0,69169,2,0.000000
multiplication,263,0,36382894,16,0.018333
elemwise_multiplication,263,0,69169,2,0.000000
addition,263,1,69169,8,0.000000
duplication,263,1,69169,2,0.000000
multiplication,263,1,36382894,8,0.019667
elemwise_multiplication,263,1,69169,1,0.000000
addition,264,0,69696,4,0.000000
duplication,264,0,69696,1,0.000000
multiplication,264,0,36799488,16,0.018333
elemwise_multiplication,264,0,69696,8,0.000000
addition,264,1,69696,4,0.000000
duplication,264,1,69696,1,0.000000
multiplication,264,1,36799488,16,0.020000
elemwise_multiplication,264,1,69696,8,0.000000
addition,265,0,70225,8,0.000000
duplication,265,0,70225,4,0.000000
multiplication,265,0,37219250,8,0.018667
elemwise_multiplication,265,0,70225,4,0.000000
addition,265,1,70225,1,0.000333
duplication,265,1,70225,1,0.000000
multiplication,265,1,37219250,16,0.019333
elemwise_multiplication,265,1,70225,1,0.000000
addition,266,0,70756,1,0.000333
duplication,266,0,70756,8,0.000000
multiplication,266,0,37642192,16,0.019333
elemwise_multiplication,266,0,70756,1,0.000000
addition,266,1,70756,4,0.000000
duplication,266,1,70756,1,0.000000
multiplication,266,1,37642192,16,0.019667
elemwise_multiplication,266,1,70756,4,0.000000
addition,267,0,71289,1,0.000333
duplication,267,0,71289,2,0.000000
multiplication,267,0,38068326,8,0.019333
elemwise_multiplication,267,0,71289,2,0.000000
addition,267,1,71289,1,0.000333
duplication,267,1,71289,4,0.000000
multiplication,267,1,38068326,8,0.023333
elemwise_multiplication,267,1,71289,4,0.000000
addition,268,0,71824,2,0.000333
duplication,268,0,71824,1,0.000000
multiplication,268,0,38497664,16,0.019333
elemwise_multiplication,268,0,71824,1,0.000000
addition,268,1,71824,2,0.000333
duplication,268,1,71824,2,0.000000
multiplication,268,1,38497664,8,0.021000
elemwise_multiplication,268,1,71824,2,0.000000
addition,269,0,72361,4,0.000000
duplication,269,0,72361,1,0.000000
multiplication,269,0,38930218,8,0.022333
elemwise_multiplication,269,0,72361,4,0.000000
addition,269,1,72361,4,0.000000
duplication,269,1,72361,1,0.000000
multiplication,269,1,38930218,8,0.024000
elemwise_multiplication,269,1,72361,4,0.000000
addition,270,0,72900,1,0.000333
duplication,270,0,72900,4,0.000000
multiplication,270,0,39366000,8,0.021667
elemwise_multiplication,270,0,72900,1,0.000000
addition,270,1,72900,8,0.000000
duplication,270,1,72900,8,0.000000
multiplication,270,1,39366000,8,0.022000
elemwise_multiplication,270,1,72900,1,0.000333
addition,271,0,73441,2,0.000333
duplication,271,0,73441,4,0.000000
multiplication,271,0,39805022,16,0.021000
elemwise_multiplication,271,0,73441,2,0.000000
addition,271,1,73441,8,0.000000
duplication,271,1,73441,4,0.000000
multiplication,271,1,39805022,8,0.021333
elemwise_multiplication,271,1,73441,8,0.000000
addition,272,0,73984,1,0.000333
duplication,272,0,73984,8,0.000000
multiplication,272,0,40247296,8,0.019667
elemwise_multiplication,272,0,73984,8,0.000000
addition,272,1,73984,1,0.000000
duplication,272,1,73984,8,0.000000
multiplication,272,1,40247296,16,0.020667
elemwise_multiplication,272,1,73984,1,0.000000
addition,273,0,74529,4,0.000000
duplication,273,0,74529,1,0.000000
multiplication,273,0,40692834,8,0.028667
elemwise_multiplication,273,0,74529,2,0.000000
addition,273,1,74529,1,0.000333
duplication,273,1,74529,4,0.000000
multiplication,273,1,40692834,8,0.029667
elemwise_multiplication,273,1,74529,1,0.000333
addition,274,0,75076,8,0.000000
duplication,274,0,75076,4,0.000000
multiplication,274,0,41141648,8,0.021333
elemwise_multiplication,274,0,75076,8,0.000000
addition,274,1,75076,8,0.000000
duplication,274,1,75076,2,0.000000
multiplication,274,1,41141648,8,0.021667
elemwise_multiplication,274,1,75076,4,0.000000
addition,275,0,75625,2,0.000333
duplication,275,0,75625,8,0.000000
multiplication,275,0,41593750,8,0.021333
elemwise_multiplication,275,0,75625,2,0.000000
addition,275,1,75625,2,0.000333
duplication,275,1,75625,4,0.000000
multiplication,275,1,41593750,8,0.023333
elemwise_multiplication,275,1,75625,2,0.000333
addition,276,0,76176,1,0.000333
duplication,276,0,76176,4,0.000000
multiplication,276,0,42049152,8,0.022000
elemwise_multiplication,276,0,76176,1,0.000000
addition,276,1,76176,2,0.000333
duplication,276,1,76176,8,0.000000
multiplication,276,1,42049152,16,0.022667
elemwise_multiplication,276,1,76176,2,0.000000
addition,277,0,76729,1,0.000333
duplication,277,0,76729,4,0.000000
multiplication,277,0,42507866,8,0.022333
elemwise_multiplication,277,0,76729,1,0.000000
addition,277,1,76729,4,0.000000
duplication,277,1,76729,1,0.000000
multiplication,277,1,42507866,8,0.023000
elemwise_multiplication,277,1,76729,2,0.000333
addition,278,0,77284,4,0.000333
duplication,278,0,77284,4,0.000000
multiplication,278,0,42969904,8,0.022667
elemwise_multiplication,278,0,77284,2,0.000000
addition,278,1,77284,4,0.000000
duplication,278,1,77284,1,0.000000
multiplication,278,1,42969904,8,0.023333
elemwise_multiplication,278,1,77284,2,0.000000
addition,279,0,77841,1,0.000333
duplication,279,0,77841,4,0.000000
multiplication,279,0,43435278,8,0.023333
elemwise_multiplication,279,0,77841,2,0.000333
addition,279,1,77841,1,0.000333
duplication,279,1,77841,2,0.000333
multiplication,279,1,43435278,8,0.023000
elemwise_multiplication,279,1,77841,4,0.000000
addition,280,0,78400,1,0.000333
duplication,280,0,78400,1,0.000000
multiplication,280,0,43904000,8,0.022667
elemwise_multiplication,280,0,78400,1,0.000000
addition,280,1,78400,4,0.000000
duplication,280,1,78400,2,0.000000
multiplication,280,1,43904000,8,0.022667
elemwise_multiplication,280,1,78400,8,0.000000
addition,281,0,78961,8,0.000000
duplication,281,0,78961,8,0.000000
multiplication,281,0,44376082,8,0.023000
elemwise_multiplication,281,0,78961,4,0.000000
addition,281,1,78961,2,0.000333
duplication,281,1,78961,4,0.000000
multiplication,281,1,44376082,8,0.023667
elemwise_multiplication,281,1,78961,8,0.000000
addition,282,0,79524,4,0.000000
duplication,282,0,79524,4,0.000000
multiplication,282,0,44851536,16,0.026667
elemwise_multiplication,282,0,79524,8,0.000000
addition,282,1,79524,8,0.000000
duplication,282,1,79524,4,0.000000
multiplication,282,1,44851536,16,0.026667
elemwise_multiplication,282,1,79524,8,0.000000
addition,283,0,80089,1,0.000333
duplication,283,0,80089,2,0.000333
multiplication,283,0,45330374,8,0.023667
elemwise_multiplication,283,0,80089,1,0.000000
addition,283,1,80089,1,0.000333
duplication,283,1,80089,1,0.000000
multiplication,283,1,45330374,8,0.025000
elemwise_multiplication,283,1,80089,8,0.000000
addition,284,0,80656,8,0.000000
duplication,284,0,80656,4,0.000000
multiplication,284,0,45812608,8,0.023667
elemwise_multiplication,284,0,80656,4,0.000000
addition,284,1,80656,2,0.000000
duplication,284,1,80656,2,0.000000
multiplication,284,1,45812608,8,0.024000
elemwise_multiplication,284,1,80656,2,0.000000
addition,285,0,81225,2,0.000333
duplication,285,0,81225,4,0.000000
multiplication,285,0,46298250,8,0.024333
elemwise_multiplication,285,0,81225,4,0.000000
addition,285,1,81225,4,0.000000
duplication,285,1,81225,1,0.000000
multiplication,285,1,46298250,16,0.026333
elemwise_multiplication,285,1,81225,8,0.000000
addition,286,0,81796,4,0.000000
duplication,286,0,81796,4,0.000000
multiplication,286,0,46787312,8,0.025333
elemwise_multiplication,286,0,81796,2,0.000000
addition,286,1,81796,1,0.000333
duplication,286,1,81796,8,0.000000
multiplication,286,1,46787312,16,0.026333
elemwise_multiplication,286,1,81796,8,0.000000
addition,287,0,82369,1,0.000333
duplication,287,0,82369,2,0.000333
multiplication,287,0,47279806,8,0.024333
elemwise_multiplication,287,0,82369,4,0.000000
addition,287,1,82369,1,0.000333
duplication,287,1,82369,8,0.000000
multiplication,287,1,47279806,16,0.025333
elemwise_multiplication,287,1,82369,4,0.000000
addition,288,0,82944,1,0.000333
duplication,288,0,82944,2,0.000333
multiplication,288,0,47775744,8,0.025000
elemwise_multiplication,288,0,82944,4,0.000000
addition,288,1,82944,4,0.000000
duplication,288,1,82944,2,0.000333
multiplication,288,1,47775744,8,0.026000
elemwise_multiplication,288,1,82944,1,0.000000
addition,289,0,83521,1,0.000333
duplication,289,0,83521,8,0.000000
multiplication,289,0,48275138,8,0.025667
elemwise_multiplication,289,0,83521,2,0.000000
addition,289,1,83521,1,0.000333
duplication,289,1,83521,8,0.000000
multiplication,289,1,48275138,8,0.029667
elemwise_multiplication,289,1,83521,2,0.000333
addition,290,0,84100,2,0.000333
duplication,290,0,84100,8,0.000000
multiplication,290,0,48778000,8,0.028333
elemwise_multiplication,290,0,84100,2,0.000000
addition,290,1,84100,1,0.000333
duplication,290,1,84100,2,0.000000
multiplication,290,1,48778000,16,0.031000
elemwise_multiplication,290,1,84100,2,0.000333
addition,291,0,84681,1,0.000333
duplication,291,0,84681,4,0.000000
multiplication,291,0,49284342,8,0.026000
elemwise_multiplication,291,0,84681,4,0.000000
addition,291,1,84681,4,0.000000
duplication,291,1,84681,8,0.000000
multiplication,291,1,49284342,8,0.026667
elemwise_multiplication,291,1,84681,4,0.000000
addition,292,0,85264,1,0.000333
duplication,292,0,85264,8,0.000000
multiplication,292,0,49794176,8,0.025000
elemwise_multiplication,292,0,85264,8,0.000000
addition,292,1,85264,1,0.000333
duplication,292,1,85264,4,0.000000
multiplication,292,1,49794176,8,0.026000
elemwise_multiplication,292,1,85264,4,0.000000
addition,293,0,85849,4,0.000000
duplication,293,0,85849,4,0.000000
multiplication,293,0,50307514,8,0.026333
elemwise_multiplication,293,0,85849,2,0.000000
addition,293,1,85849,2,0.000333
duplication,293,1,85849,1,0.000000
multiplication,293,1,50307514,8,0.026667
elemwise_multiplication,293,1,85849,1,0.000333
addition,294,0,86436,1,0.000333
duplication,294,0,86436,8,0.000000
multiplication,294,0,50824368,8,0.026667
elemwise_multiplication,294,0,86436,1,0.000333
addition,294,1,86436,1,0.000333
duplication,294,1,86436,8,0.000000
multiplication,294,1,50824368,16,0.027000
elemwise_multiplication,294,1,86436,2,0.000333
addition,295,0,87025,4,0.000000
duplication,295,0,87025,1,0.000333
multiplication,295,0,51344750,8,0.027333
elemwise_multiplication,295,0,87025,8,0.000000
addition,295,1,87025,4,0.000000
duplication,295,1,87025,2,0.000000
multiplication,295,1,51344750,8,0.028333
elemwise_multiplication,295,1,87025,2,0.000000
addition,296,0,87616,4,0.000000
duplication,296,0,87616,2,0.000000
multiplication,296,0,51868672,8,0.027667
elemwise_multiplication,296,0,87616,4,0.000000
addition,296,1,87616,4,0.000000
duplication,296,1,87616,4,0.000000
multiplication,296,1,51868672,8,0.028667
elemwise_multiplication,296,1,87616,4,0.000000
addition,297,0,88209,1,0.000333
duplication,297,0,88209,1,0.000000
multiplication,297,0,52396146,8,0.027333
elemwise_multiplication,297,0,88209,4,0.000000
addition,297,1,88209,2,0.000333
duplication,297,1,88209,8,0.000000
multiplication,297,1,52396146,8,0.028333
elemwise_multiplication,297,1,88209,8,0.000000
addition,298,0,88804,1,0.000333
duplication,298,0,88804,4,0.000000
multiplication,298,0,52927184,16,0.031667
elemwise_multiplication,298,0,88804,4,0.000000
addition,298,1,88804,4,0.000000
duplication,298,1,88804,8,0.000000
multiplication,298,1,52927184,16,0.035000
elemwise_multiplication,298,1,88804,4,0.000000
addition,299,0,89401,4,0.000333
duplication,299,0,89401,8,0.000000
multiplication,299,0,53461798,8,0.028000
elemwise_multiplication,299,0,89401,4,0.000000
addition,299,1,89401,4,0.000000
duplication,299,1,89401,8,0.000000
multiplication,299,1,53461798,8,0.028333
elemwise_multiplication,299,1,89401,2,0.000333
addition,300,0,90000,1,0.000333
duplication,300,0,90000,1,0.000000
multiplication,300,0,54000000,16,0.029333
elemwise_multiplication,300,0,90000,1,0.000000
addition,300,1,90000,1,0.000333
duplication,300,1,90000,2,0.000333
multiplication,300,1,54000000,8,0.029333
elemwise_multiplication,300,1,90000,8,0.000000
addition,301,0,90601,1,0.000333
duplication,301,0,90601,8,0.000000
multiplication,301,0,54541802,16,0.029000
elemwise_multiplication,301,0,90601,8,0.000000
addition,301,1,90601,1,0.000333
duplication,301,1,90601,8,0.000000
multiplication,301,1,54541802,8,0.029667
elemwise_multiplication,301,1,90601,1,0.000000
addition,302,0,91204,1,0.000333
duplication,302,0,91204,4,0.000000
multiplication,302,0,55087216,8,0.029333
elemwise_multiplication,302,0,91204,8,0.000000
addition,302,1,91204,2,0.000333
duplication,302,1,91204,4,0.000000
multiplication,302,1,55087216,8,0.030000
elemwise_multiplication,302,1,91204,4,0.000000
addition,303,0,91809,4,0.000333
duplication,303,0,91809,1,0.000333
multiplication,303,0,55636254,16,0.029667
elemwise_multiplication,303,0,91809,4,0.000000
addition,303,1,91809,2,0.000333
duplication,303,1,91809,4,0.000000
multiplication,303,1,55636254,8,0.030000
elemwise_multiplication,303,1,91809,1,0.000333
addition,304,0,92416,1,0.000333
duplication,304,0,92416,2,0.000333
multiplication,304,0,56188928,16,0.029333
elemwise_multiplication,304,0,92416,4,0.000000
addition,304,1,92416,1,0.000333
duplication,304,1,92416,2,0.000000
multiplication,304,1,56188928,8,0.029333
elemwise_multiplication,304,1,92416,1,0.000333
addition,305,0,93025,1,0.000333
duplication,305,0,93025,4,0.000000
multiplication,305,0,56745250,8,0.029333
elemwise_multiplication,305,0,93025,4,0.000000
addition,305,1,93025,1,0.000333
duplication,305,1,93025,2,0.000333
multiplication,305,1,56745250,8,0.030000
elemwise_multiplication,305,1,93025,8,0.000000
addition,306,0,93636,1,0.000333
duplication,306,0,93636,4,0.000000
multiplication,306,0,57305232,16,0.030333
elemwise_multiplication,306,0,93636,1,0.000333
addition,306,1,93636,2,0.000333
duplication,306,1,93636,1,0.000333
multiplication,306,1,57305232,16,0.030333
elemwise_multiplication,306,1,93636,2,0.000333
addition,307,0,94249,2,0.000333
duplication,307,0,94249,2,0.000000
multiplication,307,0,57868886,8,0.031667
elemwise_multiplication,307,0,94249,4,0.000000
addition,307,1,94249,1,0.000333
duplication,307,1,94249,2,0.000333
multiplication,307,1,57868886,16,0.031667
elemwise_multiplication,307,1,94249,8,0.000000
addition,308,0,94864,4,0.000000
duplication,308,0,94864,8,0.000000
multiplication,308,0,58436224,16,0.031667
elemwise_multiplication,308,0,94864,4,0.000000
addition,308,1,94864,4,0.000000
duplication,308,1,94864,8,0.000000
multiplication,308,1,58436224,16,0.032000
elemwise_multiplication,308,1,94864,1,0.000333
addition,309,0,95481,8,0.000000
duplication,309,0,95481,2,0.000000
multiplication,309,0,59007258,16,0.036333
elemwise_multiplication,309,0,95481,8,0.000000
addition,309,1,95481,2,0.000333
duplication,309,1,95481,1,0.000333
multiplication,309,1,59007258,8,0.036333
elemwise_multiplication,309,1,95481,1,0.000333
addition,310,0,96100,4,0.000000
duplication,310,0,96100,8,0.000000
multiplication,310,0,59582000,8,0.032000
elemwise_multiplication,310,0,96100,2,0.000333
addition,310,1,96100,2,0.000333
duplication,310,1,96100,4,0.000000
multiplication,310,1,59582000,8,0.033000
elemwise_multiplication,310,1,96100,4,0.000000
addition,311,0,96721,4,0.000333
duplication,311,0,96721,4,0.000000
multiplication,311,0,60160462,8,0.032000
elemwise_multiplication,311,0,96721,4,0.000000
addition,311,1,96721,1,0.000333
duplication,311,1,96721,1,0.000333
multiplication,311,1,60160462,8,0.032667
elemwise_multiplication,311,1,96721,8,0.000000
addition,312,0,97344,4,0.000000
duplication,312,0,97344,4,0.000000
multiplication,312,0,60742656,8,0.030667
elemwise_multiplication,312,0,97344,4,0.000000
addition,312,1,97344,2,0.000333
duplication,312,1,97344,1,0.000333
multiplication,312,1,60742656,8,0.032667
elemwise_multiplication,312,1,97344,1,0.000000
addition,313,0,97969,4,0.000000
duplication,313,0,97969,1,0.000333
multiplication,313,0,61328594,16,0.032333
elemwise_multiplication,313,0,97969,1,0.000333
addition,313,1,97969,8,0.000000
duplication,313,1,97969,1,0.000333
multiplication,313,1,61328594,8,0.032667
elemwise_multiplication,313,1,97969,8,0.000000
addition,314,0,98596,1,0.000333
duplication,314,0,98596,2,0.000333
multiplication,314,0,61918288,8,0.032333
elemwise_multiplication,314,0,98596,1,0.000333
addition,314,1,98596,2,0.000333
duplication,314,1,98596,4,0.000000
multiplication,314,1,61918288,8,0.033667
elemwise_multiplication,314,1,98596,2,0.000000
addition,315,0,99225,2,0.000333
duplication,315,0,99225,4,0.000000
multiplication,315,0,62511750,8,0.047000
elemwise_multiplication,315,0,99225,8,0.000000
addition,315,1,99225,4,0.000000
duplication,315,1,99225,4,0.000000
multiplication,315,1,62511750,8,0.038000
elemwise_multiplication,315,1,99225,8,0.000000
addition,316,0,99856,1,0.000333
duplication,316,0,99856,1,0.000333
multiplication,316,0,63108992,8,0.032667
elemwise_multiplication,316,0,99856,1,0.000333
addition,316,1,99856,4,0.000000
duplication,316,1,99856,4,0.000000
multiplication,316,1,63108992,8,0.033333
elemwise_multiplication,316,1,99856,1,0.000333
addition,317,0,100489,4,0.000000
duplication,317,0,100489,4,0.000000
multiplication,317,0,63710026,16,0.033333
elemwise_multiplication,317,0,100489,2,0.000333
addition,317,1,100489,1,0.000333
duplication,317,1,100489,8,0.000000
multiplication,317,1,63710026,8,0.034667
elemwise_multiplication,317,1,100489,2,0.000333
addition,318,0,101124,4,0.000000
duplication,318,0,101124,1,0.000333
multiplication,318,0,64314864,8,0.033667
elemwise_multiplication,318,0,101124,8,0.000000
addition,318,1,101124,1,0.000333
duplication,318,1,101124,8,0.000000
multiplication,318,1,64314864,8,0.035000
elemwise_multiplication,318,1,101124,1,0.000333
addition,319,0,101761,4,0.000000
duplication,319,0,101761,4,0.000000
multiplication,319,0,64923518,16,0.034000
elemwise_multiplication,319,0,101761,4,0.000000
addition,319,1,101761,1,0.000333
duplication,319,1,101761,1,0.000333
multiplication,319,1,64923518,8,0.035333
elemwise_multiplication,319,1,101761,2,0.000333
addition,320,0,102400,1,0.000333
duplication,320,0,102400,1,0.000333
multiplication,320,0,65536000,16,0.034667
elemwise_multiplication,320,0,102400,1,0.000333
addition,320,1,102400,2,0.000333
duplication,320,1,102400,1,0.000333
multiplication,320,1,65536000,8,0.035333
elemwise_multiplication,320,1,102400,1,0.000333
addition,321,0,103041,2,0.000333
duplication,321,0,103041,4,0.000000
multiplication,321,0,66152322,8,0.035000
elemwise_multiplication,321,0,103041,2,0.000000
addition,321,1,103041,4,0.000333
duplication,321,1,103041,1,0.000333
multiplication,321,1,66152322,8,0.036000
elemwise_multiplication,321,1,103041,4,0.000000
addition,322,0,103684,2,0.000333
duplication,322,0,103684,2,0.000333
multiplication,322,0,66772496,8,0.035333
elemwise_multiplication,322,0,103684,2,0.000333
addition,322,1,103684,4,0.000333
duplication,322,1,103684,1,0.000333
multiplication,322,1,66772496,8,0.036667
elemwise_multiplication,322,1,103684,1,0.000333
addition,323,0,104329,2,0.000333
duplication,323,0,104329,1,0.000333
multiplication,323,0,67396534,16,0.040000
elemwise_multiplication,323,0,104329,1,0.000333
addition,323,1,104329,2,0.000333
duplication,323,1,104329,1,0.000333
multiplication,323,1,67396534,8,0.037667
elemwise_multiplication,323,1,104329,2,0.000333
addition,324,0,104976,4,0.000333
duplication,324,0,104976,8,0.000000
multiplication,324,0,68024448,8,0.036000
elemwise_multiplication,324,0,104976,1,0.000333
addition,324,1,104976,2,0.000333
duplication,324,1,104976,1,0.000333
multiplication,324,1,68024448,8,0.037333
elemwise_multiplication,324,1,104976,1,0.000333
addition,325,0,105625,8,0.000000
duplication,325,0,105625,1,0.000333
multiplication,325,0,68656250,8,0.037333
elemwise_multiplication,325,0,105625,4,0.000000
addition,325,1,105625,1,0.000333
duplication,325,1,105625,1,0.000333
multiplication,325,1,68656250,8,0.038000
elemwise_multiplication,325,1,105625,8,0.000000
addition,326,0,106276,1,0.000333
duplication,326,0,106276,8,0.000000
multiplication,326,0,69291952,8,0.036000
elemwise_multiplication,326,0,106276,8,0.000000
addition,326,1,106276,4,0.000000
duplication,326,1,106276,2,0.000333
multiplication,326,1,69291952,8,0.040333
elemwise_multiplication,326,1,106276,2,0.000333
addition,327,0,106929,4,0.000000
duplication,327,0,106929,1,0.000333
multiplication,327,0,69931566,16,0.041333
elemwise_multiplication,327,0,106929,2,0.000000
addition,327,1,106929,2,0.000333
duplication,327,1,106929,4,0.000000
multiplication,327,1,69931566,16,0.049667
elemwise_multiplication,327,1,106929,2,0.000333
addition,328,0,107584,4,0.000000
duplication,328,0,107584,4,0.000000
multiplication,328,0,70575104,8,0.037333
elemwise_multiplication,328,0,107584,2,0.000333
addition,328,1,107584,1,0.000333
duplication,328,1,107584,1,0.000333
multiplication,328,1,70575104,8,0.038000
elemwise_multiplication,328,1,107584,4,0.000000
addition,329,0,108241,2,0.000333
duplication,329,0,108241,2,0.000333
multiplication,329,0,71222578,8,0.037667
elemwise_multiplication,329,0,108241,2,0.000333
addition,329,1,108241,1,0.000333
duplication,329,1,108241,1,0.000333
multiplication,329,1,71222578,8,0.039333
elemwise_multiplication,329,1,108241,2,0.000333
addition,330,0,108900,4,0.000333
duplication,330,0,108900,1,0.000333
multiplication,330,0,71874000,8,0.038333
elemwise_multiplication,330,0,108900,4,0.000000
addition,330,1,108900,1,0.000333
duplication,330,1,108900,8,0.000000
multiplication,330,1,71874000,16,0.039667
elemwise_multiplication,330,1,108900,1,0.000333
addition,331,0,109561,2,0.000333
duplication,331,0,109561,8,0.000000
multiplication,331,0,72529382,8,0.040000
elemwise_multiplication,331,0,109561,8,0.000000
addition,331,1,109561,2,0.000333
duplication,331,1,109561,4,0.000000
multiplication,331,1,72529382,8,0.043667
elemwise_multiplication,331,1,109561,2,0.000333
addition,332,0,110224,2,0.000333
duplication,332,0,110224,1,0.000333
multiplication,332,0,73188736,8,0.044667
elemwise_multiplication,332,0,110224,1,0.000333
addition,332,1,110224,2,0.000333
duplication,332,1,110224,4,0.000000
multiplication,332,1,73188736,8,0.048333
elemwise_multiplication,332,1,110224,4,0.000000
addition,333,0,110889,8,0.000333
duplication,333,0,110889,2,0.000333
multiplication,333,0,73852074,8,0.045000
elemwise_multiplication,333,0,110889,1,0.000333
addition,333,1,110889,4,0.000000
duplication,333,1,110889,1,0.000333
multiplication,333,1,73852074,16,0.045333
elemwise_multiplication,333,1,110889,8,0.000000
addition,334,0,111556,4,0.000000
duplication,334,0,111556,2,0.000333
multiplication,334,0,74519408,16,0.039000
elemwise_multiplication,334,0,111556,2,0.000333
addition,334,1,111556,4,0.000000
duplication,334,1,111556,1,0.000333
multiplication,334,1,74519408,8,0.041000
elemwise_multiplication,334,1,111556,4,0.000000
addition,335,0,112225,4,0.000000
duplication,335,0,112225,2,0.000333
multiplication,335,0,75190750,16,0.040000
elemwise_multiplication,335,0,112225,4,0.000000
addition,335,1,112225,1,0.000333
duplication,335,1,112225,2,0.000333
multiplication,335,1,75190750,16,0.042333
elemwise_multiplication,335,1,112225,1,0.000333
addition,336,0,112896,1,0.000333
duplication,336,0,112896,1,0.000333
multiplication,336,0,75866112,16,0.040333
elemwise_multiplication,336,0,112896,8,0.000000
addition,336,1,112896,4,0.000000
duplication,336,1,112896,1,0.000333
multiplication,336,1,75866112,16,0.040000
elemwise_multiplication,336,1,112896,4,0.000000
addition,337,0,113569,1,0.000333
duplication,337,0,113569,1,0.000333
multiplication,337,0,76545506,8,0.040667
elemwise_multiplication,337,0,113569,8,0.000000
addition,337,1,113569,2,0.000333
duplication,337,1,113569,4,0.000000
multiplication,337,1,76545506,8,0.042333
elemwise_multiplication,337,1,113569,8,0.000000
addition,338,0,114244,4,0.000000
duplication,338,0,114244,1,0.000333
multiplication,338,0,77228944,16,0.043000
elemwise_multiplication,338,0,114244,4,0.000000
addition,338,1,114244,1,0.000333
duplication,338,1,114244,1,0.000333
multiplication,338,1,77228944,8,0.043000
elemwise_multiplication,338,1,114244,2,0.000333
addition,339,0,114921,2,0.000333
duplication,339,0,114921,1,0.000333
multiplication,339,0,77916438,8,0.042333
elemwise_multiplication,339,0,114921,4,0.000000
addition,339,1,114921,2,0.000333
duplication,339,1,114921,8,0.000000
multiplication,339,1,77916438,8,0.043667
elemwise_multiplication,339,1,114921,4,0.000000
addition,340,0,115600,2,0.000333
duplication,340,0,115600,4,0.000000
multiplication,340,0,78608000,16,0.042000
elemwise_multiplication,340,0,115600,4,0.000000
addition,340,1,115600,8,0.000000
duplication,340,1,115600,1,0.000333
multiplication,340,1,78608000,8,0.043333
elemwise_multiplication,340,1,115600,1,0.000333
addition,341,0,116281,2,0.000333
duplication,341,0,116281,1,0.000333
multiplication,341,0,79303642,16,0.051000
elemwise_multiplication,341,0,116281,4,0.000000
addition,341,1,116281,1,0.000333
duplication,341,1,116281,1,0.000333
multiplication,341,1,79303642,8,0.054333
elemwise_multiplication,341,1,116281,1,0.000333
addition,342,0,116964,1,0.000333
duplication,342,0,116964,1,0.000333
multiplication,342,0,80003376,8,0.043333
elemwise_multiplication,342,0,116964,1,0.000333
addition,342,1,116964,4,0.000000
duplication,342,1,116964,2,0.000333
multiplication,342,1,80003376,8,0.044000
elemwise_multiplication,342,1,116964,1,0.000333
addition,343,0,117649,1,0.000333
duplication,343,0,117649,2,0.000333
multiplication,343,0,80707214,16,0.043667
elemwise_multiplication,343,0,117649,2,0.000333
addition,343,1,117649,2,0.000333
duplication,343,1,117649,1,0.000333
multiplication,343,1,80707214,8,0.043667
elemwise_multiplication,343,1,117649,2,0.000333
addition,344,0,118336,16,0.000333
duplication,344,0,118336,8,0.000000
multiplication,344,0,81415168,8,0.042667
elemwise_multiplication,344,0,118336,2,0.000000
addition,344,1,118336,2,0.000333
duplication,344,1,118336,1,0.000333
multiplication,344,1,81415168,8,0.043333
elemwise_multiplication,344,1,118336,8,0.000000
addition,345,0,119025,4,0.000333
duplication,345,0,119025,4,0.000000
multiplication,345,0,82127250,16,0.049333
elemwise_multiplication,345,0,119025,4,0.000000
addition,345,1,119025,1,0.000333
duplication,345,1,119025,1,0.000333
multiplication,345,1,82127250,8,0.049667
elemwise_multiplication,345,1,119025,1,0.000333
addition,346,0,119716,2,0.000333
duplication,346,0,119716,2,0.000333
multiplication,346,0,82843472,8,0.047667
elemwise_multiplication,346,0,119716,2,0.000333
addition,346,1,119716,2,0.000333
duplication,346,1,119716,4,0.000000
multiplication,346,1,82843472,16,0.048333
elemwise_multiplication,346,1,119716,1,0.000333
addition,347,0,120409,2,0.000333
duplication,347,0,120409,1,0.000333
multiplication,347,0,83563846,8,0.045000
elemwise_multiplication,347,0,120409,1,0.000333
addition,347,1,120409,4,0.000333
duplication,347,1,120409,4,0.000000
multiplication,347,1,83563846,16,0.047000
elemwise_multiplication,347,1,120409,2,0.000333
addition,348,0,121104,2,0.000333
duplication,348,0,121104,1,0.000333
multiplication,348,0,84288384,8,0.046000
elemwise_multiplication,348,0,121104,1,0.000333
addition,348,1,121104,2,0.000333
duplication,348,1,121104,1,0.000333
multiplication,348,1,84288384,8,0.046333
elemwise_multiplication,348,1,121104,1,0.000333
addition,349,0,121801,2,0.000333
duplication,349,0,121801,8,0.000000
multiplication,349,0,85017098,16,0.046000
elemwise_multiplication,349,0,121801,1,0.000333
addition,349,1,121801,2,0.000333
duplication,349,1,121801,1,0.000333
multiplication,349,1,85017098,8,0.047333
elemwise_multiplication,349,1,121801,4,0.000000
addition,350,0,122500,2,0.000333
duplication,350,0,122500,2,0.000333
multiplication,350,0,85750000,16,0.047667
elemwise_multiplication,350,0,122500,8,0.000000
addition,350,1,122500,1,0.000333
duplication,350,1,122500,4,0.000000
multiplication,350,1,85750000,16,0.048000
elemwise_multiplication,350,1,122500,2,0.000333
addition,351,0,123201,4,0.000333
duplication,351,0,123201,1,0.000333
multiplication,351,0,86487102,8,0.055000
elemwise_multiplication,351,0,123201,4,0.000333
addition,351,1,123201,4,0.000333
duplication,351,1,123201,1,0.000333
multiplication,351,1,86487102,8,0.060333
elemwise_multiplication,351,1,123201,2,0.000333
addition,352,0,123904,4,0.000333
duplication,352,0,123904,2,0.000333
multiplication,352,0,87228416,8,0.047667
elemwise_multiplication,352,0,123904,4,0.000000
addition,352,1,123904,4,0.000000
duplication,352,1,123904,1,0.000333
multiplication,352,1,87228416,8,0.050667
elemwise_multiplication,352,1,123904,1,0.000333
addition,353,0,124609,2,0.000333
duplication,353,0,124609,2,0.000333
multiplication,353,0,87973954,8,0.049000
elemwise_multiplication,353,0,124609,2,0.000333
addition,353,1,124609,4,0.000000
duplication,353,1,124609,4,0.000000
multiplication,353,1,87973954,16,0.050667
elemwise_multiplication,353,1,124609,4,0.000000
addition,354,0,125316,1,0.000333
duplication,354,0,125316,2,0.000333
multiplication,354,0,88723728,8,0.049333
elemwise_multiplication,354,0,125316,4,0.000000
addition,354,1,125316,2,0.000333
duplication,354,1,125316,4,0.000000
multiplication,354,1,88723728,16,0.050333
elemwise_multiplication,354,1,125316,4,0.000333
addition,355,0,126025,1,0.000333
duplication,355,0,126025,1,0.000333
multiplication,355,0,89477750,8,0.048000
elemwise_multiplication,355,0,126025,2,0.000333
addition,355,1,126025,2,0.000333
duplication,355,1,126025,1,0.000333
multiplication,355,1,89477750,16,0.050000
elemwise_multiplication,355,1,126025,1,0.000333
addition,356,0,126736,4,0.000333
duplication,356,0,126736,4,0.000333
multiplication,356,0,90236032,8,0.062000
elemwise_multiplication,356,0,126736,4,0.000000
addition,356,1,126736,4,0.000000
duplication,356,1,126736,8,0.000000
multiplication,356,1,90236032,8,0.065667
elemwise_multiplication,356,1,126736,1,0.000333
addition,357,0,127449,2,0.000333
duplication,357,0,127449,2,0.000333
multiplication,357,0,90998586,8,0.049667
elemwise_multiplication,357,0,127449,4,0.000000
addition,357,1,127449,1,0.000333
duplication,357,1,127449,1,0.000333
multiplication,357,1,90998586,16,0.051000
elemwise_multiplication,357,1,127449,4,0.000000
addition,358,0,128164,2,0.000333
duplication,358,0,128164,8,0.000000
multiplication,358,0,91765424,16,0.051333
elemwise_multiplication,358,0,128164,1,0.000333
addition,358,1,128164,2,0.000333
duplication,358,1,128164,8,0.000000
multiplication,358,1,91765424,16,0.052000
elemwise_multiplication,358,1,128164,4,0.000000
addition,359,0,128881,2,0.000333
duplication,359,0,128881,8,0.000000
multiplication,359,0,92536558,8,0.052000
elemwise_multiplication,359,0,128881,1,0.000333
addition,359,1,128881,2,0.000333
duplication,359,1,128881,4,0.000000
multiplication,359,1,92536558,8,0.051667
elemwise_multiplication,359,1,128881,1,0.000333
addition,360,0,129600,1,0.000333
duplication,360,0,129600,4,0.000000
multiplication,360,0,93312000,8,0.050667
elemwise_multiplication,360,0,129600,1,0.000333
addition,360,1,129600,1,0.000333
duplication,360,1,129600,1,0.000333
multiplication,360,1,93312000,8,0.050667
elemwise_multiplication,360,1,129600,1,0.000333
addition,361,0,130321,2,0.000333
duplication,361,0,130321,1,0.000333
multiplication,361,0,94091762,16,0.051000
elemwise_multiplication,361,0,130321,2,0.000333
addition,361,1,130321,2,0.000333
duplication,361,1,130321,4,0.000000
multiplication,361,1,94091762,16,0.052667
elemwise_multiplication,361,1,130321,4,0.000000
addition,362,0,131044,4,0.000333
duplication,362,0,131044,8,0.000000
multiplication,362,0,94875856,8,0.051000
elemwise_multiplication,362,0,131044,1,0.000333
addition,362,1,131044,4,0.000333
duplication,362,1,131044,4,0.000333
multiplication,362,1,94875856,8,0.051667
elemwise_multiplication,362,1,131044,4,0.000000
addition,363,0,131769,8,0.000333
duplication,363,0,131769,4,0.000000
multiplication,363,0,95664294,8,0.051000
elemwise_multiplication,363,0,131769,4,0.000000
addition,363,1,131769,4,0.000000
duplication,363,1,131769,1,0.000333
multiplication,363,1,95664294,8,0.051667
elemwise_multiplication,363,1,131769,1,0.000333
addition,364,0,132496,4,0.000333
duplication,364,0,132496,8,0.000000
multiplication,364,0,96457088,8,0.064333
elemwise_multiplication,364,0,132496,1,0.000333
addition,364,1,132496,2,0.000333
duplication,364,1,132496,2,0.000333
multiplication,364,1,96457088,8,0.072333
elemwise_multiplication,364,1,132496,4,0.000000
addition,365,0,133225,4,0.000000
duplication,365,0,133225,1,0.000333
multiplication,365,0,97254250,8,0.054000
elemwise_multiplication,365,0,133225,8,0.000000
addition,365,1,133225,2,0.000333
duplication,365,1,133225,2,0.000333
multiplication,365,1,97254250,8,0.056000
elemwise_multiplication,365,1,133225,4,0.000000
addition,366,0,133956,2,0.000333
duplication,366,0,133956,2,0.000333
multiplication,366,0,98055792,8,0.052333
elemwise_multiplication,366,0,133956,4,0.000000
addition,366,1,133956,2,0.000333
duplication,366,1,133956,8,0.000000
multiplication,366,1,98055792,8,0.054667
elemwise_multiplication,366,1,133956,1,0.000333
addition,367,0,134689,4,0.000333
duplication,367,0,134689,2,0.000333
multiplication,367,0,98861726,8,0.053000
elemwise_multiplication,367,0,134689,2,0.000333
addition,367,1,134689,2,0.000333
duplication,367,1,134689,8,0.000000
multiplication,367,1,98861726,8,0.055667
elemwise_multiplication,367,1,134689,4,0.000000
addition,368,0,135424,4,0.000000
duplication,368,0,135424,2,0.000333
multiplication,368,0,99672064,16,0.053000
elemwise_multiplication,368,0,135424,1,0.000333
addition,368,1,135424,4,0.000333
duplication,368,1,135424,4,0.000333
multiplication,368,1,99672064,8,0.052667
elemwise_multiplication,368,1,135424,1,0.000333
addition,369,0,136161,2,0.000333
duplication,369,0,136161,2,0.000333
multiplication,369,0,100486818,8,0.054000
elemwise_multiplication,369,0,136161,4,0.000000
addition,369,1,136161,4,0.000333
duplication,369,1,136161,1,0.000333
multiplication,369,1,100486818,8,0.056667
elemwise_multiplication,369,1,136161,2,0.000333
addition,370,0,136900,2,0.000333
duplication,370,0,136900,8,0.000000
multiplication,370,0,101306000,8,0.054000
elemwise_multiplication,370,0,136900,2,0.000333
addition,370,1,136900,4,0.000000
duplication,370,1,136900,2,0.000333
multiplication,370,1,101306000,8,0.056000
elemwise_multiplication,370,1,136900,4,0.000000
addition,371,0,137641,4,0.000000
duplication,371,0,137641,4,0.000000
multiplication,371,0,102129622,8,0.054333
elemwise_multiplication,371,0,137641,2,0.000333
addition,371,1,137641,2,0.000333
duplication,371,1,137641,2,0.000333
multiplication,371,1,102129622,8,0.059000
elemwise_multiplication,371,1,137641,1,0.000333
addition,372,0,138384,4,0.000333
duplication,372,0,138384,4,0.000000
multiplication,372,0,102957696,8,0.068667
elemwise_multiplication,372,0,138384,2,0.000333
addition,372,1,138384,2,0.000333
duplication,372,1,138384,2,0.000333
multiplication,372,1,102957696,8,0.071667
elemwise_multiplication,372,1,138384,2,0.000333
addition,373,0,139129,4,0.000333
duplication,373,0,139129,1,0.000333
multiplication,373,0,103790234,8,0.059000
elemwise_multiplication,373,0,139129,2,0.000333
addition,373,1,139129,8,0.000333
duplication,373,1,139129,2,0.000333
multiplication,373,1,103790234,16,0.060667
elemwise_multiplication,373,1,139129,2,0.000333
addition,374,0,139876,2,0.000333
duplication,374,0,139876,4,0.000333
multiplication,374,0,104627248,8,0.057667
elemwise_multiplication,374,0,139876,4,0.000000
addition,374,1,139876,4,0.000333
duplication,374,1,139876,2,0.000333
multiplication,374,1,104627248,8,0.060333
elemwise_multiplication,374,1,139876,1,0.000333
addition,375,0,140625,2,0.000333
duplication,375,0,140625,4,0.000333
multiplication,375,0,105468750,8,0.059000
elemwise_multiplication,375,0,140625,2,0.000333
addition,375,1,140625,2,0.000333
duplication,375,1,140625,2,0.000333
multiplication,375,1,105468750,8,0.058333
elemwise_multiplication,375,1,140625,4,0.000333
addition,376,0,141376,4,0.000333
duplication,376,0,141376,2,0.000333
multiplication,376,0,106314752,8,0.057667
elemwise_multiplication,376,0,141376,1,0.000333
addition,376,1,141376,4,0.000333
duplication,376,1,141376,4,0.000000
multiplication,376,1,106314752,16,0.059333
elemwise_multiplication,376,1,141376,4,0.000333
addition,377,0,142129,4,0.000333
duplication,377,0,142129,1,0.000333
multiplication,377,0,107165266,8,0.056667
elemwise_multiplication,377,0,142129,8,0.000000
addition,377,1,142129,4,0.000333
duplication,377,1,142129,8,0.000000
multiplication,377,1,107165266,8,0.059667
elemwise_multiplication,377,1,142129,4,0.000333
addition,378,0,142884,4,0.000333
duplication,378,0,142884,2,0.000333
multiplication,378,0,108020304,8,0.058333
elemwise_multiplication,378,0,142884,1,0.000333
addition,378,1,142884,2,0.000333
duplication,378,1,142884,1,0.000333
multiplication,378,1,108020304,8,0.063333
elemwise_multiplication,378,1,142884,2,0.000333
addition,379,0,143641,8,0.000333
duplication,379,0,143641,4,0.000000
multiplication,379,0,108879878,8,0.060000
elemwise_multiplication,379,0,143641,2,0.000333
addition,379,1,143641,4,0.000000
duplication,379,1,143641,4,0.000000
multiplication,379,1,108879878,8,0.059333
elemwise_multiplication,379,1,143641,1,0.000333
addition,380,0,144400,2,0.000333
duplication,380,0,144400,2,0.000333
multiplication,380,0,109744000,8,0.058000
elemwise_multiplication,380,0,144400,8,0.000000
addition,380,1,144400,8,0.000333
duplication,380,1,144400,4,0.000000
multiplication,380,1,109744000,8,0.067333
elemwise_multiplication,380,1,144400,4,0.000333
addition,381,0,145161,4,0.000333
duplication,381,0,145161,2,0.000333
multiplication,381,0,110612682,16,0.089000
elemwise_multiplication,381,0,145161,4,0.000000
addition,381,1,145161,4,0.000333
duplication,381,1,145161,2,0.000333
multiplication,381,1,110612682,8,0.093333
elemwise_multiplication,381,1,145161,4,0.000333
addition,382,0,145924,8,0.000333
duplication,382,0,145924,4,0.000000
multiplication,382,0,111485936,16,0.062000
elemwise_multiplication,382,0,145924,8,0.000333
addition,382,1,145924,4,0.000333
duplication,382,1,145924,1,0.000333
multiplication,382,1,111485936,16,0.065000
elemwise_multiplication,382,1,145924,2,0.000333
addition,383,0,146689,2,0.000333
duplication,383,0,146689,4,0.000000
multiplication,383,0,112363774,16,0.063000
elemwise_multiplication,383,0,146689,2,0.000333
addition,383,1,146689,2,0.000333
duplication,383,1,146689,4,0.000333
multiplication,383,1,112363774,16,0.065667
elemwise_multiplication,383,1,146689,4,0.000333
addition,384,0,147456,2,0.000333
duplication,384,0,147456,2,0.000333
multiplication,384,0,113246208,8,0.071667
elemwise_multiplication,384,0,147456,1,0.000333
addition,384,1,147456,4,0.000333
duplication,384,1,147456,4,0.000333
multiplication,384,1,113246208,8,0.091667
elemwise_multiplication,384,1,147456,1,0.000333
addition,385,0,148225,4,0.000333
duplication,385,0,148225,4,0.000333
multiplication,385,0,114133250,8,0.062000
elemwise_multiplication,385,0,148225,2,0.000333
addition,385,1,148225,8,0.000333
duplication,385,1,148225,1,0.000333
multiplication,385,1,114133250,8,0.063333
elemwise_multiplication,385,1,148225,2,0.000333
addition,386,0,148996,2,0.000333
duplication,386,0,148996,1,0.000333
multiplication,386,0,115024912,8,0.061667
elemwise_multiplication,386,0,148996,2,0.000333
addition,386,1,148996,4,0.000000
duplication,386,1,148996,4,0.000333
multiplication,386,1,115024912,8,0.063000
elemwise_multiplication,386,1,148996,4,0.000000
addition,387,0,149769,2,0.000333
duplication,387,0,149769,1,0.000333
multiplication,387,0,115921206,16,0.070667
elemwise_multiplication,387,0,149769,8,0.000000
addition,387,1,149769,4,0.000333
duplication,387,1,149769,2,0.000333
multiplication,387,1,115921206,8,0.075000
elemwise_multiplication,387,1,149769,2,0.000333
addition,388,0,150544,4,0.000333
duplication,388,0,150544,2,0.000333
multiplication,388,0,116822144,16,0.068000
elemwise_multiplication,388,0,150544,4,0.000000
addition,388,1,150544,4,0.000333
duplication,388,1,150544,4,0.000000
multiplication,388,1,116822144,8,0.064667
elemwise_multiplication,388,1,150544,8,0.000000
addition,389,0,151321,4,0.000333
duplication,389,0,151321,2,0.000333
multiplication,389,0,117727738,8,0.062667
elemwise_multiplication,389,0,151321,2,0.000333
addition,389,1,151321,8,0.000333
duplication,389,1,151321,4,0.000333
multiplication,389,1,117727738,8,0.064667
elemwise_multiplication,389,1,151321,2,0.000333
addition,390,0,152100,8,0.000333
duplication,390,0,152100,2,0.000333
multiplication,390,0,118638000,8,0.079333
elemwise_multiplication,390,0,152100,4,0.000000
addition,390,1,152100,2,0.000333
duplication,390,1,152100,2,0.000333
multiplication,390,1,118638000,8,0.082000
elemwise_multiplication,390,1,152100,2,0.000333
addition,391,0,152881,4,0.000333
duplication,391,0,152881,2,0.000333
multiplication,391,0,119552942,8,0.067333
elemwise_multiplication,391,0,152881,2,0.000333
addition,391,1,152881,4,0.000333
duplication,391,1,152881,2,0.000333
multiplication,391,1,119552942,8,0.070000
elemwise_multiplication,391,1,152881,8,0.000000
addition,392,0,153664,4,0.000333
duplication,392,0,153664,4,0.000000
multiplication,392,0,120472576,8,0.066667
elemwise_multiplication,392,0,153664,2,0.000333
addition,392,1,153664,2,0.000333
duplication,392,1,153664,8,0.000000
multiplication,392,1,120472576,8,0.070333
elemwise_multiplication,392,1,153664,1,0.000333
addition,393,0,154449,4,0.000333
duplication,393,0,154449,4,0.000333
multiplication,393,0,121396914,16,0.071333
elemwise_multiplication,393,0,154449,4,0.000333
addition,393,1,154449,4,0.000333
duplication,393,1,154449,4,0.000333
multiplication,393,1,121396914,8,0.074000
elemwise_multiplication,393,1,154449,8,0.000000
addition,394,0,155236,4,0.000333
duplication,394,0,155236,8,0.000000
multiplication,394,0,122325968,16,0.066667
elemwise_multiplication,394,0,155236,2,0.000333
addition,394,1,155236,4,0.000333
duplication,394,1,155236,2,0.000333
multiplication,394,1,122325968,8,0.066667
elemwise_multiplication,394,1,155236,4,0.000000
addition,395,0,156025,2,0.000333
duplication,395,0,156025,2,0.000333
multiplication,395,0,123259750,8,0.067000
elemwise_multiplication,395,0,156025,4,0.000333
addition,395,1,156025,2,0.000333
duplication,395,1,156025,2,0.000333
multiplication,395,1,123259750,8,0.071333
elemwise_multiplication,395,1,156025,8,0.000000
addition,396,0,156816,2,0.000333
duplication,396,0,156816,4,0.000333
multiplication,396,0,124198272,8,0.069667
elemwise_multiplication,396,0,156816,2,0.000333
addition,396,1,156816,2,0.000333
duplication,396,1,156816,2,0.000333
multiplication,396,1,124198272,8,0.073333
elemwise_multiplication,396,1,156816,2,0.000333
addition,397,0,157609,2,0.000333
duplication,397,0,157609,4,0.000333
multiplication,397,0,125141546,16,0.071667
elemwise_multiplication,397,0,157609,4,0.000000
addition,397,1,157609,4,0.000333
duplication,397,1,157609,2,0.000333
multiplication,397,1,125141546,8,0.073333
elemwise_multiplication,397,1,157609,2,0.000333
addition,398,0,158404,4,0.000333
duplication,398,0,158404,2,0.000333
multiplication,398,0,126089584,16,0.076000
elemwise_multiplication,398,0,158404,4,0.000000
addition,398,1,158404,4,0.000333
duplication,398,1,158404,4,0.000000
multiplication,398,1,126089584,16,0.068667
elemwise_multiplication,398,1,158404,2,0.000333
addition,399,0,159201,4,0.000000
duplication,399,0,159201,2,0.000333
multiplication,399,0,127042398,8,0.068667
elemwise_multiplication,399,0,159201,2,0.000333
addition,399,1,159201,4,0.000000
duplication,399,1,159201,2,0.000333
multiplication,399,1,127042398,8,0.070333
elemwise_multiplication,399,1,159201,8,0.000000
addition,400,0,160000,2,0.000333
duplication,400,0,160000,4,0.000333
multiplication,400,0,128000000,8,0.068000
elemwise_multiplication,400,0,160000,2,0.000333
addition,400,1,160000,2,0.000333
duplication,400,1,160000,2,0.000333
multiplication,400,1,128000000,8,0.068667
elemwise_multiplication,400,1,160000,1,0.000333
addition,401,0,160801,4,0.000000
duplication,401,0,160801,2,0.000333
multiplication,401,0,128962402,8,0.069667
elemwise_multiplication,401,0,160801,4,0.000333
addition,401,1,160801,4,0.000333
duplication,401,1,160801,2,0.000333
multiplication,401,1,128962402,8,0.072333
elemwise_multiplication,401,1,160801,2,0.000333
addition,402,0,161604,8,0.000333
duplication,402,0,161604,4,0.000000
multiplication,402,0,129929616,16,0.070000
elemwise_multiplication,402,0,161604,4,0.000333
addition,402,1,161604,4,0.000333
duplication,402,1,161604,4,0.000000
multiplication,402,1,129929616,8,0.071667
elemwise_multiplication,402,1,161604,4,0.000333
addition,403,0,162409,4,0.000333
duplication,403,0,162409,4,0.000000
multiplication,403,0,130901654,16,0.070667
elemwise_multiplication,403,0,162409,4,0.000000
addition,403,1,162409,2,0.000333
duplication,403,1,162409,2,0.000333
multiplication,403,1,130901654,8,0.073333
elemwise_multiplication,403,1,162409,1,0.000333
addition,404,0,163216,2,0.000333
duplication,404,0,163216,2,0.000333
multiplication,404,0,131878528,8,0.071000
elemwise_multiplication,404,0,163216,2,0.000333
addition,404,1,163216,4,0.000000
duplication,404,1,163216,2,0.000333
multiplication,404,1,131878528,8,0.078000
elemwise_multiplication,404,1,163216,2,0.000333
addition,405,0,164025,4,0.000333
duplication,405,0,164025,2,0.000333
multiplication,405,0,132860250,8,0.076333
elemwise_multiplication,405,0,164025,4,0.000333
addition,405,1,164025,4,0.000333
duplication,405,1,164025,8,0.000000
multiplication,405,1,132860250,8,0.079333
elemwise_multiplication,405,1,164025,2,0.000333
addition,406,0,164836,4,0.000333
duplication,406,0,164836,4,0.000000
multiplication,406,0,133846832,8,0.077667
elemwise_multiplication,406,0,164836,2,0.000333
addition,406,1,164836,8,0.000333
duplication,406,1,164836,4,0.000333
multiplication,406,1,133846832,8,0.080000
elemwise_multiplication,406,1,164836,2,0.000333
addition,407,0,165649,4,0.000333
duplication,407,0,165649,2,0.000333
multiplication,407,0,134838286,8,0.079667
elemwise_multiplication,407,0,165649,4,0.000000
addition,407,1,165649,2,0.000333
duplication,407,1,165649,2,0.000333
multiplication,407,1,134838286,8,0.084333
elemwise_multiplication,407,1,165649,4,0.000333
addition,408,0,166464,2,0.000333
duplication,408,0,166464,2,0.000333
multiplication,408,0,135834624,8,0.072667
elemwise_multiplication,408,0,166464,4,0.000000
addition,408,1,166464,2,0.000333
duplication,408,1,166464,2,0.000333
multiplication,408,1,135834624,16,0.075667
elemwise_multiplication,408,1,166464,4,0.000000
addition,409,0,167281,2,0.000333
duplication,409,0,167281,4,0.000333
multiplication,409,0,136835858,8,0.073333
elemwise_multiplication,409,0,167281,2,0.000333
addition,409,1,167281,4,0.000333
duplication,409,1,167281,4,0.000333
multiplication,409,1,136835858,8,0.074667
elemwise_multiplication,409,1,167281,2,0.000333
addition,410,0,168100,4,0.000333
duplication,410,0,168100,2,0.000333
multiplication,410,0,137842000,8,0.075000
elemwise_multiplication,410,0,168100,2,0.000333
addition,410,1,168100,4,0.000333
duplication,410,1,168100,4,0.000333
multiplication,410,1,137842000,8,0.077333
elemwise_multiplication,410,1,168100,2,0.000333
addition,411,0,168921,4,0.000333
duplication,411,0,168921,2,0.000333
multiplication,411,0,138853062,8,0.081000
elemwise_multiplication,411,0,168921,2,0.000333
addition,411,1,168921,4,0.000333
duplication,411,1,168921,2,0.000333
multiplication,411,1,138853062,8,0.076000
elemwise_multiplication,411,1,168921,4,0.000000
addition,412,0,169744,8,0.000333
duplication,412,0,169744,2,0.000333
multiplication,412,0,139869056,8,0.080333
elemwise_multiplication,412,0,169744,2,0.000333
addition,412,1,169744,2,0.000333
duplication,412,1,169744,4,0.000333
multiplication,412,1,139869056,8,0.076000
elemwise_multiplication,412,1,169744,2,0.000333
addition,413,0,170569,2,0.000333
duplication,413,0,170569,2,0.000333
multiplication,413,0,140889994,8,0.097333
elemwise_multiplication,413,0,170569,8,0.000000
addition,413,1,170569,2,0.000333
duplication,413,1,170569,2,0.000333
multiplication,413,1,140889994,16,0.099333
elemwise_multiplication,413,1,170569,8,0.000000
addition,414,0,171396,4,0.000333
duplication,414,0,171396,4,0.000000
multiplication,414,0,141915888,8,0.082333
elemwise_multiplication,414,0,171396,2,0.000333
addition,414,1,171396,8,0.000333
duplication,414,1,171396,1,0.000333
multiplication,414,1,141915888,8,0.084667
elemwise_multiplication,414,1,171396,4,0.000000
addition,415,0,172225,8,0.000333
duplication,415,0,172225,1,0.000333
multiplication,415,0,142946750,8,0.080667
elemwise_multiplication,415,0,172225,2,0.000333
addition,415,1,172225,8,0.000333
duplication,415,1,172225,2,0.000333
multiplication,415,1,142946750,8,0.080000
elemwise_multiplication,415,1,172225,2,0.000333
addition,416,0,173056,2,0.000333
duplication,416,0,173056,4,0.000333
multiplication,416,0,143982592,8,0.077000
elemwise_multiplication,416,0,173056,4,0.000000
addition,416,1,173056,4,0.000333
duplication,416,1,173056,8,0.000000
multiplication,416,1,143982592,8,0.078667
elemwise_multiplication,416,1,173056,4,0.000000
addition,417,0,173889,2,0.000333
duplication,417,0,173889,1,0.000333
multiplication,417,0,145023426,8,0.078000
elemwise_multiplication,417,0,173889,4,0.000333
addition,417,1,173889,4,0.000333
duplication,417,1,173889,2,0.000333
multiplication,417,1,145023426,8,0.080667
elemwise_multiplication,417,1,173889,1,0.000333
addition,418,0,174724,4,0.000333
duplication,418,0,174724,2,0.000333
multiplication,418,0,146069264,8,0.079333
elemwise_multiplication,418,0,174724,2,0.000333
addition,418,1,174724,2,0.000333
duplication,418,1,174724,2,0.000333
multiplication,418,1,146069264,8,0.080000
elemwise_multiplication,418,1,174724,4,0.000333
addition,419,0,175561,4,0.000333
duplication,419,0,175561,4,0.000000
multiplication,419,0,147120118,8,0.079333
elemwise_multiplication,419,0,175561,4,0.000000
addition,419,1,175561,4,0.000333
duplication,419,1,175561,4,0.000333
multiplication,419,1,147120118,8,0.081333
elemwise_multiplication,419,1,175561,4,0.000000
addition,420,0,176400,4,0.000333
duplication,420,0,176400,2,0.000333
multiplication,420,0,148176000,8,0.101333
elemwise_multiplication,420,0,176400,2,0.000333
addition,420,1,176400,4,0.000333
duplication,420,1,176400,2,0.000333
multiplication,420,1,148176000,16,0.105000
elemwise_multiplication,420,1,176400,2,0.000333
addition,421,0,177241,4,0.000333
duplication,421,0,177241,2,0.000333
multiplication,421,0,149236922,8,0.080667
elemwise_multiplication,421,0,177241,2,0.000333
addition,421,1,177241,4,0.000000
duplication,421,1,177241,4,0.000333
multiplication,421,1,149236922,16,0.083333
elemwise_multiplication,421,1,177241,2,0.000333
addition,422,0,178084,2,0.000333
duplication,422,0,178084,4,0.000000
multiplication,422,0,150302896,8,0.089000
elemwise_multiplication,422,0,178084,8,0.000000
addition,422,1,178084,4,0.000333
duplication,422,1,178084,2,0.000333
multiplication,422,1,150302896,8,0.091000
elemwise_multiplication,422,1,178084,4,0.000333
addition,423,0,178929,4,0.000000
duplication,423,0,178929,4,0.000333
multiplication,423,0,151373934,8,0.088333
elemwise_multiplication,423,0,178929,4,0.000000
addition,423,1,178929,2,0.000333
duplication,423,1,178929,1,0.000333
multiplication,423,1,151373934,16,0.092667
elemwise_multiplication,423,1,178929,2,0.000333
addition,424,0,179776,4,0.000333
duplication,424,0,179776,2,0.000333
multiplication,424,0,152450048,8,0.086000
elemwise_multiplication,424,0,179776,4,0.000333
addition,424,1,179776,8,0.000333
duplication,424,1,179776,2,0.000333
multiplication,424,1,152450048,8,0.089333
elemwise_multiplication,424,1,179776,4,0.000333
addition,425,0,180625,4,0.000333
duplication,425,0,180625,4,0.000333
multiplication,425,0,153531250,8,0.089667
elemwise_multiplication,425,0,180625,4,0.000333
addition,425,1,180625,4,0.000333
duplication,425,1,180625,2,0.000333
multiplication,425,1,153531250,8,0.093333
elemwise_multiplication,425,1,180625,4,0.000333
addition,426,0,181476,4,0.000333
duplication,426,0,181476,2,0.000333
multiplication,426,0,154617552,8,0.089333
elemwise_multiplication,426,0,181476,2,0.000333
addition,426,1,181476,4,0.000333
duplication,426,1,181476,4,0.000333
multiplication,426,1,154617552,8,0.085667
elemwise_multiplication,426,1,181476,4,0.000333
addition,427,0,182329,2,0.000333
duplication,427,0,182329,4,0.000333
multiplication,427,0,155708966,8,0.084000
elemwise_multiplication,427,0,182329,4,0.000333
addition,427,1,182329,2,0.000333
duplication,427,1,182329,4,0.000333
multiplication,427,1,155708966,8,0.085333
elemwise_multiplication,427,1,182329,2,0.000333
addition,428,0,183184,4,0.000333
duplication,428,0,183184,2,0.000333
multiplication,428,0,156805504,8,0.085667
elemwise_multiplication,428,0,183184,2,0.000333
addition,428,1,183184,2,0.000333
duplication,428,1,183184,2,0.000333
multiplication,428,1,156805504,8,0.086000
elemwise_multiplication,428,1,183184,2,0.000333
addition,429,0,184041,4,0.000333
duplication,429,0,184041,2,0.000333
multiplication,429,0,157907178,8,0.085333
elemwise_multiplication,429,0,184041,4,0.000333
addition,429,1,184041,8,0.000333
duplication,429,1,184041,4,0.000333
multiplication,429,1,157907178,8,0.087667
elemwise_multiplication,429,1,184041,4,0.000333
addition,430,0,184900,4,0.000333
duplication,430,0,184900,2,0.000333
multiplication,430,0,159014000,8,0.086333
elemwise_multiplication,430,0,184900,2,0.000333
addition,430,1,184900,2,0.000333
duplication,430,1,184900,4,0.000333
multiplication,430,1,159014000,8,0.087667
elemwise_multiplication,430,1,184900,4,0.000333
addition,431,0,185761,8,0.000333
duplication,431,0,185761,1,0.000333
multiplication,431,0,160125982,8,0.097000
elemwise_multiplication,431,0,185761,4,0.000333
addition,431,1,185761,4,0.000333
duplication,431,1,185761,8,0.000333
multiplication,431,1,160125982,8,0.106667
elemwise_multiplication,431,1,185761,2,0.000333
addition,432,0,186624,4,0.000333
duplication,432,0,186624,2,0.000333
multiplication,432,0,161243136,8,0.085667
elemwise_multiplication,432,0,186624,2,0.000333
addition,432,1,186624,8,0.000333
duplication,432,1,186624,4,0.000333
multiplication,432,1,161243136,8,0.087667
elemwise_multiplication,432,1,186624,2,0.000333
addition,433,0,187489,2,0.000333
duplication,433,0,187489,8,0.000333
multiplication,433,0,162365474,16,0.095333
elemwise_multiplication,433,0,187489,2,0.000333
addition,433,1,187489,4,0.000333
duplication,433,1,187489,4,0.000000
multiplication,433,1,162365474,8,0.096333
elemwise_multiplication,433,1,187489,2,0.000333
addition,434,0,188356,8,0.000333
duplication,434,0,188356,4,0.000333
multiplication,434,0,163493008,8,0.114000
elemwise_multiplication,434,0,188356,4,0.000333
addition,434,1,188356,8,0.000333
duplication,434,1,188356,4,0.000333
multiplication,434,1,163493008,8,0.118000
elemwise_multiplication,434,1,188356,4,0.000000
addition,435,0,189225,4,0.000333
duplication,435,0,189225,2,0.000333
multiplication,435,0,164625750,8,0.109333
elemwise_multiplication,435,0,189225,4,0.000000
addition,435,1,189225,4,0.000333
duplication,435,1,189225,4,0.000333
multiplication,435,1,164625750,8,0.106667
elemwise_multiplication,435,1,189225,2,0.000333
addition,436,0,190096,4,0.000333
duplication,436,0,190096,2,0.000333
multiplication,436,0,165763712,8,0.096000
elemwise_multiplication,436,0,190096,4,0.000333
addition,436,1,190096,8,0.000333
duplication,436,1,190096,4,0.000333
multiplication,436,1,165763712,8,0.093667
elemwise_multiplication,436,1,190096,8,0.000333
addition,437,0,190969,8,0.000333
duplication,437,0,190969,2,0.000333
multiplication,437,0,166906906,16,0.111000
elemwise_multiplication,437,0,190969,4,0.000333
addition,437,1,190969,8,0.000333
duplication,437,1,190969,8,0.000000
multiplication,437,1,166906906,8,0.105333
elemwise_multiplication,437,1,190969,2,0.000333
addition,438,0,191844,4,0.000333
duplication,438,0,191844,2,0.000333
multiplication,438,0,168055344,8,0.097000
elemwise_multiplication,438,0,191844,8,0.000333
addition,438,1,191844,16,0.000333
duplication,438,1,191844,2,0.000333
multiplication,438,1,168055344,16,0.103667
elemwise_multiplication,438,1,191844,4,0.000333
addition,439,0,192721,4,0.000333
duplication,439,0,192721,8,0.000333
multiplication,439,0,169209038,8,0.084000
elemwise_multiplication,439,0,192721,4,0.000333
addition,439,1,192721,4,0.000333
duplication,439,1,192721,2,0.000333
multiplication,439,1,169209038,8,0.096333
elemwise_multiplication,439,1,192721,2,0.000333
addition,440,0,193600,8,0.000333
duplication,440,0,193600,4,0.000333
multiplication,440,0,170368000,8,0.091000
elemwise_multiplication,440,0,193600,2,0.000333
addition,440,1,193600,4,0.000333
duplication,440,1,193600,2,0.000333
multiplication,440,1,170368000,8,0.093333
elemwise_multiplication,440,1,193600,8,0.000333
addition,441,0,194481,4,0.000333
duplication,441,0,194481,2,0.000333
multiplication,441,0,171532242,8,0.093667
elemwise_multiplication,441,0,194481,2,0.000333
addition,441,1,194481,4,0.000333
duplication,441,1,194481,2,0.000333
multiplication,441,1,171532242,8,0.095667
elemwise_multiplication,441,1,194481,4,0.000333
addition,442,0,195364,8,0.000333
duplication,442,0,195364,4,0.000333
multiplication,442,0,172701776,8,0.093667
elemwise_multiplication,442,0,195364,2,0.000333
addition,442,1,195364,4,0.000333
duplication,442,1,195364,4,0.000333
multiplication,442,1,172701776,8,0.096333
elemwise_multiplication,442,1,195364,4,0.000333
addition,443,0,196249,8,0.000333
duplication,443,0,196249,8,0.000333
multiplication,443,0,173876614,8,0.104000
elemwise_multiplication,443,0,196249,4,0.000000
addition,443,1,196249,4,0.000333
duplication,443,1,196249,4,0.000333
multiplication,443,1,173876614,8,0.106000
elemwise_multiplication,443,1,196249,4,0.000333
addition,444,0,197136,4,0.000333
duplication,444,0,197136,2,0.000333
multiplication,444,0,175056768,8,0.103000
elemwise_multiplication,444,0,197136,2,0.000333
addition,444,1,197136,4,0.000333
duplication,444,1,197136,4,0.000333
multiplication,444,1,175056768,8,0.109000
elemwise_multiplication,444,1,197136,4,0.000333
addition,445,0,198025,4,0.000333
duplication,445,0,198025,8,0.000333
multiplication,445,0,176242250,8,0.106000
elemwise_multiplication,445,0,198025,2,0.000333
addition,445,1,198025,4,0.000333
duplication,445,1,198025,2,0.000333
multiplication,445,1,176242250,8,0.110667
elemwise_multiplication,445,1,198025,4,0.000333
addition,446,0,198916,4,0.000333
duplication,446,0,198916,2,0.000333
multiplication,446,0,177433072,8,0.098333
elemwise_multiplication,446,0,198916,8,0.000333
addition,446,1,198916,4,0.000333
duplication,446,1,198916,2,0.000333
multiplication,446,1,177433072,8,0.097333
elemwise_multiplication,446,1,198916,2,0.000333
addition,447,0,199809,2,0.000333
duplication,447,0,199809,2,0.000333
multiplication,447,0,178629246,8,0.105667
elemwise_multiplication,447,0,199809,4,0.000333
addition,447,1,199809,4,0.000667
duplication,447,1,199809,2,0.000333
multiplication,447,1,178629246,16,0.101333
elemwise_multiplication,447,1,199809,4,0.000333
addition,448,0,200704,4,0.000333
duplication,448,0,200704,4,0.000000
multiplication,448,0,179830784,8,0.098667
elemwise_multiplication,448,0,200704,4,0.000333
addition,448,1,200704,4,0.000333
duplication,448,1,200704,2,0.000333
multiplication,448,1,179830784,16,0.109000
elemwise_multiplication,448,1,200704,4,0.000333
addition,449,0,201601,8,0.000333
duplication,449,0,201601,4,0.000333
multiplication,449,0,181037698,8,0.101667
elemwise_multiplication,449,0,201601,8,0.000333
addition,449,1,201601,8,0.000333
duplication,449,1,201601,8,0.000000
multiplication,449,1,181037698,8,0.104333
elemwise_multiplication,449,1,201601,4,0.000333
addition,450,0,202500,4,0.000333
duplication,450,0,202500,4,0.000333
multiplication,450,0,182250000,8,0.098333
elemwise_multiplication,450,0,202500,4,0.000333
addition,450,1,202500,4,0.000333
duplication,450,1,202500,4,0.000333
multiplication,450,1,182250000,8,0.100667
elemwise_multiplication,450,1,202500,4,0.000333
addition,451,0,203401,4,0.000333
duplication,451,0,203401,2,0.000333
multiplication,451,0,183467702,8,0.109000
elemwise_multiplication,451,0,203401,4,0.000333
addition,451,1,203401,8,0.000333
duplication,451,1,203401,4,0.000333
multiplication,451,1,183467702,8,0.112667
elemwise_multiplication,451,1,203401,2,0.000333
addition,452,0,204304,4,0.000333
duplication,452,0,204304,4,0.000333
multiplication,452,0,184690816,8,0.117000
elemwise_multiplication,452,0,204304,4,0.000333
addition,452,1,204304,2,0.000333
duplication,452,1,204304,2,0.000333
multiplication,452,1,184690816,8,0.123000
elemwise_multiplication,452,1,204304,4,0.000333
addition,453,0,205209,4,0.000333
duplication,453,0,205209,4,0.000333
multiplication,453,0,185919354,8,0.110667
elemwise_multiplication,453,0,205209,4,0.000333
addition,453,1,205209,4,0.000333
duplication,453,1,205209,4,0.000333
multiplication,453,1,185919354,8,0.113667
elemwise_multiplication,453,1,205209,4,0.000333
addition,454,0,206116,8,0.000333
duplication,454,0,206116,2,0.000333
multiplication,454,0,187153328,8,0.100667
elemwise_multiplication,454,0,206116,2,0.000333
addition,454,1,206116,4,0.000333
duplication,454,1,206116,8,0.000333
multiplication,454,1,187153328,8,0.104333
elemwise_multiplication,454,1,206116,4,0.000333
addition,455,0,207025,16,0.000333
duplication,455,0,207025,2,0.000333
multiplication,455,0,188392750,8,0.129333
elemwise_multiplication,455,0,207025,4,0.000000
addition,455,1,207025,4,0.000333
duplication,455,1,207025,2,0.000333
multiplication,455,1,188392750,8,0.134333
elemwise_multiplication,455,1,207025,4,0.000333
addition,456,0,207936,16,0.000333
duplication,456,0,207936,4,0.000333
multiplication,456,0,189637632,8,0.109667
elemwise_multiplication,456,0,207936,2,0.000333
addition,456,1,207936,16,0.000333
duplication,456,1,207936,2,0.000333
multiplication,456,1,189637632,8,0.113333
elemwise_multiplication,456,1,207936,4,0.000333
addition,457,0,208849,8,0.000333
duplication,457,0,208849,4,0.000000
multiplication,457,0,190887986,8,0.109333
elemwise_multiplication,457,0,208849,2,0.000333
addition,457,1,208849,4,0.000333
duplication,457,1,208849,4,0.000333
multiplication,457,1,190887986,8,0.115000
elemwise_multiplication,457,1,208849,16,0.000333
addition,458,0,209764,8,0.000667
duplication,458,0,209764,4,0.000333
multiplication,458,0,192143824,8,0.115333
elemwise_multiplication,458,0,209764,4,0.000333
addition,458,1,209764,4,0.000333
duplication,458,1,209764,16,0.000333
multiplication,458,1,192143824,8,0.119000
elemwise_multiplication,458,1,209764,2,0.000333
addition,459,0,210681,8,0.000333
duplication,459,0,210681,4,0.000333
multiplication,459,0,193405158,8,0.114000
elemwise_multiplication,459,0,210681,4,0.000333
addition,459,1,210681,4,0.000333
duplication,459,1,210681,2,0.000333
multiplication,459,1,193405158,8,0.118667
elemwise_multiplication,459,1,210681,4,0.000333
addition,460,0,211600,16,0.000333
duplication,460,0,211600,4,0.000333
multiplication,460,0,194672000,8,0.116333
elemwise_multiplication,460,0,211600,4,0.000333
addition,460,1,211600,4,0.000333
duplication,460,1,211600,4,0.000333
multiplication,460,1,194672000,8,0.121333
elemwise_multiplication,460,1,211600,4,0.000333
addition,461,0,212521,4,0.000333
duplication,461,0,212521,4,0.000333
multiplication,461,0,195944362,16,0.130333
elemwise_multiplication,461,0,212521,2,0.000333
addition,461,1,212521,4,0.000667
duplication,461,1,212521,4,0.000333
multiplication,461,1,195944362,16,0.133000
elemwise_multiplication,461,1,212521,4,0.000333
addition,462,0,213444,4,0.000333
duplication,462,0,213444,4,0.000333
multiplication,462,0,197222256,8,0.113667
elemwise_multiplication,462,0,213444,4,0.000333
addition,462,1,213444,8,0.000333
duplication,462,1,213444,4,0.000333
multiplication,462,1,197222256,8,0.119333
elemwise_multiplication,462,1,213444,2,0.000333
addition,463,0,214369,4,0.000333
duplication,463,0,214369,4,0.000333
multiplication,463,0,198505694,16,0.125000
elemwise_multiplication,463,0,214369,4,0.000333
addition,463,1,214369,4,0.000333
duplication,463,1,214369,2,0.000333
multiplication,463,1,198505694,8,0.129667
elemwise_multiplication,463,1,214369,4,0.000333
addition,464,0,215296,8,0.000333
duplication,464,0,215296,4,0.000333
multiplication,464,0,199794688,8,0.114333
elemwise_multiplication,464,0,215296,4,0.000000
addition,464,1,215296,4,0.000333
duplication,464,1,215296,8,0.000333
multiplication,464,1,199794688,8,0.118000
elemwise_multiplication,464,1,215296,2,0.000333
addition,465,0,216225,8,0.000333
duplication,465,0,216225,4,0.000333
multiplication,465,0,201089250,8,0.118667
elemwise_multiplication,465,0,216225,8,0.000333
addition,465,1,216225,8,0.000333
duplication,465,1,216225,2,0.000333
multiplication,465,1,201089250,8,0.123667
elemwise_multiplication,465,1,216225,2,0.000333
addition,466,0,217156,8,0.000333
duplication,466,0,217156,2,0.000333
multiplication,466,0,202389392,8,0.127333
elemwise_multiplication,466,0,217156,4,0.000333
addition,466,1,217156,4,0.000333
duplication,466,1,217156,4,0.000333
multiplication,466,1,202389392,16,0.133667
elemwise_multiplication,466,1,217156,4,0.000333
addition,467,0,218089,8,0.000333
duplication,467,0,218089,2,0.000333
multiplication,467,0,203695126,8,0.203000
elemwise_multiplication,467,0,218089,8,0.000667
addition,467,1,218089,8,0.000667
duplication,467,1,218089,4,0.000667
multiplication,467,1,203695126,16,0.214000
elemwise_multiplication,467,1,218089,4,0.000667
addition,468,0,219024,4,0.001000
duplication,468,0,219024,4,0.000667
multiplication,468,0,205006464,8,0.151000
elemwise_multiplication,468,0,219024,2,0.000333
addition,468,1,219024,4,0.000333
duplication,468,1,219024,8,0.000333
multiplication,468,1,205006464,8,0.153333
elemwise_multiplication,468,1,219024,4,0.000333
addition,469,0,219961,4,0.000333
duplication,469,0,219961,4,0.000333
multiplication,469,0,206323418,8,0.128667
elemwise_multiplication,469,0,219961,4,0.000000
addition,469,1,219961,4,0.000333
duplication,469,1,219961,4,0.000333
multiplication,469,1,206323418,16,0.137333
elemwise_multiplication,469,1,219961,4,0.000333
addition,470,0,220900,8,0.000333
duplication,470,0,220900,2,0.000333
multiplication,470,0,207646000,8,0.131667
elemwise_multiplication,470,0,220900,8,0.000333
addition,470,1,220900,4,0.000333
duplication,470,1,220900,4,0.000333
multiplication,470,1,207646000,8,0.115000
elemwise_multiplication,470,1,220900,2,0.000333
addition,471,0,221841,8,0.000333
duplication,471,0,221841,4,0.000333
multiplication,471,0,208974222,8,0.113000
elemwise_multiplication,471,0,221841,4,0.000333
addition,471,1,221841,4,0.000333
duplication,471,1,221841,4,0.000333
multiplication,471,1,208974222,8,0.115667
elemwise_multiplication,471,1,221841,2,0.000333
addition,472,0,222784,8,0.000333
duplication,472,0,222784,2,0.000333
multiplication,472,0,210308096,8,0.114000
elemwise_multiplication,472,0,222784,2,0.000333
addition,472,1,222784,8,0.000333
duplication,472,1,222784,2,0.000333
multiplication,472,1,210308096,8,0.118000
elemwise_multiplication,472,1,222784,4,0.000333
addition,473,0,223729,4,0.000333
duplication,473,0,223729,2,0.000333
multiplication,473,0,211647634,8,0.126667
elemwise_multiplication,473,0,223729,2,0.000333
addition,473,1,223729,4,0.000333
duplication,473,1,223729,4,0.000333
multiplication,473,1,211647634,8,0.131333
elemwise_multiplication,473,1,223729,2,0.000333
addition,474,0,224676,8,0.000333
duplication,474,0,224676,4,0.000333
multiplication,474,0,212992848,8,0.116667
elemwise_multiplication,474,0,224676,4,0.000333
addition,474,1,224676,4,0.000333
duplication,474,1,224676,4,0.000333
multiplication,474,1,212992848,8,0.119333
elemwise_multiplication,474,1,224676,4,0.000333
addition,475,0,225625,8,0.000333
duplication,475,0,225625,4,0.000333
multiplication,475,0,214343750,16,0.124000
elemwise_multiplication,475,0,225625,4,0.000333
addition,475,1,225625,16,0.000333
duplication,475,1,225625,4,0.000333
multiplication,475,1,214343750,8,0.129000
elemwise_multiplication,475,1,225625,8,0.000333
addition,476,0,226576,4,0.000333
duplication,476,0,226576,4,0.000333
multiplication,476,0,215700352,8,0.117667
elemwise_multiplication,476,0,226576,2,0.000333
addition,476,1,226576,8,0.000333
duplication,476,1,226576,4,0.000333
multiplication,476,1,215700352,8,0.120667
elemwise_multiplication,476,1,226576,4,0.000333
addition,477,0,227529,8,0.000333
duplication,477,0,227529,4,0.000333
multiplication,477,0,217062666,8,0.119333
elemwise_multiplication,477,0,227529,4,0.000333
addition,477,1,227529,8,0.000333
duplication,477,1,227529,2,0.000333
multiplication,477,1,217062666,8,0.120333
elemwise_multiplication,477,1,227529,8,0.000333
addition,478,0,228484,8,0.000333
duplication,478,0,228484,2,0.000333
multiplication,478,0,218430704,16,0.120667
elemwise_multiplication,478,0,228484,4,0.000333
addition,478,1,228484,4,0.000333
duplication,478,1,228484,4,0.000333
multiplication,478,1,218430704,8,0.121000
elemwise_multiplication,478,1,228484,2,0.000333
addition,479,0,229441,8,0.000333
duplication,479,0,229441,2,0.000333
multiplication,479,0,219804478,8,0.133000
elemwise_multiplication,479,0,229441,2,0.000333
addition,479,1,229441,8,0.000333
duplication,479,1,229441,2,0.000333
multiplication,479,1,219804478,8,0.139667
elemwise_multiplication,479,1,229441,4,0.000333
addition,480,0,230400,4,0.000333
duplication,480,0,230400,4,0.000333
multiplication,480,0,221184000,8,0.130333
elemwise_multiplication,480,0,230400,2,0.000333
addition,480,1,230400,4,0.000333
duplication,480,1,230400,4,0.000333
multiplication,480,1,221184000,8,0.134333
elemwise_multiplication,480,1,230400,4,0.000333
addition,481,0,231361,4,0.000333
duplication,481,0,231361,4,0.000333
multiplication,481,0,222569282,8,0.131333
elemwise_multiplication,481,0,231361,2,0.000333
addition,481,1,231361,4,0.000333
duplication,481,1,231361,4,0.000333
multiplication,481,1,222569282,8,0.125000
elemwise_multiplication,481,1,231361,4,0.000333
addition,482,0,232324,4,0.000333
duplication,482,0,232324,4,0.000333
multiplication,482,0,223960336,8,0.174667
elemwise_multiplication,482,0,232324,8,0.000333
addition,482,1,232324,4,0.000333
duplication,482,1,232324,4,0.000333
multiplication,482,1,223960336,8,0.181000
elemwise_multiplication,482,1,232324,2,0.000333
addition,483,0,233289,4,0.000333
duplication,483,0,233289,4,0.000333
multiplication,483,0,225357174,8,0.122333
elemwise_multiplication,483,0,233289,4,0.000333
addition,483,1,233289,8,0.000333
duplication,483,1,233289,8,0.000333
multiplication,483,1,225357174,8,0.126667
elemwise_multiplication,483,1,233289,2,0.000333
addition,484,0,234256,8,0.000333
duplication,484,0,234256,4,0.000333
multiplication,484,0,226759808,8,0.124000
elemwise_multiplication,484,0,234256,4,0.000333
addition,484,1,234256,4,0.000333
duplication,484,1,234256,16,0.000333
multiplication,484,1,226759808,8,0.126667
elemwise_multiplication,484,1,234256,4,0.000333
addition,485,0,235225,4,0.000333
duplication,485,0,235225,4,0.000333
multiplication,485,0,228168250,8,0.125667
elemwise_multiplication,485,0,235225,4,0.000333
addition,485,1,235225,4,0.000333
duplication,485,1,235225,2,0.000333
multiplication,485,1,228168250,8,0.148667
elemwise_multiplication,485,1,235225,2,0.000333
addition,486,0,236196,4,0.000333
duplication,486,0,236196,4,0.000333
multiplication,486,0,229582512,8,0.128333
elemwise_multiplication,486,0,236196,4,0.000333
addition,486,1,236196,4,0.000333
duplication,486,1,236196,8,0.000333
multiplication,486,1,229582512,8,0.169667
elemwise_multiplication,486,1,236196,4,0.000333
addition,487,0,237169,4,0.000333
duplication,487,0,237169,4,0.000333
multiplication,487,0,231002606,8,0.125667
elemwise_multiplication,487,0,237169,4,0.000333
addition,487,1,237169,4,0.000333
duplication,487,1,237169,4,0.000333
multiplication,487,1,231002606,8,0.130000
elemwise_multiplication,487,1,237169,4,0.000333
addition,488,0,238144,8,0.000333
duplication,488,0,238144,4,0.000333
multiplication,488,0,232428544,16,0.128000
elemwise_multiplication,488,0,238144,2,0.000333
addition,488,1,238144,4,0.000333
duplication,488,1,238144,2,0.000333
multiplication,488,1,232428544,8,0.134000
elemwise_multiplication,488,1,238144,4,0.000333
addition,489,0,239121,4,0.000333
duplication,489,0,239121,2,0.000333
multiplication,489,0,233860338,8,0.140667
elemwise_multiplication,489,0,239121,4,0.000333
addition,489,1,239121,4,0.000333
duplication,489,1,239121,2,0.000333
multiplication,489,1,233860338,8,0.141667
elemwise_multiplication,489,1,239121,2,0.000333
addition,490,0,240100,4,0.000333
duplication,490,0,240100,4,0.000333
multiplication,490,0,235298000,8,0.128667
elemwise_multiplication,490,0,240100,8,0.000333
addition,490,1,240100,4,0.000333
duplication,490,1,240100,2,0.000333
multiplication,490,1,235298000,8,0.131667
elemwise_multiplication,490,1,240100,4,0.000333
addition,491,0,241081,4,0.000333
duplication,491,0,241081,2,0.000333
multiplication,491,0,236741542,8,0.128333
elemwise_multiplication,491,0,241081,8,0.000333
addition,491,1,241081,8,0.000333
duplication,491,1,241081,4,0.000333
multiplication,491,1,236741542,16,0.155667
elemwise_multiplication,491,1,241081,2,0.000333
addition,492,0,242064,4,0.000333
duplication,492,0,242064,4,0.000333
multiplication,492,0,238190976,8,0.146333
elemwise_multiplication,492,0,242064,8,0.000333
addition,492,1,242064,4,0.000333
duplication,492,1,242064,4,0.000333
multiplication,492,1,238190976,16,0.157333
elemwise_multiplication,492,1,242064,4,0.000333
addition,493,0,243049,4,0.000333
duplication,493,0,243049,4,0.000333
multiplication,493,0,239646314,8,0.142333
elemwise_multiplication,493,0,243049,8,0.000333
addition,493,1,243049,4,0.000333
duplication,493,1,243049,4,0.000333
multiplication,493,1,239646314,8,0.149333
elemwise_multiplication,493,1,243049,2,0.000333
addition,494,0,244036,8,0.000333
duplication,494,0,244036,4,0.000333
multiplication,494,0,241107568,16,0.162333
elemwise_multiplication,494,0,244036,2,0.000333
addition,494,1,244036,4,0.000333
duplication,494,1,244036,4,0.000333
multiplication,494,1,241107568,16,0.171667
elemwise_multiplication,494,1,244036,2,0.000333
addition,495,0,245025,4,0.000333
duplication,495,0,245025,8,0.000333
multiplication,495,0,242574750,8,0.146333
elemwise_multiplication,495,0,245025,4,0.000333
addition,495,1,245025,4,0.000333
duplication,495,1,245025,4,0.000333
multiplication,495,1,242574750,8,0.151000
elemwise_multiplication,495,1,245025,8,0.000333
addition,496,0,246016,8,0.000333
duplication,496,0,246016,4,0.000333
multiplication,496,0,244047872,8,0.141667
elemwise_multiplication,496,0,246016,4,0.000333
addition,496,1,246016,4,0.000333
duplication,496,1,246016,8,0.000333
multiplication,496,1,244047872,8,0.136333
elemwise_multiplication,496,1,246016,2,0.000333
addition,497,0,247009,8,0.000333
duplication,497,0,247009,2,0.000333
multiplication,497,0,245526946,16,0.137333
elemwise_multiplication,497,0,247009,8,0.000333
addition,497,1,247009,4,0.000333
duplication,497,1,247009,2,0.000333
multiplication,497,1,245526946,8,0.140333
elemwise_multiplication,497,1,247009,4,0.000333
addition,498,0,248004,8,0.000333
duplication,498,0,248004,8,0.000333
multiplication,498,0,247011984,8,0.150333
elemwise_multiplication,498,0,248004,2,0.000333
addition,498,1,248004,4,0.000333
duplication,498,1,248004,2,0.000333
multiplication,498,1,247011984,8,0.158000
elemwise_multiplication,498,1,248004,8,0.000333
addition,499,0,249001,4,0.000333
duplication,499,0,249001,4,0.000333
multiplication,499,0,248502998,8,0.143667
elemwise_multiplication,499,0,249001,16,0.000333
addition,499,1,249001,2,0.000667
duplication,499,1,249001,4,0.000333
multiplication,499,1,248502998,8,0.143667
elemwise_multiplication,499,1,249001,4,0.000333
addition,500,0,250000,8,0.000333
duplication,500,0,250000,8,0.000667
multiplication,500,0,250000000,8,0.138000
elemwise_multiplication,500,0,250000,8,0.000333
addition,500,1,250000,4,0.000333
duplication,500,1,250000,2,0.000333
multiplication,500,1,250000000,8,0.140667
elemwise_multiplication,500,1,250000,2,0.000333
addition,501,0,251001,4,0.000333
duplication,501,0,251001,4,0.000333
multiplication,501,0,251503002,8,0.152667
elemwise_multiplication,501,0,251001,4,0.000333
addition,501,1,251001,4,0.000333
duplication,501,1,251001,4,0.000333
multiplication,501,1,251503002,16,0.155667
elemwise_multiplication,501,1,251001,2,0.000333
addition,502,0,252004,8,0.000333
duplication,502,0,252004,4,0.000333
multiplication,502,0,253012016,8,0.154667
elemwise_multiplication,502,0,252004,4,0.000333
addition,502,1,252004,4,0.000333
duplication,502,1,252004,2,0.000333
multiplication,502,1,253012016,8,0.156667
elemwise_multiplication,502,1,252004,4,0.000333
addition,503,0,253009,8,0.000333
duplication,503,0,253009,8,0.000333
multiplication,503,0,254527054,8,0.176333
elemwise_multiplication,503,0,253009,4,0.000333
addition,503,1,253009,4,0.000333
duplication,503,1,253009,8,0.000333
multiplication,503,1,254527054,8,0.185667
elemwise_multiplication,503,1,253009,4,0.000333
addition,504,0,254016,4,0.000333
duplication,504,0,254016,2,0.000333
multiplication,504,0,256048128,8,0.159667
elemwise_multiplication,504,0,254016,2,0.000333
addition,504,1,254016,8,0.000333
duplication,504,1,254016,4,0.000333
multiplication,504,1,256048128,8,0.166333
elemwise_multiplication,504,1,254016,4,0.000333
addition,505,0,255025,8,0.000333
duplication,505,0,255025,4,0.000333
multiplication,505,0,257575250,16,0.165000
elemwise_multiplication,505,0,255025,4,0.000333
addition,505,1,255025,8,0.000333
duplication,505,1,255025,4,0.000333
multiplication,505,1,257575250,16,0.171667
elemwise_multiplication,505,1,255025,4,0.000333
addition,506,0,256036,4,0.000333
duplication,506,0,256036,4,0.000333
multiplication,506,0,259108432,8,0.159000
elemwise_multiplication,506,0,256036,2,0.000333
addition,506,1,256036,16,0.000333
duplication,506,1,256036,16,0.000333
multiplication,506,1,259108432,8,0.162333
elemwise_multiplication,506,1,256036,2,0.000333
addition,507,0,257049,4,0.000333
duplication,507,0,257049,8,0.000333
multiplication,507,0,260647686,8,0.160667
elemwise_multiplication,507,0,257049,4,0.000333
addition,507,1,257049,8,0.000333
duplication,507,1,257049,4,0.000333
multiplication,507,1,260647686,8,0.166667
elemwise_multiplication,507,1,257049,4,0.000333
addition,508,0,258064,4,0.000333
duplication,508,0,258064,4,0.000333
multiplication,508,0,262193024,8,0.163667
elemwise_multiplication,508,0,258064,4,0.000333
addition,508,1,258064,4,0.000333
duplication,508,1,258064,4,0.000333
multiplication,508,1,262193024,8,0.165667
elemwise_multiplication,508,1,258064,4,0.000333
addition,509,0,259081,4,0.000333
duplication,509,0,259081,4,0.000333
multiplication,509,0,263744458,8,0.155000
elemwise_multiplication,509,0,259081,8,0.000333
addition,509,1,259081,4,0.000333
duplication,509,1,259081,8,0.000333
multiplication,509,1,263744458,8,0.178000
elemwise_multiplication,509,1,259081,4,0.000667
addition,510,0,260100,8,0.001000
duplication,510,0,260100,4,0.000667
multiplication,510,0,265302000,8,0.161667
elemwise_multiplication,510,0,260100,4,0.000333
addition,510,1,260100,4,0.000333
duplication,510,1,260100,8,0.000333
multiplication,510,1,265302000,8,0.159333
elemwise_multiplication,510,1,260100,2,0.000333
addition,511,0,261121,4,0.000333
duplication,511,0,261121,4,0.000333
multiplication,511,0,266865662,8,0.148667
elemwise_multiplication,511,0,261121,4,0.000333
addition,511,1,261121,8,0.000333
duplication,511,1,261121,8,0.000333
multiplication,511,1,266865662,8,0.148000
elemwise_multiplication,511,1,261121,4,0.000333
addition,512,0,262144,4,0.000333
duplication,512,0,262144,8,0.000333
multiplication,512,0,268435456,16,0.231000
elemwise_multiplication,512,0,262144,2,0.000333
addition,512,1,262144,4,0.000333
duplication,512,1,262144,4,0.000333
multiplication,512,1,268435456,8,0.211000
elemwise_multiplication,512,1,262144,4,0.000333
addition,513,0,263169,4,0.000333
duplication,513,0,263169,4,0.000333
multiplication,513,0,270011394,8,0.145333
elemwise_multiplication,513,0,263169,4,0.000333
addition,513,1,263169,4,0.000333
duplication,513,1,263169,4,0.000333
multiplication,513,1,270011394,8,0.148333
elemwise_multiplication,513,1,263169,4,0.000333
addition,514,0,264196,8,0.000333
duplication,514,0,264196,8,0.000333
multiplication,514,0,271593488,8,0.150000
elemwise_multiplication,514,0,264196,4,0.000333
addition,514,1,264196,4,0.000333
duplication,514,1,264196,8,0.000333
multiplication,514,1,271593488,8,0.151667
elemwise_multiplication,514,1,264196,8,0.000333
addition,515,0,265225,4,0.000333
duplication,515,0,265225,2,0.000333
multiplication,515,0,273181750,8,0.155333
elemwise_multiplication,515,0,265225,4,0.000333
addition,515,1,265225,8,0.000333
duplication,515,1,265225,4,0.000667
multiplication,515,1,273181750,16,0.160667
elemwise_multiplication,515,1,265225,4,0.000333
addition,516,0,266256,4,0.000333
duplication,516,0,266256,8,0.000333
multiplication,516,0,274776192,16,0.168667
elemwise_multiplication,516,0,266256,8,0.000333
addition,516,1,266256,4,0.000333
duplication,516,1,266256,2,0.000333
multiplication,516,1,274776192,8,0.168000
elemwise_multiplication,516,1,266256,8,0.000333
addition,517,0,267289,4,0.000333
duplication,517,0,267289,4,0.000333
multiplication,517,0,276376826,8,0.151333
elemwise_multiplication,517,0,267289,8,0.000333
addition,517,1,267289,8,0.000333
duplication,517,1,267289,4,0.000333
multiplication,517,1,276376826,8,0.154667
elemwise_multiplication,517,1,267289,4,0.000333
addition,518,0,268324,8,0.000333
duplication,518,0,268324,4,0.000333
multiplication,518,0,277983664,16,0.169000
elemwise_multiplication,518,0,268324,4,0.000333
addition,518,1,268324,4,0.000333
duplication,518,1,268324,2,0.000333
multiplication,518,1,277983664,8,0.172000
elemwise_multiplication,518,1,268324,4,0.000333
addition,519,0,269361,4,0.000333
duplication,519,0,269361,16,0.000333
multiplication,519,0,279596718,8,0.156000
elemwise_multiplication,519,0,269361,8,0.000333
addition,519,1,269361,4,0.000333
duplication,519,1,269361,8,0.000333
multiplication,519,1,279596718,8,0.157333
elemwise_multiplication,519,1,269361,4,0.000333
addition,520,0,270400,4,0.000333
duplication,520,0,270400,4,0.000333
multiplication,520,0,281216000,8,0.151667
elemwise_multiplication,520,0,270400,4,0.000333
addition,520,1,270400,4,0.000333
duplication,520,1,270400,4,0.000333
multiplication,520,1,281216000,8,0.156333
elemwise_multiplication,520,1,270400,8,0.000333
addition,521,0,271441,4,0.000333
duplication,521,0,271441,4,0.000333
multiplication,521,0,282841522,8,0.155667
elemwise_multiplication,521,0,271441,4,0.000333
addition,521,1,271441,4,0.000333
duplication,521,1,271441,8,0.000333
multiplication,521,1,282841522,8,0.157333
elemwise_multiplication,521,1,271441,2,0.000333
addition,522,0,272484,4,0.000333
duplication,522,0,272484,8,0.000667
multiplication,522,0,284473296,8,0.155667
elemwise_multiplication,522,0,272484,4,0.000333
addition,522,1,272484,8,0.000333
duplication,522,1,272484,4,0.000333
multiplication,522,1,284473296,8,0.163000
elemwise_multiplication,522,1,272484,4,0.000333
addition,523,0,273529,8,0.000333
duplication,523,0,273529,4,0.000333
multiplication,523,0,286111334,8,0.162000
elemwise_multiplication,523,0,273529,16,0.000333
addition,523,1,273529,4,0.000333
duplication,523,1,273529,16,0.000333
multiplication,523,1,286111334,8,0.164000
elemwise_multiplication,523,1,273529,4,0.000333
addition,524,0,274576,8,0.000333
duplication,524,0,274576,8,0.000333
multiplication,524,0,287755648,8,0.171000
elemwise_multiplication,524,0,274576,4,0.000333
addition,524,1,274576,8,0.000333
duplication,524,1,274576,8,0.000333
multiplication,524,1,287755648,16,0.179333
elemwise_multiplication,524,1,274576,4,0.000333
addition,525,0,275625,4,0.000333
duplication,525,0,275625,16,0.000333
multiplication,525,0,289406250,8,0.171667
elemwise_multiplication,525,0,275625,8,0.000333
addition,525,1,275625,8,0.000333
duplication,525,1,275625,8,0.000333
multiplication,525,1,289406250,8,0.182333
elemwise_multiplication,525,1,275625,4,0.000333
addition,526,0,276676,16,0.000333
duplication,526,0,276676,4,0.000333
multiplication,526,0,291063152,8,0.159667
elemwise_multiplication,526,0,276676,4,0.000333
addition,526,1,276676,4,0.000333
duplication,526,1,276676,8,0.000333
multiplication,526,1,291063152,16,0.164667
elemwise_multiplication,526,1,276676,4,0.000333
addition,527,0,277729,8,0.000333
duplication,527,0,277729,4,0.000333
multiplication,527,0,292726366,8,0.161667
elemwise_multiplication,527,0,277729,4,0.000333
addition,527,1,277729,8,0.000333
duplication,527,1,277729,2,0.000333
multiplication,527,1,292726366,16,0.167667
elemwise_multiplication,527,1,277729,4,0.000333
addition,528,0,278784,4,0.000333
duplication,528,0,278784,8,0.000333
multiplication,528,0,294395904,16,0.160333
elemwise_multiplication,528,0,278784,2,0.000333
addition,528,1,278784,8,0.000333
duplication,528,1,278784,8,0.000333
multiplication,528,1,294395904,8,0.164000
elemwise_multiplication,528,1,278784,2,0.000333
addition,529,0,279841,8,0.000333
duplication,529,0,279841,8,0.000333
multiplication,529,0,296071778,8,0.164333
elemwise_multiplication,529,0,279841,4,0.000333
addition,529,1,279841,4,0.000333
duplication,529,1,279841,8,0.000333
multiplication,529,1,296071778,8,0.169000
elemwise_multiplication,529,1,279841,4,0.000333
addition,530,0,280900,4,0.000333
duplication,530,0,280900,16,0.000333
multiplication,530,0,297754000,8,0.170667
elemwise_multiplication,530,0,280900,8,0.000333
addition,530,1,280900,8,0.000333
duplication,530,1,280900,8,0.000333
multiplication,530,1,297754000,8,0.176667
elemwise_multiplication,530,1,280900,4,0.000333
addition,531,0,281961,4,0.000333
duplication,531,0,281961,4,0.000333
multiplication,531,0,299442582,8,0.167667
elemwise_multiplication,531,0,281961,8,0.000333
addition,531,1,281961,4,0.000333
duplication,531,1,281961,2,0.000333
multiplication,531,1,299442582,8,0.177000
elemwise_multiplication,531,1,281961,4,0.000333
addition,532,0,283024,4,0.000333
duplication,532,0,283024,4,0.000333
multiplication,532,0,301137536,8,0.171333
elemwise_multiplication,532,0,283024,2,0.000333
addition,532,1,283024,8,0.000333
duplication,532,1,283024,8,0.000333
multiplication,532,1,301137536,8,0.175000
elemwise_multiplication,532,1,283024,4,0.000333
addition,533,0,284089,8,0.000333
duplication,533,0,284089,8,0.000333
multiplication,533,0,302838874,16,0.172333
elemwise_multiplication,533,0,284089,4,0.000333
addition,533,1,284089,4,0.000333
duplication,533,1,284089,8,0.000333
multiplication,533,1,302838874,8,0.176333
elemwise_multiplication,533,1,284089,4,0.000333
addition,534,0,285156,4,0.000333
duplication,534,0,285156,4,0.000333
multiplication,534,0,304546608,8,0.173667
elemwise_multiplication,534,0,285156,4,0.000333
addition,534,1,285156,8,0.000333
duplication,534,1,285156,2,0.000667
multiplication,534,1,304546608,16,0.182000
elemwise_multiplication,534,1,285156,16,0.000333
addition,535,0,286225,8,0.000333
duplication,535,0,286225,8,0.000333
multiplication,535,0,306260750,8,0.172667
elemwise_multiplication,535,0,286225,4,0.000000
addition,535,1,286225,16,0.000333
duplication,535,1,286225,4,0.000333
multiplication,535,1,306260750,8,0.178000
elemwise_multiplication,535,1,286225,4,0.000333
addition,536,0,287296,8,0.000333
duplication,536,0,287296,4,0.000333
multiplication,536,0,307981312,8,0.168667
elemwise_multiplication,536,0,287296,4,0.000333
addition,536,1,287296,8,0.000333
duplication,536,1,287296,4,0.000333
multiplication,536,1,307981312,8,0.176000
elemwise_multiplication,536,1,287296,4,0.000333
addition,537,0,288369,4,0.000333
duplication,537,0,288369,8,0.000333
multiplication,537,0,309708306,16,0.193000
elemwise_multiplication,537,0,288369,4,0.000333
addition,537,1,288369,2,0.000667
duplication,537,1,288369,4,0.000333
multiplication,537,1,309708306,8,0.186000
elemwise_multiplication,537,1,288369,8,0.000333
addition,538,0,289444,8,0.000333
duplication,538,0,289444,4,0.000333
multiplication,538,0,311441744,8,0.175333
elemwise_multiplication,538,0,289444,16,0.000333
addition,538,1,289444,8,0.000333
duplication,538,1,289444,8,0.000333
multiplication,538,1,311441744,8,0.179000
elemwise_multiplication,538,1,289444,4,0.000333
addition,539,0,290521,8,0.000333
duplication,539,0,290521,8,0.000333
multiplication,539,0,313181638,8,0.195667
elemwise_multiplication,539,0,290521,16,0.000333
addition,539,1,290521,4,0.000333
duplication,539,1,290521,4,0.000333
multiplication,539,1,313181638,16,0.202667
elemwise_multiplication,539,1,290521,2,0.000333
addition,540,0,291600,4,0.000333
duplication,540,0,291600,4,0.000333
multiplication,540,0,314928000,8,0.222000
elemwise_multiplication,540,0,291600,8,0.000333
addition,540,1,291600,4,0.000333
duplication,540,1,291600,4,0.000333
multiplication,540,1,314928000,8,0.185333
elemwise_multiplication,540,1,291600,8,0.000333
addition,541,0,292681,4,0.000333
duplication,541,0,292681,8,0.000333
multiplication,541,0,316680842,8,0.258333
elemwise_multiplication,541,0,292681,8,0.000667
addition,541,1,292681,8,0.001000
duplication,541,1,292681,8,0.000667
multiplication,541,1,316680842,8,0.306333
elemwise_multiplication,541,1,292681,8,0.000667
addition,542,0,293764,4,0.001333
duplication,542,0,293764,8,0.000667
multiplication,542,0,318440176,8,0.303667
elemwise_multiplication,542,0,293764,4,0.000667
addition,542,1,293764,8,0.001000
duplication,542,1,293764,8,0.000667
multiplication,542,1,318440176,16,0.301000
elemwise_multiplication,542,1,293764,4,0.000667
addition,543,0,294849,8,0.001000
duplication,543,0,294849,8,0.000667
multiplication,543,0,320206014,8,0.295667
elemwise_multiplication,543,0,294849,8,0.000667
addition,543,1,294849,8,0.001000
duplication,543,1,294849,4,0.001000
multiplication,543,1,320206014,8,0.301000
elemwise_multiplication,543,1,294849,8,0.000667
addition,544,0,295936,8,0.001333
duplication,544,0,295936,8,0.000667
multiplication,544,0,321978368,8,0.293333
elemwise_multiplication,544,0,295936,4,0.000667
addition,544,1,295936,8,0.001000
duplication,544,1,295936,4,0.001000
multiplication,544,1,321978368,8,0.306667
elemwise_multiplication,544,1,295936,4,0.000667
addition,545,0,297025,8,0.001000
duplication,545,0,297025,8,0.000667
multiplication,545,0,323757250,8,0.305333
elemwise_multiplication,545,0,297025,2,0.000667
addition,545,1,297025,16,0.001000
duplication,545,1,297025,8,0.001000
multiplication,545,1,323757250,16,0.311000
elemwise_multiplication,545,1,297025,8,0.000667
addition,546,0,298116,4,0.001333
duplication,546,0,298116,4,0.001000
multiplication,546,0,325542672,16,0.303333
elemwise_multiplication,546,0,298116,8,0.000667
addition,546,1,298116,8,0.001667
duplication,546,1,298116,8,0.001333
multiplication,546,1,325542672,8,0.202333
elemwise_multiplication,546,1,298116,4,0.000333
addition,547,0,299209,4,0.000667
duplication,547,0,299209,4,0.000333
multiplication,547,0,327334646,8,0.186667
elemwise_multiplication,547,0,299209,8,0.000333
addition,547,1,299209,4,0.000333
duplication,547,1,299209,4,0.000333
multiplication,547,1,327334646,8,0.197000
elemwise_multiplication,547,1,299209,4,0.000333
addition,548,0,300304,4,0.000667
duplication,548,0,300304,4,0.000333
multiplication,548,0,329133184,16,0.188000
elemwise_multiplication,548,0,300304,4,0.000333
addition,548,1,300304,4,0.000333
duplication,548,1,300304,4,0.000333
multiplication,548,1,329133184,8,0.190000
elemwise_multiplication,548,1,300304,8,0.000333
addition,549,0,301401,8,0.000333
duplication,549,0,301401,4,0.000333
multiplication,549,0,330938298,8,0.194667
elemwise_multiplication,549,0,301401,8,0.000333
addition,549,1,301401,8,0.000333
duplication,549,1,301401,8,0.000333
multiplication,549,1,330938298,8,0.231000
elemwise_multiplication,549,1,301401,4,0.000333
addition,550,0,302500,4,0.001000
duplication,550,0,302500,4,0.001000
multiplication,550,0,332750000,8,0.313667
elemwise_multiplication,550,0,302500,4,0.000667
addition,550,1,302500,16,0.001000
duplication,550,1,302500,4,0.000667
multiplication,550,1,332750000,8,0.314333
elemwise_multiplication,550,1,302500,8,0.000667
addition,551,0,303601,8,0.001333
duplication,551,0,303601,4,0.001333
multiplication,551,0,334568302,8,0.311667
elemwise_multiplication,551,0,303601,4,0.000667
addition,551,1,303601,8,0.001000
duplication,551,1,303601,8,0.001333
multiplication,551,1,334568302,16,0.317333
elemwise_multiplication,551,1,303601,8,0.000667
addition,552,0,304704,4,0.000667
duplication,552,0,304704,8,0.000667
multiplication,552,0,336393216,8,0.308667
elemwise_multiplication,552,0,304704,4,0.000667
addition,552,1,304704,4,0.001000
duplication,552,1,304704,8,0.001000
multiplication,552,1,336393216,8,0.313333
elemwise_multiplication,552,1,304704,4,0.000667
addition,553,0,305809,8,0.000667
duplication,553,0,305809,4,0.000667
multiplication,553,0,338224754,8,0.319667
elemwise_multiplication,553,0,305809,8,0.000667
addition,553,1,305809,4,0.001333
duplication,553,1,305809,8,0.001333
multiplication,553,1,338224754,8,0.329667
elemwise_multiplication,553,1,305809,8,0.000667
addition,554,0,306916,8,0.001333
duplication,554,0,306916,4,0.001000
multiplication,554,0,340062928,16,0.320667
elemwise_multiplication,554,0,306916,8,0.000667
addition,554,1,306916,8,0.001000
duplication,554,1,306916,8,0.001000
multiplication,554,1,340062928,8,0.325667
elemwise_multiplication,554,1,306916,4,0.000667
addition,555,0,308025,16,0.001667
duplication,555,0,308025,8,0.001000
multiplication,555,0,341907750,16,0.321000
elemwise_multiplication,555,0,308025,8,0.000667
addition,555,1,308025,8,0.001000
duplication,555,1,308025,2,0.001000
multiplication,555,1,341907750,16,0.329667
elemwise_multiplication,555,1,308025,8,0.000667
addition,556,0,309136,8,0.001000
duplication,556,0,309136,8,0.000667
multiplication,556,0,343759232,8,0.322000
elemwise_multiplication,556,0,309136,8,0.000667
addition,556,1,309136,8,0.001000
duplication,556,1,309136,8,0.000667
multiplication,556,1,343759232,16,0.330000
elemwise_multiplication,556,1,309136,4,0.000667
addition,557,0,310249,8,0.001000
duplication,557,0,310249,4,0.001000
multiplication,557,0,345617386,8,0.323333
elemwise_multiplication,557,0,310249,8,0.000667
addition,557,1,310249,16,0.001000
duplication,557,1,310249,4,0.001000
multiplication,557,1,345617386,8,0.330000
elemwise_multiplication,557,1,310249,8,0.000667
addition,558,0,311364,16,0.001000
duplication,558,0,311364,8,0.000667
multiplication,558,0,347482224,8,0.324667
elemwise_multiplication,558,0,311364,8,0.000667
addition,558,1,311364,4,0.001333
duplication,558,1,311364,4,0.001333
multiplication,558,1,347482224,16,0.329000
elemwise_multiplication,558,1,311364,4,0.000667
addition,559,0,312481,8,0.001000
duplication,559,0,312481,8,0.001000
multiplication,559,0,349353758,8,0.325333
elemwise_multiplication,559,0,312481,8,0.000667
addition,559,1,312481,8,0.000667
duplication,559,1,312481,8,0.000667
multiplication,559,1,349353758,8,0.336333
elemwise_multiplication,559,1,312481,8,0.000667
addition,560,0,313600,8,0.001000
duplication,560,0,313600,2,0.001000
multiplication,560,0,351232000,16,0.275667
elemwise_multiplication,560,0,313600,8,0.000667
addition,560,1,313600,8,0.001000
duplication,560,1,313600,4,0.001000
multiplication,560,1,351232000,16,0.341667
elemwise_multiplication,560,1,313600,4,0.001000
addition,561,0,314721,8,0.001667
duplication,561,0,314721,8,0.001000
multiplication,561,0,353116962,8,0.352333
elemwise_multiplication,561,0,314721,8,0.000667
addition,561,1,314721,2,0.002000
duplication,561,1,314721,8,0.001000
multiplication,561,1,353116962,16,0.375000
elemwise_multiplication,561,1,314721,4,0.000667
addition,562,0,315844,8,0.001000
duplication,562,0,315844,8,0.001333
multiplication,562,0,355008656,16,0.331333
elemwise_multiplication,562,0,315844,8,0.000667
addition,562,1,315844,8,0.001000
duplication,562,1,315844,4,0.001000
multiplication,562,1,355008656,8,0.342333
elemwise_multiplication,562,1,315844,8,0.000667
addition,563,0,316969,4,0.001333
duplication,563,0,316969,8,0.001000
multiplication,563,0,356907094,16,0.332333
elemwise_multiplication,563,0,316969,8,0.000667
addition,563,1,316969,8,0.001000
duplication,563,1,316969,4,0.001000
multiplication,563,1,356907094,8,0.342667
elemwise_multiplication,563,1,316969,4,0.000667
addition,564,0,318096,8,0.001000
duplication,564,0,318096,4,0.000667
multiplication,564,0,358812288,8,0.332000
elemwise_multiplication,564,0,318096,4,0.000667
addition,564,1,318096,8,0.001000
duplication,564,1,318096,4,0.001000
multiplication,564,1,358812288,8,0.342000
elemwise_multiplication,564,1,318096,8,0.000667
addition,565,0,319225,8,0.001000
duplication,565,0,319225,8,0.001000
multiplication,565,0,360724250,8,0.338333
elemwise_multiplication,565,0,319225,8,0.000667
addition,565,1,319225,8,0.001333
duplication,565,1,319225,8,0.001333
multiplication,565,1,360724250,16,0.349000
elemwise_multiplication,565,1,319225,8,0.000667
addition,566,0,320356,8,0.001000
duplication,566,0,320356,2,0.001000
multiplication,566,0,362642992,8,0.216667
elemwise_multiplication,566,0,320356,8,0.000333
addition,566,1,320356,4,0.000667
duplication,566,1,320356,4,0.000333
multiplication,566,1,362642992,16,0.221000
elemwise_multiplication,566,1,320356,8,0.000333
addition,567,0,321489,4,0.000667
duplication,567,0,321489,4,0.000667
multiplication,567,0,364568526,8,0.201667
elemwise_multiplication,567,0,321489,16,0.000333
addition,567,1,321489,4,0.000333
duplication,567,1,321489,4,0.000333
multiplication,567,1,364568526,8,0.207667
elemwise_multiplication,567,1,321489,4,0.000333
addition,568,0,322624,8,0.000333
duplication,568,0,322624,8,0.000333
multiplication,568,0,366500864,8,0.199667
elemwise_multiplication,568,0,322624,8,0.000333
addition,568,1,322624,16,0.000333
duplication,568,1,322624,8,0.000333
multiplication,568,1,366500864,8,0.211667
elemwise_multiplication,568,1,322624,4,0.000333
addition,569,0,323761,2,0.000667
duplication,569,0,323761,4,0.000333
multiplication,569,0,368440018,8,0.227333
elemwise_multiplication,569,0,323761,4,0.000333
addition,569,1,323761,8,0.000333
duplication,569,1,323761,4,0.000333
multiplication,569,1,368440018,8,0.235000
elemwise_multiplication,569,1,323761,8,0.000333
addition,570,0,324900,4,0.000333
duplication,570,0,324900,8,0.000333
multiplication,570,0,370386000,8,0.204333
elemwise_multiplication,570,0,324900,4,0.000333
addition,570,1,324900,8,0.000667
duplication,570,1,324900,4,0.000667
multiplication,570,1,370386000,8,0.210000
elemwise_multiplication,570,1,324900,4,0.000333
addition,571,0,326041,8,0.000333
duplication,571,0,326041,16,0.000333
multiplication,571,0,372338822,16,0.227333
elemwise_multiplication,571,0,326041,4,0.000333
addition,571,1,326041,4,0.000333
duplication,571,1,326041,8,0.000333
multiplication,571,1,372338822,16,0.225667
elemwise_multiplication,571,1,326041,16,0.000333
addition,572,0,327184,4,0.000333
duplication,572,0,327184,8,0.000333
multiplication,572,0,374298496,16,0.352667
elemwise_multiplication,572,0,327184,8,0.000667
addition,572,1,327184,8,0.001000
duplication,572,1,327184,4,0.001000
multiplication,572,1,374298496,16,0.344667
elemwise_multiplication,572,1,327184,8,0.000667
addition,573,0,328329,8,0.001000
duplication,573,0,328329,4,0.000667
multiplication,573,0,376265034,16,0.324667
elemwise_multiplication,573,0,328329,8,0.000667
addition,573,1,328329,4,0.000667
duplication,573,1,328329,4,0.000333
multiplication,573,1,376265034,8,0.211333
elemwise_multiplication,573,1,328329,4,0.000333
addition,574,0,329476,8,0.000333
duplication,574,0,329476,4,0.000333
multiplication,574,0,378238448,16,0.216667
elemwise_multiplication,574,0,329476,4,0.000333
addition,574,1,329476,4,0.000667
duplication,574,1,329476,4,0.000333
multiplication,574,1,378238448,16,0.221000
elemwise_multiplication,574,1,329476,4,0.000333
addition,575,0,330625,4,0.000667
duplication,575,0,330625,4,0.000333
multiplication,575,0,380218750,8,0.220000
elemwise_multiplication,575,0,330625,4,0.000333
addition,575,1,330625,4,0.000333
duplication,575,1,330625,8,0.000333
multiplication,575,1,380218750,16,0.233000
elemwise_multiplication,575,1,330625,16,0.000333
addition,576,0,331776,4,0.000333
duplication,576,0,331776,4,0.000667
multiplication,576,0,382205952,16,0.224333
elemwise_multiplication,576,0,331776,16,0.000333
addition,576,1,331776,4,0.000333
duplication,576,1,331776,4,0.000333
multiplication,576,1,382205952,8,0.226667
elemwise_multiplication,576,1,331776,8,0.000333
addition,577,0,332929,4,0.000333
duplication,577,0,332929,16,0.000333
multiplication,577,0,384200066,8,0.217000
elemwise_multiplication,577,0,332929,4,0.000333
addition,577,1,332929,8,0.000667
duplication,577,1,332929,8,0.000333
multiplication,577,1,384200066,8,0.224333
elemwise_multiplication,577,1,332929,4,0.000333
addition,578,0,334084,8,0.000667
duplication,578,0,334084,4,0.000333
multiplication,578,0,386201104,8,0.212333
elemwise_multiplication,578,0,334084,16,0.000333
addition,578,1,334084,8,0.000333
duplication,578,1,334084,4,0.000333
multiplication,578,1,386201104,16,0.219000
elemwise_multiplication,578,1,334084,4,0.000333
addition,579,0,335241,4,0.000333
duplication,579,0,335241,8,0.000333
multiplication,579,0,388209078,8,0.217333
elemwise_multiplication,579,0,335241,8,0.000333
addition,579,1,335241,8,0.000333
duplication,579,1,335241,8,0.000333
multiplication,579,1,388209078,8,0.225000
elemwise_multiplication,579,1,335241,4,0.000333
addition,580,0,336400,4,0.000333
duplication,580,0,336400,4,0.000333
multiplication,580,0,390224000,8,0.220333
elemwise_multiplication,580,0,336400,8,0.000333
addition,580,1,336400,16,0.000667
duplication,580,1,336400,2,0.000667
multiplication,580,1,390224000,8,0.230667
elemwise_multiplication,580,1,336400,4,0.000333
addition,581,0,337561,8,0.000333
duplication,581,0,337561,4,0.000333
multiplication,581,0,392245882,16,0.364667
elemwise_multiplication,581,0,337561,8,0.000667
addition,581,1,337561,8,0.001000
duplication,581,1,337561,8,0.000667
multiplication,581,1,392245882,16,0.374333
elemwise_multiplication,581,1,337561,8,0.000667
addition,582,0,338724,8,0.001333
duplication,582,0,338724,8,0.001000
multiplication,582,0,394274736,8,0.366000
elemwise_multiplication,582,0,338724,4,0.001000
addition,582,1,338724,4,0.001333
duplication,582,1,338724,8,0.000667
multiplication,582,1,394274736,8,0.378667
elemwise_multiplication,582,1,338724,8,0.000667
addition,583,0,339889,4,0.001333
duplication,583,0,339889,4,0.001000
multiplication,583,0,396310574,16,0.365333
elemwise_multiplication,583,0,339889,16,0.000667
addition,583,1,339889,8,0.001000
duplication,583,1,339889,4,0.001000
multiplication,583,1,396310574,16,0.346333
elemwise_multiplication,583,1,339889,4,0.001000
addition,584,0,341056,8,0.001000
duplication,584,0,341056,4,0.001000
multiplication,584,0,398353408,16,0.248000
elemwise_multiplication,584,0,341056,4,0.000333
addition,584,1,341056,4,0.001000
duplication,584,1,341056,4,0.000667
multiplication,584,1,398353408,8,0.231000
elemwise_multiplication,584,1,341056,8,0.000333
addition,585,0,342225,4,0.000333
duplication,585,0,342225,8,0.000667
multiplication,585,0,400403250,16,0.300333
elemwise_multiplication,585,0,342225,4,0.000333
addition,585,1,342225,4,0.000333
duplication,585,1,342225,4,0.000333
multiplication,585,1,400403250,8,0.471667
elemwise_multiplication,585,1,342225,16,0.000667
addition,586,0,343396,4,0.001333
duplication,586,0,343396,8,0.001000
multiplication,586,0,402460112,8,0.373333
elemwise_multiplication,586,0,343396,8,0.000667
addition,586,1,343396,8,0.001000
duplication,586,1,343396,4,0.001000
multiplication,586,1,402460112,8,0.375667
elemwise_multiplication,586,1,343396,2,0.001000
addition,587,0,344569,8,0.001667
duplication,587,0,344569,8,0.001333
multiplication,587,0,404524006,16,0.367333
elemwise_multiplication,587,0,344569,8,0.000667
addition,587,1,344569,8,0.001000
duplication,587,1,344569,8,0.001000
multiplication,587,1,404524006,8,0.383000
elemwise_multiplication,587,1,344569,4,0.000333
addition,588,0,345744,4,0.001000
duplication,588,0,345744,4,0.000667
multiplication,588,0,406594944,16,0.229333
elemwise_multiplication,588,0,345744,4,0.000333
addition,588,1,345744,16,0.000333
duplication,588,1,345744,4,0.000333
multiplication,588,1,406594944,16,0.249333
elemwise_multiplication,588,1,345744,4,0.000333
addition,589,0,346921,8,0.000667
duplication,589,0,346921,16,0.000667
multiplication,589,0,408672938,8,0.239667
elemwise_multiplication,589,0,346921,4,0.000333
addition,589,1,346921,4,0.000667
duplication,589,1,346921,4,0.000333
multiplication,589,1,408672938,16,0.294667
elemwise_multiplication,589,1,346921,4,0.000333
addition,590,0,348100,4,0.000667
duplication,590,0,348100,8,0.000667
multiplication,590,0,410758000,8,0.250333
elemwise_multiplication,590,0,348100,4,0.000333
addition,590,1,348100,8,0.000333
duplication,590,1,348100,4,0.000333
multiplication,590,1,410758000,16,0.236000
elemwise_multiplication,590,1,348100,8,0.000333
addition,591,0,349281,8,0.000333
duplication,591,0,349281,4,0.000333
multiplication,591,0,412850142,16,0.256333
elemwise_multiplication,591,0,349281,8,0.000333
addition,591,1,349281,8,0.000333
duplication,591,1,349281,4,0.000333
multiplication,591,1,412850142,16,0.238333
elemwise_multiplication,591,1,349281,8,0.000333
addition,592,0,350464,8,0.000333
duplication,592,0,350464,4,0.000333
multiplication,592,0,414949376,8,0.232333
elemwise_multiplication,592,0,350464,4,0.000333
addition,592,1,350464,4,0.000333
duplication,592,1,350464,4,0.000333
multiplication,592,1,414949376,16,0.236333
elemwise_multiplication,592,1,350464,16,0.000333
addition,593,0,351649,8,0.000333
duplication,593,0,351649,8,0.000333
multiplication,593,0,417055714,8,0.229333
elemwise_multiplication,593,0,351649,8,0.000333
addition,593,1,351649,8,0.000333
duplication,593,1,351649,4,0.000333
multiplication,593,1,417055714,8,0.232333
elemwise_multiplication,593,1,351649,4,0.000333
addition,594,0,352836,8,0.000667
duplication,594,0,352836,4,0.000667
multiplication,594,0,419169168,8,0.239667
elemwise_multiplication,594,0,352836,16,0.000333
addition,594,1,352836,8,0.000667
duplication,594,1,352836,8,0.000333
multiplication,594,1,419169168,8,0.235667
elemwise_multiplication,594,1,352836,8,0.000333
addition,595,0,354025,4,0.000667
duplication,595,0,354025,4,0.000333
multiplication,595,0,421289750,8,0.231667
elemwise_multiplication,595,0,354025,8,0.000333
addition,595,1,354025,4,0.000333
duplication,595,1,354025,8,0.000333
multiplication,595,1,421289750,8,0.246000
elemwise_multiplication,595,1,354025,8,0.000333
addition,596,0,355216,8,0.000333
duplication,596,0,355216,8,0.000667
multiplication,596,0,423417472,8,0.241000
elemwise_multiplication,596,0,355216,16,0.000333
addition,596,1,355216,8,0.000667
duplication,596,1,355216,8,0.000333
multiplication,596,1,423417472,8,0.245667
elemwise_multiplication,596,1,355216,4,0.000333
addition,597,0,356409,4,0.000333
duplication,597,0,356409,8,0.000333
multiplication,597,0,425552346,8,0.243333
elemwise_multiplication,597,0,356409,4,0.000333
addition,597,1,356409,8,0.000333
duplication,597,1,356409,8,0.000667
multiplication,597,1,425552346,8,0.240000
elemwise_multiplication,597,1,356409,8,0.000333
addition,598,0,357604,4,0.000333
duplication,598,0,357604,8,0.000333
multiplication,598,0,427694384,16,0.252667
elemwise_multiplication,598,0,357604,8,0.000333
addition,598,1,357604,4,0.000333
duplication,598,1,357604,8,0.000333
multiplication,598,1,427694384,16,0.255667
elemwise_multiplication,598,1,357604,16,0.000333
addition,599,0,358801,8,0.000667
duplication,599,0,358801,2,0.000667
multiplication,599,0,429843598,8,0.238000
elemwise_multiplication,599,0,358801,4,0.000333
addition,599,1,358801,8,0.000667
duplication,599,1,358801,16,0.000333
multiplication,599,1,429843598,8,0.252667
elemwise_multiplication,599,1,358801,8,0.000333
addition,600,0,360000,8,0.000667
duplication,600,0,360000,4,0.000333
multiplication,600,0,432000000,8,0.238333
elemwise_multiplication,600,0,360000,4,0.000333
addition,600,1,360000,4,0.000333
duplication,600,1,360000,8,0.000333
multiplication,600,1,432000000,8,0.243667
elemwise_multiplication,600,1,360000,4,0.000333
addition,601,0,361201,4,0.001000
duplication,601,0,361201,4,0.000667
multiplication,601,0,434163602,16,0.389000
elemwise_multiplication,601,0,361201,4,0.001000
addition,601,1,361201,8,0.001333
duplication,601,1,361201,4,0.001333
multiplication,601,1,434163602,8,0.409333
elemwise_multiplication,601,1,361201,8,0.000667
addition,602,0,362404,8,0.001000
duplication,602,0,362404,8,0.000667
multiplication,602,0,436334416,8,0.201667
elemwise_multiplication,602,0,362404,2,0.000333
addition,602,1,362404,8,0.000667
duplication,602,1,362404,4,0.000333
multiplication,602,1,436334416,8,0.243000
elemwise_multiplication,602,1,362404,8,0.000667
addition,603,0,363609,8,0.000667
duplication,603,0,363609,8,0.000333
multiplication,603,0,438512454,16,0.277333
elemwise_multiplication,603,0,363609,2,0.000667
addition,603,1,363609,8,0.000667
duplication,603,1,363609,4,0.000333
multiplication,603,1,438512454,8,0.279000
elemwise_multiplication,603,1,363609,16,0.000333
addition,604,0,364816,16,0.000667
duplication,604,0,364816,4,0.000667
multiplication,604,0,440697728,16,0.279667
elemwise_multiplication,604,0,364816,8,0.000333
addition,604,1,364816,16,0.000667
duplication,604,1,364816,8,0.000667
multiplication,604,1,440697728,16,0.282667
elemwise_multiplication,604,1,364816,16,0.000667
addition,605,0,366025,4,0.000667
duplication,605,0,366025,16,0.000667
multiplication,605,0,442890250,8,0.303667
elemwise_multiplication,605,0,366025,4,0.000667
addition,605,1,366025,16,0.001000
duplication,605,1,366025,4,0.000667
multiplication,605,1,442890250,8,0.245333
elemwise_multiplication,605,1,366025,16,0.000333
addition,606,0,367236,16,0.000667
duplication,606,0,367236,8,0.000333
multiplication,606,0,445090032,8,0.248000
elemwise_multiplication,606,0,367236,8,0.000333
addition,606,1,367236,8,0.000333
duplication,606,1,367236,4,0.000333
multiplication,606,1,445090032,8,0.260333
elemwise_multiplication,606,1,367236,4,0.000333
addition,607,0,368449,4,0.000667
duplication,607,0,368449,8,0.000333
multiplication,607,0,447297086,16,0.277000
elemwise_multiplication,607,0,368449,8,0.000667
addition,607,1,368449,8,0.000333
duplication,607,1,368449,8,0.000333
multiplication,607,1,447297086,16,0.284667
elemwise_multiplication,607,1,368449,16,0.000333
addition,608,0,369664,4,0.000667
duplication,608,0,369664,8,0.000333
multiplication,608,0,449511424,8,0.264333
elemwise_multiplication,608,0,369664,8,0.000333
addition,608,1,369664,8,0.000667
duplication,608,1,369664,4,0.000333
multiplication,608,1,449511424,16,0.299667
elemwise_multiplication,608,1,369664,4,0.000333
addition,609,0,370881,16,0.000667
duplication,609,0,370881,4,0.000667
multiplication,609,0,451733058,16,0.264667
elemwise_multiplication,609,0,370881,4,0.000333
addition,609,1,370881,8,0.000667
duplication,609,1,370881,4,0.000333
multiplication,609,1,451733058,8,0.271667
elemwise_multiplication,609,1,370881,8,0.000667
addition,610,0,372100,8,0.001000
duplication,610,0,372100,8,0.000667
multiplication,610,0,453962000,8,0.282000
elemwise_multiplication,610,0,372100,4,0.000667
addition,610,1,372100,16,0.001000
duplication,610,1,372100,8,0.000667
multiplication,610,1,453962000,8,0.257667
elemwise_multiplication,610,1,372100,4,0.000667
addition,611,0,373321,4,0.001000
duplication,611,0,373321,16,0.000667
multiplication,611,0,456198262,16,0.317333
elemwise_multiplication,611,0,373321,8,0.001000
addition,611,1,373321,8,0.001333
duplication,611,1,373321,4,0.001000
multiplication,611,1,456198262,16,0.310000
elemwise_multiplication,611,1,373321,16,0.002333
addition,612,0,374544,2,0.002000
duplication,612,0,374544,8,0.000667
multiplication,612,0,458441856,16,0.292000
elemwise_multiplication,612,0,374544,2,0.001333
addition,612,1,374544,8,0.001333
duplication,612,1,374544,16,0.001667
multiplication,612,1,458441856,8,0.304333
elemwise_multiplication,612,1,374544,8,0.000333
addition,613,0,375769,16,0.000667
duplication,613,0,375769,4,0.000667
multiplication,613,0,460692794,8,0.285667
elemwise_multiplication,613,0,375769,4,0.000667
addition,613,1,375769,8,0.000667
duplication,613,1,375769,4,0.000667
multiplication,613,1,460692794,8,0.273000
elemwise_multiplication,613,1,375769,4,0.000667
addition,614,0,376996,4,0.000667
duplication,614,0,376996,8,0.000667
multiplication,614,0,462951088,16,0.318667
elemwise_multiplication,614,0,376996,8,0.000667
addition,614,1,376996,4,0.001000
duplication,614,1,376996,4,0.000667
multiplication,614,1,462951088,8,0.269000
elemwise_multiplication,614,1,376996,8,0.000333
addition,615,0,378225,8,0.000667
duplication,615,0,378225,8,0.000333
multiplication,615,0,465216750,8,0.251333
elemwise_multiplication,615,0,378225,8,0.000333
addition,615,1,378225,8,0.000667
duplication,615,1,378225,8,0.000333
multiplication,615,1,465216750,16,0.362333
elemwise_multiplication,615,1,378225,4,0.000667
addition,616,0,379456,16,0.000667
duplication,616,0,379456,16,0.000667
multiplication,616,0,467489792,8,0.269667
elemwise_multiplication,616,0,379456,4,0.000333
addition,616,1,379456,8,0.000333
duplication,616,1,379456,8,0.000333
multiplication,616,1,467489792,8,0.257000
elemwise_multiplication,616,1,379456,4,0.000333
addition,617,0,380689,8,0.000333
duplication,617,0,380689,8,0.000333
multiplication,617,0,469770226,8,0.252333
elemwise_multiplication,617,0,380689,8,0.000333
addition,617,1,380689,8,0.000333
duplication,617,1,380689,2,0.000667
multiplication,617,1,469770226,8,0.257667
elemwise_multiplication,617,1,380689,16,0.000333
addition,618,0,381924,4,0.000333
duplication,618,0,381924,8,0.000333
multiplication,618,0,472058064,8,0.260333
elemwise_multiplication,618,0,381924,4,0.000333
addition,618,1,381924,4,0.000333
duplication,618,1,381924,8,0.000333
multiplication,618,1,472058064,16,0.297333
elemwise_multiplication,618,1,381924,4,0.000333
addition,619,0,383161,4,0.000333
duplication,619,0,383161,8,0.000333
multiplication,619,0,474353318,8,0.251667
elemwise_multiplication,619,0,383161,8,0.000333
addition,619,1,383161,16,0.000667
duplication,619,1,383161,8,0.000333
multiplication,619,1,474353318,8,0.264000
elemwise_multiplication,619,1,383161,16,0.000333
addition,620,0,384400,4,0.000333
duplication,620,0,384400,4,0.000333
multiplication,620,0,476656000,8,0.256000
elemwise_multiplication,620,0,384400,8,0.000333
addition,620,1,384400,4,0.000333
duplication,620,1,384400,2,0.000667
multiplication,620,1,476656000,8,0.270667
elemwise_multiplication,620,1,384400,4,0.000333
addition,621,0,385641,4,0.000333
duplication,621,0,385641,8,0.000333
multiplication,621,0,478966122,8,0.269333
elemwise_multiplication,621,0,385641,4,0.000333
addition,621,1,385641,4,0.000333
duplication,621,1,385641,16,0.000333
multiplication,621,1,478966122,8,0.270000
elemwise_multiplication,621,1,385641,4,0.000333
addition,622,0,386884,4,0.000333
duplication,622,0,386884,4,0.000667
multiplication,622,0,481283696,8,0.260667
elemwise_multiplication,622,0,386884,4,0.000333
addition,622,1,386884,8,0.000333
duplication,622,1,386884,8,0.000333
multiplication,622,1,481283696,8,0.269333
elemwise_multiplication,622,1,386884,8,0.000333
addition,623,0,388129,4,0.000333
duplication,623,0,388129,8,0.000333
multiplication,623,0,483608734,8,0.301333
elemwise_multiplication,623,0,388129,8,0.000333
addition,623,1,388129,4,0.000667
duplication,623,1,388129,4,0.000667
multiplication,623,1,483608734,8,0.274000
elemwise_multiplication,623,1,388129,8,0.000333
addition,624,0,389376,16,0.000667
duplication,624,0,389376,8,0.000667
multiplication,624,0,485941248,8,0.257667
elemwise_multiplication,624,0,389376,8,0.000333
addition,624,1,389376,4,0.000333
duplication,624,1,389376,4,0.000667
multiplication,624,1,485941248,8,0.287667
elemwise_multiplication,624,1,389376,4,0.000667
addition,625,0,390625,4,0.000667
duplication,625,0,390625,8,0.000333
multiplication,625,0,488281250,8,0.276000
elemwise_multiplication,625,0,390625,4,0.000333
addition,625,1,390625,4,0.000333
duplication,625,1,390625,4,0.000333
multiplication,625,1,488281250,8,0.277667
elemwise_multiplication,625,1,390625,4,0.000333
addition,626,0,391876,8,0.000667
duplication,626,0,391876,8,0.000333
multiplication,626,0,490628752,8,0.262667
elemwise_multiplication,626,0,391876,8,0.000333
addition,626,1,391876,8,0.000333
duplication,626,1,391876,8,0.000333
multiplication,626,1,490628752,8,0.276333
elemwise_multiplication,626,1,391876,8,0.000333
addition,627,0,393129,8,0.000667
duplication,627,0,393129,4,0.000667
multiplication,627,0,492983766,8,0.272000
elemwise_multiplication,627,0,393129,4,0.000333
addition,627,1,393129,2,0.000667
duplication,627,1,393129,8,0.000333
multiplication,627,1,492983766,16,0.303333
elemwise_multiplication,627,1,393129,8,0.000333
addition,628,0,394384,8,0.000667
duplication,628,0,394384,2,0.000667
multiplication,628,0,495346304,16,0.276667
elemwise_multiplication,628,0,394384,4,0.000333
addition,628,1,394384,4,0.000333
duplication,628,1,394384,8,0.000333
multiplication,628,1,495346304,8,0.279333
elemwise_multiplication,628,1,394384,8,0.000667
addition,629,0,395641,4,0.001000
duplication,629,0,395641,8,0.000667
multiplication,629,0,497716378,8,0.270000
elemwise_multiplication,629,0,395641,4,0.000333
addition,629,1,395641,8,0.000333
duplication,629,1,395641,4,0.000333
multiplication,629,1,497716378,8,0.288333
elemwise_multiplication,629,1,395641,8,0.000333
addition,630,0,396900,8,0.000333
duplication,630,0,396900,4,0.000333
multiplication,630,0,500094000,8,0.284000
elemwise_multiplication,630,0,396900,16,0.000333
addition,630,1,396900,8,0.000667
duplication,630,1,396900,8,0.000333
multiplication,630,1,500094000,8,0.303667
elemwise_multiplication,630,1,396900,16,0.000333
addition,631,0,398161,4,0.000667
duplication,631,0,398161,8,0.000333
multiplication,631,0,502479182,8,0.277000
elemwise_multiplication,631,0,398161,8,0.000333
addition,631,1,398161,4,0.000333
duplication,631,1,398161,16,0.000333
multiplication,631,1,502479182,8,0.286000
elemwise_multiplication,631,1,398161,4,0.000667
addition,632,0,399424,8,0.000667
duplication,632,0,399424,4,0.000667
multiplication,632,0,504871936,8,0.274333
elemwise_multiplication,632,0,399424,4,0.000333
addition,632,1,399424,4,0.000333
duplication,632,1,399424,4,0.000333
multiplication,632,1,504871936,8,0.284000
elemwise_multiplication,632,1,399424,8,0.000333
addition,633,0,400689,8,0.000667
duplication,633,0,400689,8,0.000667
multiplication,633,0,507272274,8,0.277000
elemwise_multiplication,633,0,400689,8,0.000333
addition,633,1,400689,4,0.000333
duplication,633,1,400689,4,0.000333
multiplication,633,1,507272274,8,0.289000
elemwise_multiplication,633,1,400689,16,0.000333
addition,634,0,401956,4,0.000667
duplication,634,0,401956,8,0.000333
multiplication,634,0,509680208,8,0.275333
elemwise_multiplication,634,0,401956,8,0.000333
addition,634,1,401956,4,0.000333
duplication,634,1,401956,8,0.000333
multiplication,634,1,509680208,8,0.294333
elemwise_multiplication,634,1,401956,4,0.000333
addition,635,0,403225,4,0.000333
duplication,635,0,403225,4,0.000333
multiplication,635,0,512095750,8,0.276333
elemwise_multiplication,635,0,403225,4,0.000333
addition,635,1,403225,8,0.000333
duplication,635,1,403225,4,0.000333
multiplication,635,1,512095750,8,0.288333
elemwise_multiplication,635,1,403225,4,0.000333
addition,636,0,404496,16,0.000667
duplication,636,0,404496,2,0.000667
multiplication,636,0,514518912,8,0.284667
elemwise_multiplication,636,0,404496,4,0.000333
addition,636,1,404496,16,0.000667
duplication,636,1,404496,4,0.000333
multiplication,636,1,514518912,8,0.297333
elemwise_multiplication,636,1,404496,4,0.000333
addition,637,0,405769,16,0.000667
duplication,637,0,405769,8,0.000667
multiplication,637,0,516949706,8,0.274000
elemwise_multiplication,637,0,405769,8,0.000333
addition,637,1,405769,8,0.000333
duplication,637,1,405769,8,0.000333
multiplication,637,1,516949706,8,0.304000
elemwise_multiplication,637,1,405769,4,0.000333
addition,638,0,407044,4,0.001000
duplication,638,0,407044,8,0.000667
multiplication,638,0,519388144,8,0.360333
elemwise_multiplication,638,0,407044,8,0.000333
addition,638,1,407044,8,0.000667
duplication,638,1,407044,4,0.000667
multiplication,638,1,519388144,8,0.298667
elemwise_multiplication,638,1,407044,8,0.000333
addition,639,0,408321,4,0.000333
duplication,639,0,408321,8,0.000333
multiplication,639,0,521834238,8,0.303000
elemwise_multiplication,639,0,408321,16,0.000333
addition,639,1,408321,8,0.000667
duplication,639,1,408321,8,0.000333
multiplication,639,1,521834238,8,0.292667
elemwise_multiplication,639,1,408321,8,0.000333
addition,640,0,409600,8,0.000333
duplication,640,0,409600,8,0.000333
multiplication,640,0,524288000,8,0.366667
elemwise_multiplication,640,0,409600,4,0.000333
addition,640,1,409600,8,0.000667
duplication,640,1,409600,4,0.000333
multiplication,640,1,524288000,8,0.374000
elemwise_multiplication,640,1,409600,4,0.000333
addition,641,0,410881,4,0.000333
duplication,641,0,410881,2,0.000667
multiplication,641,0,526749442,8,0.302667
elemwise_multiplication,641,0,410881,4,0.001000
addition,641,1,410881,4,0.001000
duplication,641,1,410881,8,0.000667
multiplication,641,1,526749442,16,0.324000
elemwise_multiplication,641,1,410881,4,0.000333
addition,642,0,412164,8,0.000667
duplication,642,0,412164,8,0.000333
multiplication,642,0,529218576,16,0.321667
elemwise_multiplication,642,0,412164,4,0.000333
addition,642,1,412164,8,0.000667
duplication,642,1,412164,8,0.000333
multiplication,642,1,529218576,16,0.332000
elemwise_multiplication,642,1,412164,4,0.000333
addition,643,0,413449,4,0.000667
duplication,643,0,413449,4,0.000333
multiplication,643,0,531695414,8,0.297333
elemwise_multiplication,643,0,413449,8,0.000333
addition,643,1,413449,8,0.000667
duplication,643,1,413449,8,0.000333
multiplication,643,1,531695414,8,0.317333
elemwise_multiplication,643,1,413449,8,0.000333
addition,644,0,414736,4,0.000667
duplication,644,0,414736,2,0.000667
multiplication,644,0,534179968,16,0.309000
elemwise_multiplication,644,0,414736,8,0.000333
addition,644,1,414736,8,0.000667
duplication,644,1,414736,16,0.000333
multiplication,644,1,534179968,8,0.287000
elemwise_multiplication,644,1,414736,4,0.000333
addition,645,0,416025,8,0.000667
duplication,645,0,416025,4,0.000667
multiplication,645,0,536672250,8,0.292333
elemwise_multiplication,645,0,416025,8,0.000333
addition,645,1,416025,4,0.000333
duplication,645,1,416025,4,0.000333
multiplication,645,1,536672250,8,0.314333
elemwise_multiplication,645,1,416025,2,0.000667
addition,646,0,417316,8,0.001000
duplication,646,0,417316,8,0.000333
multiplication,646,0,539172272,8,0.294000
elemwise_multiplication,646,0,417316,4,0.000333
addition,646,1,417316,4,0.000667
duplication,646,1,417316,8,0.000333
multiplication,646,1,539172272,8,0.312000
elemwise_multiplication,646,1,417316,4,0.000333
addition,647,0,418609,4,0.000333
duplication,647,0,418609,8,0.000333
multiplication,647,0,541680046,8,0.302667
elemwise_multiplication,647,0,418609,4,0.000333
addition,647,1,418609,4,0.000667
duplication,647,1,418609,8,0.000333
multiplication,647,1,541680046,8,0.312667
elemwise_multiplication,647,1,418609,8,0.000333
addition,648,0,419904,4,0.000667
duplication,648,0,419904,8,0.000333
multiplication,648,0,544195584,16,0.336667
elemwise_multiplication,648,0,419904,4,0.000667
addition,648,1,419904,8,0.000667
duplication,648,1,419904,4,0.000667
multiplication,648,1,544195584,8,0.309000
elemwise_multiplication,648,1,419904,4,0.000333
addition,649,0,421201,4,0.000333
duplication,649,0,421201,4,0.000667
multiplication,649,0,546718898,8,0.293667
elemwise_multiplication,649,0,421201,4,0.000667
addition,649,1,421201,16,0.000667
duplication,649,1,421201,8,0.000667
multiplication,649,1,546718898,8,0.323333
elemwise_multiplication,649,1,421201,2,0.001000
addition,650,0,422500,4,0.001000
duplication,650,0,422500,4,0.000667
multiplication,650,0,549250000,8,0.310000
elemwise_multiplication,650,0,422500,4,0.000333
addition,650,1,422500,4,0.000333
duplication,650,1,422500,4,0.000333
multiplication,650,1,549250000,8,0.329667
elemwise_multiplication,650,1,422500,8,0.000333
addition,651,0,423801,4,0.000667
duplication,651,0,423801,4,0.000333
multiplication,651,0,551788902,8,0.303000
elemwise_multiplication,651,0,423801,4,0.000333
addition,651,1,423801,8,0.000333
duplication,651,1,423801,4,0.000333
multiplication,651,1,551788902,16,0.335333
elemwise_multiplication,651,1,423801,4,0.000333
addition,652,0,425104,16,0.000667
duplication,652,0,425104,16,0.000667
multiplication,652,0,554335616,8,0.354000
elemwise_multiplication,652,0,425104,8,0.000333
addition,652,1,425104,16,0.000667
duplication,652,1,425104,8,0.000667
multiplication,652,1,554335616,16,0.316333
elemwise_multiplication,652,1,425104,4,0.000333
addition,653,0,426409,16,0.000667
duplication,653,0,426409,8,0.000333
multiplication,653,0,556890154,8,0.332333
elemwise_multiplication,653,0,426409,8,0.000333
addition,653,1,426409,4,0.000667
duplication,653,1,426409,4,0.000333
multiplication,653,1,556890154,8,0.348000
elemwise_multiplication,653,1,426409,4,0.000333
addition,654,0,427716,8,0.000667
duplication,654,0,427716,4,0.000667
multiplication,654,0,559452528,8,0.302667
elemwise_multiplication,654,0,427716,8,0.000333
addition,654,1,427716,4,0.000667
duplication,654,1,427716,16,0.000333
multiplication,654,1,559452528,8,0.322333
elemwise_multiplication,654,1,427716,8,0.000333
addition,655,0,429025,4,0.000333
duplication,655,0,429025,4,0.000333
multiplication,655,0,562022750,16,0.337000
elemwise_multiplication,655,0,429025,4,0.000333
addition,655,1,429025,8,0.000667
duplication,655,1,429025,16,0.000667
multiplication,655,1,562022750,16,0.349667
elemwise_multiplication,655,1,429025,4,0.000333
addition,656,0,430336,4,0.001000
duplication,656,0,430336,8,0.000667
multiplication,656,0,564600832,16,0.332333
elemwise_multiplication,656,0,430336,8,0.000333
addition,656,1,430336,16,0.000667
duplication,656,1,430336,8,0.000333
multiplication,656,1,564600832,8,0.321333
elemwise_multiplication,656,1,430336,16,0.000333
addition,657,0,431649,8,0.000667
duplication,657,0,431649,2,0.000667
multiplication,657,0,567186786,8,0.312000
elemwise_multiplication,657,0,431649,8,0.000333
addition,657,1,431649,4,0.000333
duplication,657,1,431649,8,0.000333
multiplication,657,1,567186786,8,0.333667
elemwise_multiplication,657,1,431649,4,0.000333
addition,658,0,432964,16,0.000667
duplication,658,0,432964,4,0.000333
multiplication,658,0,569780624,8,0.307667
elemwise_multiplication,658,0,432964,16,0.000667
addition,658,1,432964,8,0.000667
duplication,658,1,432964,16,0.000333
multiplication,658,1,569780624,8,0.326333
elemwise_multiplication,658,1,432964,4,0.000333
addition,659,0,434281,8,0.000667
duplication,659,0,434281,16,0.000333
multiplication,659,0,572382358,8,0.313000
elemwise_multiplication,659,0,434281,8,0.000333
addition,659,1,434281,16,0.000667
duplication,659,1,434281,4,0.000333
multiplication,659,1,572382358,16,0.383667
elemwise_multiplication,659,1,434281,4,0.000667
addition,660,0,435600,4,0.001000
duplication,660,0,435600,4,0.000333
multiplication,660,0,574992000,8,0.308000
elemwise_multiplication,660,0,435600,8,0.000333
addition,660,1,435600,4,0.000333
duplication,660,1,435600,16,0.000667
multiplication,660,1,574992000,8,0.330667
elemwise_multiplication,660,1,435600,16,0.000333
addition,661,0,436921,8,0.000667
duplication,661,0,436921,4,0.000667
multiplication,661,0,577609562,8,0.322667
elemwise_multiplication,661,0,436921,8,0.000333
addition,661,1,436921,8,0.000667
duplication,661,1,436921,4,0.000667
multiplication,661,1,577609562,8,0.336667
elemwise_multiplication,661,1,436921,4,0.000333
addition,662,0,438244,16,0.000667
duplication,662,0,438244,8,0.000333
multiplication,662,0,580235056,8,0.395000
elemwise_multiplication,662,0,438244,4,0.000333
addition,662,1,438244,8,0.000667
duplication,662,1,438244,8,0.000333
multiplication,662,1,580235056,8,0.419667
elemwise_multiplication,662,1,438244,8,0.000333
addition,663,0,439569,8,0.000333
duplication,663,0,439569,16,0.000667
multiplication,663,0,582868494,16,0.356333
elemwise_multiplication,663,0,439569,2,0.000667
addition,663,1,439569,8,0.000667
duplication,663,1,439569,8,0.000667
multiplication,663,1,582868494,8,0.332667
elemwise_multiplication,663,1,439569,8,0.000333
addition,664,0,440896,8,0.000667
duplication,664,0,440896,8,0.000667
multiplication,664,0,585509888,8,0.315333
elemwise_multiplication,664,0,440896,4,0.000333
addition,664,1,440896,8,0.000667
duplication,664,1,440896,4,0.000667
multiplication,664,1,585509888,8,0.340000
elemwise_multiplication,664,1,440896,8,0.000333
addition,665,0,442225,8,0.000667
duplication,665,0,442225,4,0.000667
multiplication,665,0,588159250,8,0.329667
elemwise_multiplication,665,0,442225,8,0.000333
addition,665,1,442225,8,0.000667
duplication,665,1,442225,16,0.000333
multiplication,665,1,588159250,8,0.335333
elemwise_multiplication,665,1,442225,4,0.000333
addition,666,0,443556,4,0.000667
duplication,666,0,443556,16,0.000333
multiplication,666,0,590816592,8,0.325000
elemwise_multiplication,666,0,443556,8,0.000333
addition,666,1,443556,8,0.000667
duplication,666,1,443556,4,0.000667
multiplication,666,1,590816592,8,0.331000
elemwise_multiplication,666,1,443556,4,0.000333
addition,667,0,444889,8,0.000667
duplication,667,0,444889,8,0.000667
multiplication,667,0,593481926,16,0.332333
elemwise_multiplication,667,0,444889,8,0.000667
addition,667,1,444889,8,0.000667
duplication,667,1,444889,16,0.000333
multiplication,667,1,593481926,8,0.339333
elemwise_multiplication,667,1,444889,4,0.000333
addition,668,0,446224,4,0.000667
duplication,668,0,446224,2,0.000667
multiplication,668,0,596155264,8,0.324667
elemwise_multiplication,668,0,446224,8,0.000333
addition,668,1,446224,8,0.000667
duplication,668,1,446224,8,0.000333
multiplication,668,1,596155264,8,0.342000
elemwise_multiplication,668,1,446224,8,0.000333
addition,669,0,447561,4,0.000667
duplication,669,0,447561,4,0.000667
multiplication,669,0,598836618,8,0.329667
elemwise_multiplication,669,0,447561,8,0.000333
addition,669,1,447561,4,0.000667
duplication,669,1,447561,8,0.000333
multiplication,669,1,598836618,8,0.341000
elemwise_multiplication,669,1,447561,4,0.000333
addition,670,0,448900,4,0.000667
duplication,670,0,448900,4,0.000667
multiplication,670,0,601526000,16,0.339333
elemwise_multiplication,670,0,448900,8,0.000333
addition,670,1,448900,4,0.000667
duplication,670,1,448900,8,0.000333
multiplication,670,1,601526000,16,0.387000
elemwise_multiplication,670,1,448900,8,0.000667
addition,671,0,450241,8,0.000667
duplication,671,0,450241,4,0.000333
multiplication,671,0,604223422,8,0.337667
elemwise_multiplication,671,0,450241,4,0.000333
addition,671,1,450241,8,0.000667
duplication,671,1,450241,8,0.000667
multiplication,671,1,604223422,8,0.349667
elemwise_multiplication,671,1,450241,8,0.000333
addition,672,0,451584,16,0.000667
duplication,672,0,451584,8,0.000667
multiplication,672,0,606928896,8,0.382333
elemwise_multiplication,672,0,451584,4,0.000333
addition,672,1,451584,16,0.000667
duplication,672,1,451584,4,0.000333
multiplication,672,1,606928896,8,0.388667
elemwise_multiplication,672,1,451584,8,0.000333
addition,673,0,452929,4,0.000333
duplication,673,0,452929,4,0.000333
multiplication,673,0,609642434,8,0.333667
elemwise_multiplication,673,0,452929,4,0.000333
addition,673,1,452929,16,0.000667
duplication,673,1,452929,4,0.000333
multiplication,673,1,609642434,8,0.351667
elemwise_multiplication,673,1,452929,8,0.000333
addition,674,0,454276,4,0.000667
duplication,674,0,454276,16,0.000667
multiplication,674,0,612364048,16,0.400667
elemwise_multiplication,674,0,454276,8,0.000333
addition,674,1,454276,2,0.001000
duplication,674,1,454276,8,0.000667
multiplication,674,1,612364048,8,0.355333
elemwise_multiplication,674,1,454276,16,0.000333
addition,675,0,455625,16,0.000667
duplication,675,0,455625,8,0.000333
multiplication,675,0,615093750,8,0.340000
elemwise_multiplication,675,0,455625,4,0.000333
addition,675,1,455625,4,0.000667
duplication,675,1,455625,4,0.000667
multiplication,675,1,615093750,8,0.351333
elemwise_multiplication,675,1,455625,4,0.000333
addition,676,0,456976,8,0.000667
duplication,676,0,456976,8,0.000667
multiplication,676,0,617831552,8,0.342333
elemwise_multiplication,676,0,456976,4,0.000333
addition,676,1,456976,4,0.000667
duplication,676,1,456976,8,0.000333
multiplication,676,1,617831552,8,0.354667
elemwise_multiplication,676,1,456976,8,0.000667
addition,677,0,458329,4,0.001000
duplication,677,0,458329,8,0.000333
multiplication,677,0,620577466,8,0.338333
elemwise_multiplication,677,0,458329,8,0.000333
addition,677,1,458329,4,0.000667
duplication,677,1,458329,8,0.000333
multiplication,677,1,620577466,16,0.404000
elemwise_multiplication,677,1,458329,4,0.000667
addition,678,0,459684,8,0.000667
duplication,678,0,459684,8,0.000667
multiplication,678,0,623331504,8,0.338000
elemwise_multiplication,678,0,459684,4,0.000333
addition,678,1,459684,4,0.000667
duplication,678,1,459684,8,0.000667
multiplication,678,1,623331504,8,0.361333
elemwise_multiplication,678,1,459684,4,0.000333
addition,679,0,461041,4,0.000667
duplication,679,0,461041,4,0.000667
multiplication,679,0,626093678,8,0.344333
elemwise_multiplication,679,0,461041,4,0.000333
addition,679,1,461041,4,0.000667
duplication,679,1,461041,8,0.000333
multiplication,679,1,626093678,8,0.369000
elemwise_multiplication,679,1,461041,4,0.000667
addition,680,0,462400,8,0.000667
duplication,680,0,462400,4,0.000667
multiplication,680,0,628864000,8,0.350000
elemwise_multiplication,680,0,462400,8,0.000333
addition,680,1,462400,16,0.000667
duplication,680,1,462400,8,0.000333
multiplication,680,1,628864000,8,0.368333
elemwise_multiplication,680,1,462400,4,0.000333
addition,681,0,463761,4,0.000667
duplication,681,0,463761,8,0.000333
multiplication,681,0,631642482,16,0.387667
elemwise_multiplication,681,0,463761,8,0.000333
addition,681,1,463761,4,0.000667
duplication,681,1,463761,8,0.000667
multiplication,681,1,631642482,8,0.369000
elemwise_multiplication,681,1,463761,16,0.000333
addition,682,0,465124,8,0.000667
duplication,682,0,465124,8,0.000667
multiplication,682,0,634429136,4,0.362000
elemwise_multiplication,682,0,465124,8,0.000333
addition,682,1,465124,8,0.000667
duplication,682,1,465124,8,0.000333
multiplication,682,1,634429136,8,0.378000
elemwise_multiplication,682,1,465124,4,0.000333
addition,683,0,466489,8,0.000667
duplication,683,0,466489,8,0.000667
multiplication,683,0,637223974,16,0.395667
elemwise_multiplication,683,0,466489,4,0.000333
addition,683,1,466489,16,0.000667
duplication,683,1,466489,4,0.000333
multiplication,683,1,637223974,8,0.412333
elemwise_multiplication,683,1,466489,4,0.000333
addition,684,0,467856,4,0.000667
duplication,684,0,467856,8,0.000667
multiplication,684,0,640027008,16,0.366000
elemwise_multiplication,684,0,467856,8,0.000333
addition,684,1,467856,4,0.000667
duplication,684,1,467856,8,0.000333
multiplication,684,1,640027008,16,0.454667
elemwise_multiplication,684,1,467856,8,0.000667
addition,685,0,469225,2,0.001000
duplication,685,0,469225,4,0.000667
multiplication,685,0,642838250,8,0.355667
elemwise_multiplication,685,0,469225,8,0.000333
addition,685,1,469225,16,0.000667
duplication,685,1,469225,8,0.000333
multiplication,685,1,642838250,8,0.377333
elemwise_multiplication,685,1,469225,8,0.000667
addition,686,0,470596,8,0.000667
duplication,686,0,470596,8,0.000333
multiplication,686,0,645657712,8,0.352000
elemwise_multiplication,686,0,470596,8,0.000333
addition,686,1,470596,4,0.000667
duplication,686,1,470596,8,0.000333
multiplication,686,1,645657712,8,0.368000
elemwise_multiplication,686,1,470596,8,0.000333
addition,687,0,471969,4,0.000667
duplication,687,0,471969,2,0.000667
multiplication,687,0,648485406,8,0.377000
elemwise_multiplication,687,0,471969,8,0.000333
addition,687,1,471969,16,0.000667
duplication,687,1,471969,8,0.000667
multiplication,687,1,648485406,8,0.386333
elemwise_multiplication,687,1,471969,8,0.000333
addition,688,0,473344,4,0.000667
duplication,688,0,473344,8,0.000667
multiplication,688,0,651321344,16,0.399000
elemwise_multiplication,688,0,473344,4,0.000667
addition,688,1,473344,16,0.000667
duplication,688,1,473344,8,0.000333
multiplication,688,1,651321344,8,0.402000
elemwise_multiplication,688,1,473344,16,0.000333
addition,689,0,474721,8,0.000667
duplication,689,0,474721,4,0.000667
multiplication,689,0,654165538,8,0.364667
elemwise_multiplication,689,0,474721,8,0.000333
addition,689,1,474721,8,0.000667
duplication,689,1,474721,8,0.000333
multiplication,689,1,654165538,8,0.384333
elemwise_multiplication,689,1,474721,4,0.000333
addition,690,0,476100,4,0.000667
duplication,690,0,476100,8,0.000667
multiplication,690,0,657018000,16,0.445667
elemwise_multiplication,690,0,476100,4,0.000333
addition,690,1,476100,8,0.000333
duplication,690,1,476100,8,0.000333
multiplication,690,1,657018000,16,0.425667
elemwise_multiplication,690,1,476100,4,0.000333
addition,691,0,477481,2,0.000667
duplication,691,0,477481,8,0.000333
multiplication,691,0,659878742,8,0.366667
elemwise_multiplication,691,0,477481,4,0.000333
addition,691,1,477481,4,0.000667
duplication,691,1,477481,4,0.000333
multiplication,691,1,659878742,8,0.352333
elemwise_multiplication,691,1,477481,8,0.000333
addition,692,0,478864,8,0.001000
duplication,692,0,478864,8,0.000333
multiplication,692,0,662747776,8,0.376000
elemwise_multiplication,692,0,478864,4,0.000667
addition,692,1,478864,4,0.000667
duplication,692,1,478864,8,0.000667
multiplication,692,1,662747776,8,0.350333
elemwise_multiplication,692,1,478864,8,0.000667
addition,693,0,480249,4,0.001333
duplication,693,0,480249,4,0.001000
multiplication,693,0,665625114,16,0.416333
elemwise_multiplication,693,0,480249,16,0.000667
addition,693,1,480249,4,0.001000
duplication,693,1,480249,16,0.000667
multiplication,693,1,665625114,16,0.365000
elemwise_multiplication,693,1,480249,4,0.000333
addition,694,0,481636,8,0.000333
duplication,694,0,481636,8,0.000333
multiplication,694,0,668510768,8,0.283000
elemwise_multiplication,694,0,481636,16,0.000667
addition,694,1,481636,4,0.001000
duplication,694,1,481636,8,0.000667
multiplication,694,1,668510768,8,0.455000
elemwise_multiplication,694,1,481636,8,0.000667
addition,695,0,483025,16,0.001333
duplication,695,0,483025,8,0.001000
multiplication,695,0,671404750,8,0.503667
elemwise_multiplication,695,0,483025,16,0.000333
addition,695,1,483025,4,0.000333
duplication,695,1,483025,8,0.000333
multiplication,695,1,671404750,16,0.474000
elemwise_multiplication,695,1,483025,4,0.000667
addition,696,0,484416,4,0.001000
duplication,696,0,484416,16,0.000667
multiplication,696,0,674307072,8,0.284667
elemwise_multiplication,696,0,484416,4,0.000333
addition,696,1,484416,4,0.001000
duplication,696,1,484416,16,0.001000
multiplication,696,1,674307072,16,0.317667
elemwise_multiplication,696,1,484416,8,0.000667
addition,697,0,485809,8,0.001000
duplication,697,0,485809,8,0.000667
multiplication,697,0,677217746,8,0.300000
elemwise_multiplication,697,0,485809,16,0.000333
addition,697,1,485809,8,0.000333
duplication,697,1,485809,8,0.000333
multiplication,697,1,677217746,16,0.418000
elemwise_multiplication,697,1,485809,4,0.000333
addition,698,0,487204,8,0.000333
duplication,698,0,487204,8,0.000333
multiplication,698,0,680136784,4,0.390667
elemwise_multiplication,698,0,487204,8,0.000333
addition,698,1,487204,8,0.000333
duplication,698,1,487204,4,0.000333
multiplication,698,1,680136784,8,0.374000
elemwise_multiplication,698,1,487204,4,0.000333
addition,699,0,488601,4,0.000333
duplication,699,0,488601,16,0.000333
multiplication,699,0,683064198,8,0.294333
elemwise_multiplication,699,0,488601,4,0.000333
addition,699,1,488601,4,0.000667
duplication,699,1,488601,4,0.000667
multiplication,699,1,683064198,8,0.304333
elemwise_multiplication,699,1,488601,16,0.000667
addition,700,0,490000,4,0.001000
duplication,700,0,490000,4,0.001000
multiplication,700,0,686000000,16,0.304333
elemwise_multiplication,700,0,490000,8,0.000333
addition,700,1,490000,8,0.000667
duplication,700,1,490000,4,0.001000
multiplication,700,1,686000000,8,0.315333
elemwise_multiplication,700,1,490000,16,0.000667
addition,701,0,491401,8,0.001333
duplication,701,0,491401,4,0.001000
multiplication,701,0,688944202,8,0.350333
elemwise_multiplication,701,0,491401,16,0.000667
addition,701,1,491401,4,0.001000
duplication,701,1,491401,4,0.000667
multiplication,701,1,688944202,16,0.324333
elemwise_multiplication,701,1,491401,4,0.000333
addition,702,0,492804,16,0.000667
duplication,702,0,492804,4,0.001000
multiplication,702,0,691896816,8,0.302333
elemwise_multiplication,702,0,492804,4,0.000333
addition,702,1,492804,4,0.000667
duplication,702,1,492804,4,0.000333
multiplication,702,1,691896816,8,0.362000
elemwise_multiplication,702,1,492804,16,0.000667
addition,703,0,494209,4,0.001000
duplication,703,0,494209,4,0.001000
multiplication,703,0,694857854,8,0.304000
elemwise_multiplication,703,0,494209,4,0.000333
addition,703,1,494209,8,0.000667
duplication,703,1,494209,16,0.000333
multiplication,703,1,694857854,4,0.431000
elemwise_multiplication,703,1,494209,16,0.000333
addition,704,0,495616,2,0.000667
duplication,704,0,495616,8,0.000333
multiplication,704,0,697827328,4,0.466333
elemwise_multiplication,704,0,495616,4,0.000333
addition,704,1,495616,4,0.000333
duplication,704,1,495616,8,0.000333
multiplication,704,1,697827328,16,0.439000
elemwise_multiplication,704,1,495616,4,0.000333
addition,705,0,497025,4,0.000333
duplication,705,0,497025,4,0.000333
multiplication,705,0,700805250,16,0.326667
elemwise_multiplication,705,0,497025,4,0.000333
addition,705,1,497025,8,0.000333
duplication,705,1,497025,8,0.000333
multiplication,705,1,700805250,8,0.341000
elemwise_multiplication,705,1,497025,8,0.000333
addition,706,0,498436,16,0.000333
duplication,706,0,498436,8,0.000333
multiplication,706,0,703791632,16,0.332667
elemwise_multiplication,706,0,498436,4,0.000333
addition,706,1,498436,4,0.000333
duplication,706,1,498436,8,0.000333
multiplication,706,1,703791632,8,0.437667
elemwise_multiplication,706,1,498436,8,0.000333
addition,707,0,499849,8,0.000667
duplication,707,0,499849,4,0.000667
multiplication,707,0,706786486,16,0.334333
elemwise_multiplication,707,0,499849,4,0.000333
addition,707,1,499849,8,0.000333
duplication,707,1,499849,4,0.000333
multiplication,707,1,706786486,8,0.353667
elemwise_multiplication,707,1,499849,2,0.000667
addition,708,0,501264,16,0.000667
duplication,708,0,501264,4,0.000333
multiplication,708,0,709789824,4,0.376333
elemwise_multiplication,708,0,501264,8,0.000667
addition,708,1,501264,4,0.001000
duplication,708,1,501264,8,0.000667
multiplication,708,1,709789824,8,0.423000
elemwise_multiplication,708,1,501264,8,0.000333
addition,709,0,502681,4,0.000333
duplication,709,0,502681,4,0.000333
multiplication,709,0,712801658,16,0.425000
elemwise_multiplication,709,0,502681,4,0.000333
addition,709,1,502681,4,0.000333
duplication,709,1,502681,4,0.000333
multiplication,709,1,712801658,16,0.312000
elemwise_multiplication,709,1,502681,8,0.000333
addition,710,0,504100,2,0.001000
duplication,710,0,504100,4,0.000667
multiplication,710,0,715822000,8,0.307000
elemwise_multiplication,710,0,504100,4,0.000333
addition,710,1,504100,4,0.000333
duplication,710,1,504100,4,0.000333
multiplication,710,1,715822000,16,0.344000
elemwise_multiplication,710,1,504100,4,0.000667
addition,711,0,505521,4,0.001000
duplication,711,0,505521,4,0.001000
multiplication,711,0,718850862,8,0.316333
elemwise_multiplication,711,0,505521,8,0.000667
addition,711,1,505521,4,0.001000
duplication,711,1,505521,4,0.001000
multiplication,711,1,718850862,8,0.355667
elemwise_multiplication,711,1,505521,8,0.000667
addition,712,0,506944,4,0.001000
duplication,712,0,506944,4,0.000667
multiplication,712,0,721888256,8,0.311000
elemwise_multiplication,712,0,506944,4,0.000333
addition,712,1,506944,4,0.000667
duplication,712,1,506944,8,0.000333
multiplication,712,1,721888256,16,0.326000
elemwise_multiplication,712,1,506944,4,0.000333
addition,713,0,508369,16,0.000333
duplication,713,0,508369,8,0.000333
multiplication,713,0,724934194,4,0.353000
elemwise_multiplication,713,0,508369,8,0.000333
addition,713,1,508369,8,0.000667
duplication,713,1,508369,4,0.000667
multiplication,713,1,724934194,4,0.571667
elemwise_multiplication,713,1,508369,8,0.000667
addition,714,0,509796,4,0.001333
duplication,714,0,509796,8,0.001000
multiplication,714,0,727988688,4,0.594667
elemwise_multiplication,714,0,509796,16,0.001000
addition,714,1,509796,4,0.001667
duplication,714,1,509796,8,0.001000
multiplication,714,1,727988688,8,0.328000
elemwise_multiplication,714,1,509796,4,0.000333
addition,715,0,511225,4,0.000333
duplication,715,0,511225,8,0.000333
multiplication,715,0,731051750,4,0.461000
elemwise_multiplication,715,0,511225,4,0.004000
addition,715,1,511225,16,0.004667
duplication,715,1,511225,4,0.001000
multiplication,715,1,731051750,4,0.385000
elemwise_multiplication,715,1,511225,8,0.000667
addition,716,0,512656,8,0.001333
duplication,716,0,512656,4,0.001000
multiplication,716,0,734123392,16,0.325667
elemwise_multiplication,716,0,512656,4,0.000333
addition,716,1,512656,8,0.000333
duplication,716,1,512656,4,0.000333
multiplication,716,1,734123392,16,0.431667
elemwise_multiplication,716,1,512656,8,0.000667
addition,717,0,514089,4,0.001667
duplication,717,0,514089,16,0.001000
multiplication,717,0,737203626,8,0.312333
elemwise_multiplication,717,0,514089,4,0.000667
addition,717,1,514089,4,0.001000
duplication,717,1,514089,4,0.001000
multiplication,717,1,737203626,8,0.333333
elemwise_multiplication,717,1,514089,16,0.000333
addition,718,0,515524,4,0.000333
duplication,718,0,515524,8,0.000333
multiplication,718,0,740292464,8,0.319667
elemwise_multiplication,718,0,515524,4,0.001000
addition,718,1,515524,4,0.001000
duplication,718,1,515524,8,0.000667
multiplication,718,1,740292464,8,0.328667
elemwise_multiplication,718,1,515524,4,0.000667
addition,719,0,516961,4,0.001000
duplication,719,0,516961,4,0.001000
multiplication,719,0,743389918,16,0.363333
elemwise_multiplication,719,0,516961,8,0.000333
addition,719,1,516961,8,0.000667
duplication,719,1,516961,4,0.000333
multiplication,719,1,743389918,8,0.347333
elemwise_multiplication,719,1,516961,16,0.000667
addition,720,0,518400,4,0.001333
duplication,720,0,518400,8,0.000667
multiplication,720,0,746496000,8,0.389333
elemwise_multiplication,720,0,518400,8,0.000667
addition,720,1,518400,4,0.001000
duplication,720,1,518400,16,0.001000
multiplication,720,1,746496000,8,0.342333
elemwise_multiplication,720,1,518400,4,0.000333
addition,721,0,519841,4,0.000333
duplication,721,0,519841,2,0.000667
multiplication,721,0,749610722,8,0.323667
elemwise_multiplication,721,0,519841,4,0.000667
addition,721,1,519841,16,0.000667
duplication,721,1,519841,4,0.000667
multiplication,721,1,749610722,16,0.499333
elemwise_multiplication,721,1,519841,4,0.000333
addition,722,0,521284,16,0.000667
duplication,722,0,521284,4,0.000333
multiplication,722,0,752734096,8,0.339000
elemwise_multiplication,722,0,521284,8,0.001000
addition,722,1,521284,4,0.001000
duplication,722,1,521284,4,0.001000
multiplication,722,1,752734096,4,0.430667
elemwise_multiplication,722,1,521284,4,0.000333
addition,723,0,522729,8,0.000667
duplication,723,0,522729,8,0.000333
multiplication,723,0,755866134,8,0.333333
elemwise_multiplication,723,0,522729,4,0.000333
addition,723,1,522729,4,0.000333
duplication,723,1,522729,16,0.000333
multiplication,723,1,755866134,8,0.394000
elemwise_multiplication,723,1,522729,8,0.000667
addition,724,0,524176,8,0.001333
duplication,724,0,524176,4,0.001000
multiplication,724,0,759006848,16,0.366667
elemwise_multiplication,724,0,524176,8,0.000333
addition,724,1,524176,16,0.000667
duplication,724,1,524176,8,0.000667
multiplication,724,1,759006848,8,0.423667
elemwise_multiplication,724,1,524176,16,0.001000
addition,725,0,525625,8,0.001333
duplication,725,0,525625,16,0.000667
multiplication,725,0,762156250,4,0.399667
elemwise_multiplication,725,0,525625,4,0.000333
addition,725,1,525625,4,0.000333
duplication,725,1,525625,8,0.000667
multiplication,725,1,762156250,8,0.420333
elemwise_multiplication,725,1,525625,8,0.000667
addition,726,0,527076,8,0.001000
duplication,726,0,527076,4,0.001000
multiplication,726,0,765314352,8,0.288333
elemwise_multiplication,726,0,527076,8,0.000667
addition,726,1,527076,4,0.001000
duplication,726,1,527076,4,0.001000
multiplication,726,1,765314352,8,0.563000
elemwise_multiplication,726,1,527076,4,0.000333
addition,727,0,528529,16,0.000667
duplication,727,0,528529,4,0.000333
multiplication,727,0,768481166,8,0.370667
elemwise_multiplication,727,0,528529,16,0.000667
addition,727,1,528529,8,0.001333
duplication,727,1,528529,8,0.000667
multiplication,727,1,768481166,8,0.455000
elemwise_multiplication,727,1,528529,4,0.000333
addition,728,0,529984,4,0.000667
duplication,728,0,529984,8,0.000333
multiplication,728,0,771656704,16,0.451333
elemwise_multiplication,728,0,529984,4,0.000333
addition,728,1,529984,8,0.000667
duplication,728,1,529984,8,0.000333
multiplication,728,1,771656704,8,0.433000
elemwise_multiplication,728,1,529984,16,0.001000
addition,729,0,531441,8,0.001333
duplication,729,0,531441,4,0.001000
multiplication,729,0,774840978,8,0.339333
elemwise_multiplication,729,0,531441,8,0.000333
addition,729,1,531441,8,0.000667
duplication,729,1,531441,4,0.000333
multiplication,729,1,774840978,16,0.373000
elemwise_multiplication,729,1,531441,4,0.001000
addition,730,0,532900,8,0.001667
duplication,730,0,532900,8,0.001000
multiplication,730,0,778034000,16,0.430667
elemwise_multiplication,730,0,532900,4,0.000333
addition,730,1,532900,4,0.000333
duplication,730,1,532900,8,0.000333
multiplication,730,1,778034000,8,0.418667
elemwise_multiplication,730,1,532900,8,0.001000
addition,731,0,534361,16,0.001667
duplication,731,0,534361,8,0.001000
multiplication,731,0,781235782,8,0.512667
elemwise_multiplication,731,0,534361,8,0.000667
addition,731,1,534361,4,0.000667
duplication,731,1,534361,8,0.000333
multiplication,731,1,781235782,8,0.368667
elemwise_multiplication,731,1,534361,8,0.001000
addition,732,0,535824,8,0.001333
duplication,732,0,535824,4,0.001000
multiplication,732,0,784446336,8,0.455333
elemwise_multiplication,732,0,535824,8,0.000667
addition,732,1,535824,8,0.001000
duplication,732,1,535824,4,0.001000
multiplication,732,1,784446336,16,0.407667
elemwise_multiplication,732,1,535824,16,0.000333
addition,733,0,537289,4,0.000667
duplication,733,0,537289,2,0.000667
multiplication,733,0,787665674,8,0.411667
elemwise_multiplication,733,0,537289,8,0.000667
addition,733,1,537289,8,0.001000
duplication,733,1,537289,8,0.000667
multiplication,733,1,787665674,16,0.377333
elemwise_multiplication,733,1,537289,8,0.000333
addition,734,0,538756,4,0.000667
duplication,734,0,538756,8,0.000333
multiplication,734,0,790893808,16,0.443667
elemwise_multiplication,734,0,538756,4,0.000333
addition,734,1,538756,4,0.000333
duplication,734,1,538756,8,0.000333
multiplication,734,1,790893808,16,0.454667
elemwise_multiplication,734,1,538756,16,0.000667
addition,735,0,540225,16,0.000667
duplication,735,0,540225,8,0.000333
multiplication,735,0,794130750,16,0.473667
elemwise_multiplication,735,0,540225,8,0.000667
addition,735,1,540225,4,0.001333
duplication,735,1,540225,4,0.001000
multiplication,735,1,794130750,16,0.428000
elemwise_multiplication,735,1,540225,4,0.000667
addition,736,0,541696,4,0.001333
duplication,736,0,541696,4,0.001000
multiplication,736,0,797376512,8,0.353000
elemwise_multiplication,736,0,541696,4,0.000333
addition,736,1,541696,4,0.000333
duplication,736,1,541696,8,0.000333
multiplication,736,1,797376512,16,0.528667
elemwise_multiplication,736,1,541696,16,0.001000
addition,737,0,543169,4,0.002000
duplication,737,0,543169,4,0.001000
multiplication,737,0,800631106,8,0.398667
elemwise_multiplication,737,0,543169,16,0.000333
addition,737,1,543169,4,0.000667
duplication,737,1,543169,8,0.000333
multiplication,737,1,800631106,4,0.387000
elemwise_multiplication,737,1,543169,4,0.000333
addition,738,0,544644,8,0.000667
duplication,738,0,544644,4,0.000333
multiplication,738,0,803894544,8,0.341667
elemwise_multiplication,738,0,544644,4,0.000667
addition,738,1,544644,8,0.001000
duplication,738,1,544644,4,0.001000
multiplication,738,1,803894544,16,0.489667
elemwise_multiplication,738,1,544644,8,0.000333
addition,739,0,546121,4,0.000667
duplication,739,0,546121,8,0.000333
multiplication,739,0,807166838,8,0.503000
elemwise_multiplication,739,0,546121,8,0.000667
addition,739,1,546121,8,0.001333
duplication,739,1,546121,4,0.001000
multiplication,739,1,807166838,8,0.378000
elemwise_multiplication,739,1,546121,4,0.001000
addition,740,0,547600,8,0.001333
duplication,740,0,547600,4,0.001000
multiplication,740,0,810448000,16,0.361000
elemwise_multiplication,740,0,547600,8,0.000333
addition,740,1,547600,4,0.000333
duplication,740,1,547600,8,0.000333
multiplication,740,1,810448000,8,0.373667
elemwise_multiplication,740,1,547600,8,0.000333
addition,741,0,549081,8,0.000667
duplication,741,0,549081,4,0.000667
multiplication,741,0,813738042,8,0.350667
elemwise_multiplication,741,0,549081,8,0.000667
addition,741,1,549081,4,0.001000
duplication,741,1,549081,4,0.000667
multiplication,741,1,813738042,16,0.382667
elemwise_multiplication,741,1,549081,4,0.001000
addition,742,0,550564,4,0.001333
duplication,742,0,550564,4,0.001000
multiplication,742,0,817036976,8,0.355000
elemwise_multiplication,742,0,550564,4,0.000667
addition,742,1,550564,8,0.001333
duplication,742,1,550564,8,0.001000
multiplication,742,1,817036976,8,0.352333
elemwise_multiplication,742,1,550564,8,0.000667
addition,743,0,552049,4,0.001333
duplication,743,0,552049,4,0.001000
multiplication,743,0,820344814,8,0.351000
elemwise_multiplication,743,0,552049,8,0.000667
addition,743,1,552049,8,0.001000
duplication,743,1,552049,4,0.001000
multiplication,743,1,820344814,16,0.391000
elemwise_multiplication,743,1,552049,16,0.000333
addition,744,0,553536,16,0.000667
duplication,744,0,553536,8,0.000667
multiplication,744,0,823661568,16,0.359000
elemwise_multiplication,744,0,553536,8,0.000333
addition,744,1,553536,8,0.000667
duplication,744,1,553536,4,0.000667
multiplication,744,1,823661568,8,0.389667
elemwise_multiplication,744,1,553536,4,0.000667
addition,745,0,555025,8,0.001333
duplication,745,0,555025,4,0.001000
multiplication,745,0,826987250,8,0.377333
elemwise_multiplication,745,0,555025,8,0.000667
addition,745,1,555025,8,0.001333
duplication,745,1,555025,8,0.001000
multiplication,745,1,826987250,4,0.514333
elemwise_multiplication,745,1,555025,4,0.000333
addition,746,0,556516,8,0.000667
duplication,746,0,556516,4,0.000667
multiplication,746,0,830321872,4,0.435000
elemwise_multiplication,746,0,556516,4,0.000333
addition,746,1,556516,8,0.000667
duplication,746,1,556516,4,0.000333
multiplication,746,1,830321872,8,0.398333
elemwise_multiplication,746,1,556516,8,0.000333
addition,747,0,558009,4,0.000333
duplication,747,0,558009,8,0.000333
multiplication,747,0,833665446,8,0.363000
elemwise_multiplication,747,0,558009,4,0.000333
addition,747,1,558009,16,0.000667
duplication,747,1,558009,4,0.000333
multiplication,747,1,833665446,16,0.395000
elemwise_multiplication,747,1,558009,8,0.000667
addition,748,0,559504,4,0.001333
duplication,748,0,559504,4,0.001000
multiplication,748,0,837017984,16,0.471667
elemwise_multiplication,748,0,559504,16,0.000333
addition,748,1,559504,16,0.000667
duplication,748,1,559504,8,0.000333
multiplication,748,1,837017984,16,0.403667
elemwise_multiplication,748,1,559504,4,0.000333
addition,749,0,561001,4,0.000333
duplication,749,0,561001,16,0.000333
multiplication,749,0,840379498,8,0.395667
elemwise_multiplication,749,0,561001,8,0.000333
addition,749,1,561001,8,0.000333
duplication,749,1,561001,4,0.000333
multiplication,749,1,840379498,16,0.424667
elemwise_multiplication,749,1,561001,8,0.000333
addition,750,0,562500,8,0.000333
duplication,750,0,562500,8,0.000333
multiplication,750,0,843750000,8,0.364333
elemwise_multiplication,750,0,562500,8,0.000333
addition,750,1,562500,4,0.001000
duplication,750,1,562500,8,0.000667
multiplication,750,1,843750000,8,0.595000
elemwise_multiplication,750,1,562500,8,0.000333
addition,751,0,564001,4,0.000667
duplication,751,0,564001,8,0.000333
multiplication,751,0,847129502,16,0.386667
elemwise_multiplication,751,0,564001,8,0.000333
addition,751,1,564001,8,0.000333
duplication,751,1,564001,4,0.000333
multiplication,751,1,847129502,8,0.454667
elemwise_multiplication,751,1,564001,16,0.000333
addition,752,0,565504,4,0.000667
duplication,752,0,565504,8,0.000333
multiplication,752,0,850518016,4,0.401667
elemwise_multiplication,752,0,565504,16,0.000333
addition,752,1,565504,4,0.000333
duplication,752,1,565504,4,0.000333
multiplication,752,1,850518016,8,0.388667
elemwise_multiplication,752,1,565504,4,0.000333
addition,753,0,567009,4,0.000667
duplication,753,0,567009,16,0.000667
multiplication,753,0,853915554,16,0.397000
elemwise_multiplication,753,0,567009,4,0.000333
addition,753,1,567009,8,0.000333
duplication,753,1,567009,8,0.000333
multiplication,753,1,853915554,16,0.405333
elemwise_multiplication,753,1,567009,4,0.000333
addition,754,0,568516,8,0.000667
duplication,754,0,568516,8,0.000333
multiplication,754,0,857322128,16,0.381333
elemwise_multiplication,754,0,568516,4,0.000333
addition,754,1,568516,2,0.000667
duplication,754,1,568516,4,0.000333
multiplication,754,1,857322128,8,0.407667
elemwise_multiplication,754,1,568516,4,0.000667
addition,755,0,570025,4,0.001333
duplication,755,0,570025,8,0.000667
multiplication,755,0,860737750,8,0.371667
elemwise_multiplication,755,0,570025,4,0.000333
addition,755,1,570025,8,0.000667
duplication,755,1,570025,4,0.000667
multiplication,755,1,860737750,16,0.394667
elemwise_multiplication,755,1,570025,4,0.000333
addition,756,0,571536,4,0.000667
duplication,756,0,571536,8,0.000333
multiplication,756,0,864162432,8,0.535333
elemwise_multiplication,756,0,571536,4,0.004000
addition,756,1,571536,8,0.005667
duplication,756,1,571536,8,0.004000
multiplication,756,1,864162432,8,0.399333
elemwise_multiplication,756,1,571536,4,0.000667
addition,757,0,573049,4,0.000667
duplication,757,0,573049,4,0.000333
multiplication,757,0,867596186,8,0.395000
elemwise_multiplication,757,0,573049,16,0.000333
addition,757,1,573049,16,0.000667
duplication,757,1,573049,8,0.000333
multiplication,757,1,867596186,16,0.388333
elemwise_multiplication,757,1,573049,4,0.000333
addition,758,0,574564,4,0.000333
duplication,758,0,574564,8,0.000333
multiplication,758,0,871039024,16,0.378667
elemwise_multiplication,758,0,574564,16,0.000333
addition,758,1,574564,4,0.000667
duplication,758,1,574564,4,0.000333
multiplication,758,1,871039024,16,0.349000
elemwise_multiplication,758,1,574564,4,0.000333
addition,759,0,576081,16,0.000667
duplication,759,0,576081,4,0.000333
multiplication,759,0,874490958,8,0.479000
elemwise_multiplication,759,0,576081,8,0.000333
addition,759,1,576081,4,0.000667
duplication,759,1,576081,4,0.000333
multiplication,759,1,874490958,8,0.445000
elemwise_multiplication,759,1,576081,4,0.000667
addition,760,0,577600,4,0.001333
duplication,760,0,577600,8,0.000667
multiplication,760,0,877952000,4,0.501000
elemwise_multiplication,760,0,577600,8,0.000333
addition,760,1,577600,4,0.000667
duplication,760,1,577600,8,0.000667
multiplication,760,1,877952000,8,0.396333
elemwise_multiplication,760,1,577600,4,0.000333
addition,761,0,579121,4,0.000667
duplication,761,0,579121,8,0.000333
multiplication,761,0,881422162,16,0.601667
elemwise_multiplication,761,0,579121,4,0.001000
addition,761,1,579121,16,0.001667
duplication,761,1,579121,8,0.001000
multiplication,761,1,881422162,16,0.503333
elemwise_multiplication,761,1,579121,4,0.000333
addition,762,0,580644,8,0.000667
duplication,762,0,580644,8,0.000333
multiplication,762,0,884901456,16,0.574333
elemwise_multiplication,762,0,580644,8,0.000333
addition,762,1,580644,4,0.000667
duplication,762,1,580644,8,0.000333
multiplication,762,1,884901456,16,0.449333
elemwise_multiplication,762,1,580644,16,0.000333
addition,763,0,582169,16,0.000667
duplication,763,0,582169,4,0.000333
multiplication,763,0,888389894,8,0.392000
elemwise_multiplication,763,0,582169,16,0.000667
addition,763,1,582169,4,0.001000
duplication,763,1,582169,4,0.000667
multiplication,763,1,888389894,8,0.402667
elemwise_multiplication,763,1,582169,8,0.000333
addition,764,0,583696,8,0.000667
duplication,764,0,583696,4,0.000333
multiplication,764,0,891887488,8,0.494667
elemwise_multiplication,764,0,583696,8,0.000667
addition,764,1,583696,8,0.001333
duplication,764,1,583696,8,0.001000
multiplication,764,1,891887488,8,0.419000
elemwise_multiplication,764,1,583696,8,0.000667
addition,765,0,585225,4,0.000667
duplication,765,0,585225,8,0.000667
multiplication,765,0,895394250,8,0.548333
elemwise_multiplication,765,0,585225,8,0.000667
addition,765,1,585225,4,0.001333
duplication,765,1,585225,8,0.000667
multiplication,765,1,895394250,16,0.493333
elemwise_multiplication,765,1,585225,16,0.000333
addition,766,0,586756,4,0.000333
duplication,766,0,586756,4,0.000333
multiplication,766,0,898910192,8,0.394000
elemwise_multiplication,766,0,586756,4,0.000333
addition,766,1,586756,4,0.000333
duplication,766,1,586756,8,0.000333
multiplication,766,1,898910192,8,0.397333
elemwise_multiplication,766,1,586756,4,0.000333
addition,767,0,588289,8,0.000667
duplication,767,0,588289,8,0.000333
multiplication,767,0,902435326,8,0.397667
elemwise_multiplication,767,0,588289,4,0.000333
addition,767,1,588289,4,0.000667
duplication,767,1,588289,8,0.000333
multiplication,767,1,902435326,16,0.404667
elemwise_multiplication,767,1,588289,4,0.000333
addition,768,0,589824,4,0.000667
duplication,768,0,589824,4,0.000333
multiplication,768,0,905969664,4,0.558333
elemwise_multiplication,768,0,589824,4,0.001000
addition,768,1,589824,8,0.001333
duplication,768,1,589824,8,0.001000
multiplication,768,1,905969664,8,0.710667
elemwise_multiplication,768,1,589824,8,0.000333
addition,769,0,591361,4,0.000667
duplication,769,0,591361,4,0.000667
multiplication,769,0,909513218,16,0.517667
elemwise_multiplication,769,0,591361,4,0.000333
addition,769,1,591361,4,0.000333
duplication,769,1,591361,4,0.000333
multiplication,769,1,909513218,16,0.507000
elemwise_multiplication,769,1,591361,4,0.000333
addition,770,0,592900,4,0.000333
duplication,770,0,592900,16,0.000667
multiplication,770,0,913066000,4,0.430667
elemwise_multiplication,770,0,592900,4,0.000333
addition,770,1,592900,4,0.000667
duplication,770,1,592900,4,0.000333
multiplication,770,1,913066000,4,0.450667
elemwise_multiplication,770,1,592900,4,0.000333
addition,771,0,594441,8,0.000333
duplication,771,0,594441,16,0.000333
multiplication,771,0,916628022,16,0.520000
elemwise_multiplication,771,0,594441,4,0.000667
addition,771,1,594441,2,0.001000
duplication,771,1,594441,8,0.000667
multiplication,771,1,916628022,8,0.766667
elemwise_multiplication,771,1,594441,16,0.000333
addition,772,0,595984,8,0.000667
duplication,772,0,595984,4,0.000667
multiplication,772,0,920199296,16,0.528667
elemwise_multiplication,772,0,595984,8,0.000667
addition,772,1,595984,4,0.001333
duplication,772,1,595984,8,0.001000
multiplication,772,1,920199296,8,0.617000
elemwise_multiplication,772,1,595984,16,0.000333
addition,773,0,597529,16,0.000667
duplication,773,0,597529,2,0.000667
multiplication,773,0,923779834,4,0.461333
elemwise_multiplication,773,0,597529,2,0.000667
addition,773,1,597529,4,0.001000
duplication,773,1,597529,8,0.000667
multiplication,773,1,923779834,4,0.610667
elemwise_multiplication,773,1,597529,4,0.000333
addition,774,0,599076,16,0.000667
duplication,774,0,599076,16,0.000333
multiplication,774,0,927369648,8,0.448667
elemwise_multiplication,774,0,599076,4,0.000667
addition,774,1,599076,8,0.001333
duplication,774,1,599076,4,0.001000
multiplication,774,1,927369648,16,0.527000
elemwise_multiplication,774,1,599076,4,0.000333
addition,775,0,600625,4,0.000667
duplication,775,0,600625,8,0.000333
multiplication,775,0,930968750,4,0.590333
elemwise_multiplication,775,0,600625,8,0.001000
addition,775,1,600625,8,0.001667
duplication,775,1,600625,16,0.001000
multiplication,775,1,930968750,4,0.520000
elemwise_multiplication,775,1,600625,8,0.000333
addition,776,0,602176,4,0.001000
duplication,776,0,602176,8,0.000667
multiplication,776,0,934577152,16,0.527000
elemwise_multiplication,776,0,602176,8,0.000333
addition,776,1,602176,16,0.000667
duplication,776,1,602176,16,0.000333
multiplication,776,1,934577152,8,0.567333
elemwise_multiplication,776,1,602176,4,0.000333
addition,777,0,603729,4,0.000333
duplication,777,0,603729,4,0.000333
multiplication,777,0,938194866,16,0.537000
elemwise_multiplication,777,0,603729,4,0.000333
addition,777,1,603729,4,0.000333
duplication,777,1,603729,8,0.000333
multiplication,777,1,938194866,4,0.482333
elemwise_multiplication,777,1,603729,8,0.000667
addition,778,0,605284,8,0.001333
duplication,778,0,605284,8,0.001000
multiplication,778,0,941821904,8,0.410667
elemwise_multiplication,778,0,605284,8,0.000333
addition,778,1,605284,4,0.000667
duplication,778,1,605284,4,0.000667
multiplication,778,1,941821904,8,0.479667
elemwise_multiplication,778,1,605284,16,0.000333
addition,779,0,606841,8,0.000667
duplication,779,0,606841,8,0.000333
multiplication,779,0,945458278,8,0.429667
elemwise_multiplication,779,0,606841,16,0.001000
addition,779,1,606841,8,0.001333
duplication,779,1,606841,4,0.001000
multiplication,779,1,945458278,16,0.560667
elemwise_multiplication,779,1,606841,4,0.000333
addition,780,0,608400,8,0.000667
duplication,780,0,608400,8,0.000333
multiplication,780,0,949104000,4,0.445333
elemwise_multiplication,780,0,608400,8,0.000333
addition,780,1,608400,4,0.000667
duplication,780,1,608400,8,0.000333
multiplication,780,1,949104000,8,0.449667
elemwise_multiplication,780,1,608400,16,0.000333
addition,781,0,609961,8,0.000667
duplication,781,0,609961,8,0.000333
multiplication,781,0,952759082,8,0.472000
elemwise_multiplication,781,0,609961,8,0.000667
addition,781,1,609961,4,0.001667
duplication,781,1,609961,8,0.001000
multiplication,781,1,952759082,8,0.585000
elemwise_multiplication,781,1,609961,16,0.000333
addition,782,0,611524,8,0.000667
duplication,782,0,611524,8,0.000333
multiplication,782,0,956423536,16,0.543333
elemwise_multiplication,782,0,611524,4,0.001000
addition,782,1,611524,8,0.001333
duplication,782,1,611524,4,0.001000
multiplication,782,1,956423536,16,0.596667
elemwise_multiplication,782,1,611524,8,0.000333
addition,783,0,613089,8,0.000667
duplication,783,0,613089,2,0.000667
multiplication,783,0,960097374,16,0.484333
elemwise_multiplication,783,0,613089,8,0.001000
addition,783,1,613089,16,0.001667
duplication,783,1,613089,4,0.001333
multiplication,783,1,960097374,8,0.427000
elemwise_multiplication,783,1,613089,8,0.000667
addition,784,0,614656,8,0.001333
duplication,784,0,614656,8,0.001000
multiplication,784,0,963780608,8,0.417667
elemwise_multiplication,784,0,614656,4,0.000333
addition,784,1,614656,2,0.001000
duplication,784,1,614656,8,0.000667
multiplication,784,1,963780608,16,0.472000
elemwise_multiplication,784,1,614656,8,0.000667
addition,785,0,616225,4,0.001333
duplication,785,0,616225,4,0.001000
multiplication,785,0,967473250,8,0.432667
elemwise_multiplication,785,0,616225,8,0.000333
addition,785,1,616225,8,0.000667
duplication,785,1,616225,8,0.000333
multiplication,785,1,967473250,16,0.452000
elemwise_multiplication,785,1,616225,8,0.001000
addition,786,0,617796,4,0.001333
duplication,786,0,617796,4,0.001000
multiplication,786,0,971175312,8,0.544667
elemwise_multiplication,786,0,617796,4,0.000333
addition,786,1,617796,8,0.000667
duplication,786,1,617796,4,0.000333
multiplication,786,1,971175312,4,0.471000
elemwise_multiplication,786,1,617796,8,0.000667
addition,787,0,619369,8,0.000667
duplication,787,0,619369,8,0.000667
multiplication,787,0,974886806,16,0.488000
elemwise_multiplication,787,0,619369,4,0.001000
addition,787,1,619369,4,0.001333
duplication,787,1,619369,8,0.001000
multiplication,787,1,974886806,16,0.481667
elemwise_multiplication,787,1,619369,8,0.000667
addition,788,0,620944,4,0.001333
duplication,788,0,620944,8,0.001000
multiplication,788,0,978607744,4,0.444000
elemwise_multiplication,788,0,620944,4,0.000333
addition,788,1,620944,8,0.000667
duplication,788,1,620944,8,0.000333
multiplication,788,1,978607744,8,0.469667
elemwise_multiplication,788,1,620944,4,0.000333
addition,789,0,622521,2,0.001000
duplication,789,0,622521,8,0.000333
multiplication,789,0,982338138,8,0.437667
elemwise_multiplication,789,0,622521,8,0.001333
addition,789,1,622521,8,0.001667
duplication,789,1,622521,4,0.001000
multiplication,789,1,982338138,4,0.521333
elemwise_multiplication,789,1,622521,8,0.000333
addition,790,0,624100,8,0.000667
duplication,790,0,624100,4,0.000333
multiplication,790,0,986078000,8,0.451667
elemwise_multiplication,790,0,624100,4,0.001000
addition,790,1,624100,8,0.001333
duplication,790,1,624100,4,0.001000
multiplication,790,1,986078000,8,0.457000
elemwise_multiplication,790,1,624100,4,0.000667
addition,791,0,625681,8,0.001333
duplication,791,0,625681,4,0.001000
multiplication,791,0,989827342,8,0.544667
elemwise_multiplication,791,0,625681,4,0.000333
addition,791,1,625681,8,0.001000
duplication,791,1,625681,4,0.000667
multiplication,791,1,989827342,4,0.484667
elemwise_multiplication,791,1,625681,4,0.000333
addition,792,0,627264,4,0.000667
duplication,792,0,627264,4,0.000667
multiplication,792,0,993586176,4,0.452667
elemwise_multiplication,792,0,627264,4,0.001000
addition,792,1,627264,4,0.001000
duplication,792,1,627264,8,0.001000
multiplication,792,1,993586176,8,0.456000
elemwise_multiplication,792,1,627264,8,0.000667
addition,793,0,628849,4,0.001333
duplication,793,0,628849,4,0.001000
multiplication,793,0,997354514,8,0.628000
elemwise_multiplication,793,0,628849,4,0.000667
addition,793,1,628849,2,0.001000
duplication,793,1,628849,8,0.000667
multiplication,793,1,997354514,4,0.509667
elemwise_multiplication,793,1,628849,4,0.000333
addition,794,0,630436,8,0.000667
duplication,794,0,630436,8,0.000333
multiplication,794,0,1001132368,8,0.440667
elemwise_multiplication,794,0,630436,8,0.000333
addition,794,1,630436,16,0.000667
duplication,794,1,630436,4,0.000333
multiplication,794,1,1001132368,16,0.458000
elemwise_multiplication,794,1,630436,4,0.000333
addition,795,0,632025,8,0.000667
duplication,795,0,632025,8,0.000333
multiplication,795,0,1004919750,8,0.484000
elemwise_multiplication,795,0,632025,8,0.000333
addition,795,1,632025,8,0.000667
duplication,795,1,632025,4,0.000333
multiplication,795,1,1004919750,16,0.502333
elemwise_multiplication,795,1,632025,4,0.001000
addition,796,0,633616,8,0.001667
duplication,796,0,633616,8,0.001000
multiplication,796,0,1008716672,8,0.442667
elemwise_multiplication,796,0,633616,4,0.000333
addition,796,1,633616,4,0.000667
duplication,796,1,633616,2,0.000667
multiplication,796,1,1008716672,4,0.496333
elemwise_multiplication,796,1,633616,16,0.000667
addition,797,0,635209,4,0.001000
duplication,797,0,635209,4,0.000667
multiplication,797,0,1012523146,16,0.487333
elemwise_multiplication,797,0,635209,16,0.000333
addition,797,1,635209,16,0.000667
duplication,797,1,635209,2,0.000667
multiplication,797,1,1012523146,8,0.529333
elemwise_multiplication,797,1,635209,8,0.000333
addition,798,0,636804,8,0.000667
duplication,798,0,636804,4,0.000667
multiplication,798,0,1016339184,8,0.458667
elemwise_multiplication,798,0,636804,16,0.000333
addition,798,1,636804,4,0.000667
duplication,798,1,636804,8,0.000333
multiplication,798,1,1016339184,8,0.730667
elemwise_multiplication,798,1,636804,4,0.000667
addition,799,0,638401,4,0.001000
duplication,799,0,638401,4,0.000667
multiplication,799,0,1020164798,16,0.448333
elemwise_multiplication,799,0,638401,4,0.000333
addition,799,1,638401,16,0.000667
duplication,799,1,638401,4,0.000667
multiplication,799,1,1020164798,16,0.486333
elemwise_multiplication,799,1,638401,4,0.000333
addition,800,0,640000,8,0.000667
duplication,800,0,640000,8,0.000667
multiplication,800,0,1024000000,4,0.548667
elemwise_multiplication,800,0,640000,8,0.000667
addition,800,1,640000,4,0.000667
duplication,800,1,640000,8,0.000333
multiplication,800,1,1024000000,16,0.597000
elemwise_multiplication,800,1,640000,16,0.000333
addition,801,0,641601,8,0.000667
duplication,801,0,641601,4,0.000667
multiplication,801,0,1027844802,8,0.449333
elemwise_multiplication,801,0,641601,8,0.000333
addition,801,1,641601,4,0.000667
duplication,801,1,641601,8,0.000333
multiplication,801,1,1027844802,8,0.530000
elemwise_multiplication,801,1,641601,4,0.000333
addition,802,0,643204,8,0.000667
duplication,802,0,643204,8,0.000333
multiplication,802,0,1031699216,16,0.589333
elemwise_multiplication,802,0,643204,4,0.000667
addition,802,1,643204,8,0.001000
duplication,802,1,643204,16,0.000667
multiplication,802,1,1031699216,8,0.536333
elemwise_multiplication,802,1,643204,8,0.000333
addition,803,0,644809,4,0.000667
duplication,803,0,644809,8,0.000333
multiplication,803,0,1035563254,8,0.461000
elemwise_multiplication,803,0,644809,8,0.000333
addition,803,1,644809,8,0.001333
duplication,803,1,644809,4,0.001000
multiplication,803,1,1035563254,16,0.497333
elemwise_multiplication,803,1,644809,8,0.000333
addition,804,0,646416,4,0.000667
duplication,804,0,646416,4,0.000667
multiplication,804,0,1039436928,8,0.608667
elemwise_multiplication,804,0,646416,16,0.000667
addition,804,1,646416,8,0.000667
duplication,804,1,646416,8,0.000667
multiplication,804,1,1039436928,16,0.535000
elemwise_multiplication,804,1,646416,4,0.000333
addition,805,0,648025,8,0.000667
duplication,805,0,648025,8,0.000333
multiplication,805,0,1043320250,16,0.468333
elemwise_multiplication,805,0,648025,4,0.000333
addition,805,1,648025,4,0.000667
duplication,805,1,648025,16,0.000667
multiplication,805,1,1043320250,8,0.480000
elemwise_multiplication,805,1,648025,4,0.001333
addition,806,0,649636,8,0.002000
duplication,806,0,649636,8,0.001000
multiplication,806,0,1047213232,16,0.595000
elemwise_multiplication,806,0,649636,16,0.000333
addition,806,1,649636,16,0.000667
duplication,806,1,649636,8,0.000667
multiplication,806,1,1047213232,16,0.498667
elemwise_multiplication,806,1,649636,8,0.000333
addition,807,0,651249,4,0.000667
duplication,807,0,651249,8,0.001000
multiplication,807,0,1051115886,16,0.476667
elemwise_multiplication,807,0,651249,8,0.000333
addition,807,1,651249,8,0.000667
duplication,807,1,651249,8,0.000667
multiplication,807,1,1051115886,8,0.614333
elemwise_multiplication,807,1,651249,8,0.000333
addition,808,0,652864,4,0.001000
duplication,808,0,652864,4,0.000667
multiplication,808,0,1055028224,4,0.525000
elemwise_multiplication,808,0,652864,4,0.001000
addition,808,1,652864,4,0.001333
duplication,808,1,652864,4,0.001333
multiplication,808,1,1055028224,4,0.692333
elemwise_multiplication,808,1,652864,4,0.001000
addition,809,0,654481,8,0.001333
duplication,809,0,654481,8,0.001000
multiplication,809,0,1058950258,8,0.508667
elemwise_multiplication,809,0,654481,16,0.000667
addition,809,1,654481,8,0.000667
duplication,809,1,654481,8,0.000667
multiplication,809,1,1058950258,4,0.683667
elemwise_multiplication,809,1,654481,8,0.000333
addition,810,0,656100,16,0.000667
duplication,810,0,656100,4,0.000333
multiplication,810,0,1062882000,16,0.470333
elemwise_multiplication,810,0,656100,8,0.000333
addition,810,1,656100,4,0.000667
duplication,810,1,656100,16,0.000667
multiplication,810,1,1062882000,16,0.777333
elemwise_multiplication,810,1,656100,8,0.000667
addition,811,0,657721,8,0.001667
duplication,811,0,657721,16,0.001000
multiplication,811,0,1066823462,8,0.764333
elemwise_multiplication,811,0,657721,8,0.001333
addition,811,1,657721,8,0.001333
duplication,811,1,657721,8,0.001000
multiplication,811,1,1066823462,8,0.482667
elemwise_multiplication,811,1,657721,4,0.000333
addition,812,0,659344,8,0.000667
duplication,812,0,659344,8,0.000333
multiplication,812,0,1070774656,16,0.480667
elemwise_multiplication,812,0,659344,8,0.000333
addition,812,1,659344,2,0.001000
duplication,812,1,659344,16,0.000333
multiplication,812,1,1070774656,8,0.784000
elemwise_multiplication,812,1,659344,16,0.000667
addition,813,0,660969,16,0.001333
duplication,813,0,660969,2,0.001000
multiplication,813,0,1074735594,4,0.684000
elemwise_multiplication,813,0,660969,8,0.000333
addition,813,1,660969,8,0.000667
duplication,813,1,660969,8,0.000667
multiplication,813,1,1074735594,16,0.766000
elemwise_multiplication,813,1,660969,4,0.001000
addition,814,0,662596,8,0.001333
duplication,814,0,662596,8,0.001000
multiplication,814,0,1078706288,16,0.582000
elemwise_multiplication,814,0,662596,16,0.001000
addition,814,1,662596,4,0.001333
duplication,814,1,662596,8,0.001000
multiplication,814,1,1078706288,8,0.665333
elemwise_multiplication,814,1,662596,8,0.000333
addition,815,0,664225,8,0.000667
duplication,815,0,664225,8,0.000667
multiplication,815,0,1082686750,8,0.495667
elemwise_multiplication,815,0,664225,8,0.000667
addition,815,1,664225,4,0.001333
duplication,815,1,664225,8,0.001000
multiplication,815,1,1082686750,8,0.553000
elemwise_multiplication,815,1,664225,8,0.000333
addition,816,0,665856,8,0.000667
duplication,816,0,665856,4,0.000667
multiplication,816,0,1086676992,8,0.500333
elemwise_multiplication,816,0,665856,8,0.000333
addition,816,1,665856,4,0.000667
duplication,816,1,665856,8,0.000667
multiplication,816,1,1086676992,8,0.656667
elemwise_multiplication,816,1,665856,8,0.001000
addition,817,0,667489,8,0.002000
duplication,817,0,667489,4,0.001333
multiplication,817,0,1090677026,16,0.845000
elemwise_multiplication,817,0,667489,4,0.001000
addition,817,1,667489,16,0.001333
duplication,817,1,667489,4,0.001000
multiplication,817,1,1090677026,16,0.712667
elemwise_multiplication,817,1,667489,4,0.001000
addition,818,0,669124,4,0.001667
duplication,818,0,669124,8,0.001333
multiplication,818,0,1094686864,8,0.669667
elemwise_multiplication,818,0,669124,8,0.000667
addition,818,1,669124,16,0.001333
duplication,818,1,669124,8,0.000667
multiplication,818,1,1094686864,8,0.546667
elemwise_multiplication,818,1,669124,4,0.001000
addition,819,0,670761,8,0.001333
duplication,819,0,670761,8,0.001333
multiplication,819,0,1098706518,4,0.733000
elemwise_multiplication,819,0,670761,8,0.000333
addition,819,1,670761,4,0.001000
duplication,819,1,670761,16,0.000667
multiplication,819,1,1098706518,16,0.908333
elemwise_multiplication,819,1,670761,8,0.000667
addition,820,0,672400,4,0.000667
duplication,820,0,672400,16,0.000667
multiplication,820,0,1102736000,16,0.625000
elemwise_multiplication,820,0,672400,16,0.001000
addition,820,1,672400,8,0.001333
duplication,820,1,672400,8,0.001000
multiplication,820,1,1102736000,8,0.695667
elemwise_multiplication,820,1,672400,4,0.001333
addition,821,0,674041,2,0.002000
duplication,821,0,674041,16,0.001000
multiplication,821,0,1106775322,8,0.658000
elemwise_multiplication,821,0,674041,8,0.000667
addition,821,1,674041,16,0.001000
duplication,821,1,674041,8,0.001000
multiplication,821,1,1106775322,8,0.602667
elemwise_multiplication,821,1,674041,4,0.001000
addition,822,0,675684,4,0.001333
duplication,822,0,675684,8,0.000667
multiplication,822,0,1110824496,4,0.798333
elemwise_multiplication,822,0,675684,4,0.000333
addition,822,1,675684,4,0.000667
duplication,822,1,675684,4,0.000333
multiplication,822,1,1110824496,16,0.652000
elemwise_multiplication,822,1,675684,8,0.000667
addition,823,0,677329,8,0.000667
duplication,823,0,677329,4,0.000667
multiplication,823,0,1114883534,16,0.874667
elemwise_multiplication,823,0,677329,8,0.001000
addition,823,1,677329,16,0.001667
duplication,823,1,677329,16,0.001000
multiplication,823,1,1114883534,8,0.645667
elemwise_multiplication,823,1,677329,8,0.000333
addition,824,0,678976,8,0.000667
duplication,824,0,678976,2,0.000667
multiplication,824,0,1118952448,4,0.622000
elemwise_multiplication,824,0,678976,4,0.000333
addition,824,1,678976,8,0.001000
duplication,824,1,678976,4,0.000667
multiplication,824,1,1118952448,16,0.707333
elemwise_multiplication,824,1,678976,8,0.000667
addition,825,0,680625,4,0.001000
duplication,825,0,680625,16,0.000667
multiplication,825,0,1123031250,8,0.586000
elemwise_multiplication,825,0,680625,16,0.000333
addition,825,1,680625,2,0.001000
duplication,825,1,680625,8,0.000667
multiplication,825,1,1123031250,8,0.557333
elemwise_multiplication,825,1,680625,8,0.000333
addition,826,0,682276,2,0.001000
duplication,826,0,682276,4,0.000667
multiplication,826,0,1127119952,8,0.777333
elemwise_multiplication,826,0,682276,4,0.001000
addition,826,1,682276,4,0.001333
duplication,826,1,682276,16,0.001000
multiplication,826,1,1127119952,4,0.640000
elemwise_multiplication,826,1,682276,4,0.001000
addition,827,0,683929,4,0.001333
duplication,827,0,683929,16,0.001000
multiplication,827,0,1131218566,4,0.690000
elemwise_multiplication,827,0,683929,8,0.000333
addition,827,1,683929,4,0.001000
duplication,827,1,683929,8,0.000667
multiplication,827,1,1131218566,8,0.739667
elemwise_multiplication,827,1,683929,4,0.000667
addition,828,0,685584,2,0.001333
duplication,828,0,685584,2,0.001000
multiplication,828,0,1135327104,8,0.672333
elemwise_multiplication,828,0,685584,16,0.000667
addition,828,1,685584,8,0.001000
duplication,828,1,685584,4,0.001000
multiplication,828,1,1135327104,4,0.692667
elemwise_multiplication,828,1,685584,8,0.000667
addition,829,0,687241,8,0.001333
duplication,829,0,687241,8,0.000667
multiplication,829,0,1139445578,8,0.699667
elemwise_multiplication,829,0,687241,2,0.001000
addition,829,1,687241,16,0.001333
duplication,829,1,687241,8,0.001667
multiplication,829,1,1139445578,16,0.706000
elemwise_multiplication,829,1,687241,4,0.000667
addition,830,0,688900,4,0.001000
duplication,830,0,688900,4,0.000667
multiplication,830,0,1143574000,16,0.731000
elemwise_multiplication,830,0,688900,16,0.000667
addition,830,1,688900,16,0.001333
duplication,830,1,688900,4,0.001000
multiplication,830,1,1143574000,16,0.710667
elemwise_multiplication,830,1,688900,8,0.001000
addition,831,0,690561,16,0.001333
duplication,831,0,690561,4,0.001000
multiplication,831,0,1147712382,8,0.744667
elemwise_multiplication,831,0,690561,4,0.001000
addition,831,1,690561,16,0.001667
duplication,831,1,690561,4,0.000667
multiplication,831,1,1147712382,8,0.692667
elemwise_multiplication,831,1,690561,8,0.000333
addition,832,0,692224,4,0.000667
duplication,832,0,692224,2,0.000667
multiplication,832,0,1151860736,8,0.786667
elemwise_multiplication,832,0,692224,8,0.000667
addition,832,1,692224,4,0.001333
duplication,832,1,692224,4,0.001000
multiplication,832,1,1151860736,16,0.796333
elemwise_multiplication,832,1,692224,4,0.000667
addition,833,0,693889,4,0.001000
duplication,833,0,693889,8,0.000667
multiplication,833,0,1156019074,8,0.658333
elemwise_multiplication,833,0,693889,8,0.000333
addition,833,1,693889,4,0.001000
duplication,833,1,693889,8,0.000667
multiplication,833,1,1156019074,8,0.546667
elemwise_multiplication,833,1,693889,4,0.000667
addition,834,0,695556,4,0.000667
duplication,834,0,695556,8,0.000667
multiplication,834,0,1160187408,4,0.706333
elemwise_multiplication,834,0,695556,4,0.001000
addition,834,1,695556,8,0.001667
duplication,834,1,695556,4,0.001333
multiplication,834,1,1160187408,16,0.853667
elemwise_multiplication,834,1,695556,8,0.000333
addition,835,0,697225,4,0.000667
duplication,835,0,697225,16,0.000667
multiplication,835,0,1164365750,8,0.789667
elemwise_multiplication,835,0,697225,16,0.000667
addition,835,1,697225,8,0.001000
duplication,835,1,697225,4,0.001000
multiplication,835,1,1164365750,8,0.851000
elemwise_multiplication,835,1,697225,8,0.000667
addition,836,0,698896,8,0.001000
duplication,836,0,698896,4,0.001000
multiplication,836,0,1168554112,16,0.808667
elemwise_multiplication,836,0,698896,4,0.000667
addition,836,1,698896,4,0.001000
duplication,836,1,698896,8,0.000667
multiplication,836,1,1168554112,16,0.705000
elemwise_multiplication,836,1,698896,16,0.001333
addition,837,0,700569,8,0.002000
duplication,837,0,700569,16,0.001667
multiplication,837,0,1172752506,8,0.651333
elemwise_multiplication,837,0,700569,4,0.000333
addition,837,1,700569,8,0.000667
duplication,837,1,700569,4,0.000667
multiplication,837,1,1172752506,8,0.660667
elemwise_multiplication,837,1,700569,4,0.000333
addition,838,0,702244,8,0.000667
duplication,838,0,702244,8,0.000667
multiplication,838,0,1176960944,16,0.565667
elemwise_multiplication,838,0,702244,8,0.000333
addition,838,1,702244,4,0.000667
duplication,838,1,702244,4,0.000667
multiplication,838,1,1176960944,8,0.594333
elemwise_multiplication,838,1,702244,4,0.000333
addition,839,0,703921,4,0.000667
duplication,839,0,703921,4,0.000333
multiplication,839,0,1181179438,4,0.696667
elemwise_multiplication,839,0,703921,4,0.000333
addition,839,1,703921,2,0.001333
duplication,839,1,703921,16,0.000667
multiplication,839,1,1181179438,4,0.738333
elemwise_multiplication,839,1,703921,4,0.001000
addition,840,0,705600,4,0.001333
duplication,840,0,705600,8,0.001333
multiplication,840,0,1185408000,4,0.682000
elemwise_multiplication,840,0,705600,8,0.000667
addition,840,1,705600,16,0.001000
duplication,840,1,705600,4,0.001000
multiplication,840,1,1185408000,4,0.787000
elemwise_multiplication,840,1,705600,4,0.000333
addition,841,0,707281,4,0.000667
duplication,841,0,707281,2,0.000667
multiplication,841,0,1189646642,4,0.637667
elemwise_multiplication,841,0,707281,8,0.000667
addition,841,1,707281,8,0.001000
duplication,841,1,707281,4,0.000667
multiplication,841,1,1189646642,8,0.637000
elemwise_multiplication,841,1,707281,4,0.000333
addition,842,0,708964,4,0.000667
duplication,842,0,708964,16,0.000667
multiplication,842,0,1193895376,8,0.609000
elemwise_multiplication,842,0,708964,8,0.000333
addition,842,1,708964,8,0.001000
duplication,842,1,708964,4,0.000667
multiplication,842,1,1193895376,4,0.620000
elemwise_multiplication,842,1,708964,8,0.000667
addition,843,0,710649,8,0.001000
duplication,843,0,710649,8,0.000667
multiplication,843,0,1198154214,16,0.618667
elemwise_multiplication,843,0,710649,8,0.001000
addition,843,1,710649,4,0.001667
duplication,843,1,710649,8,0.001000
multiplication,843,1,1198154214,8,0.561667
elemwise_multiplication,843,1,710649,8,0.000667
addition,844,0,712336,4,0.001333
duplication,844,0,712336,4,0.001000
multiplication,844,0,1202423168,4,0.654667
elemwise_multiplication,844,0,712336,16,0.001000
addition,844,1,712336,8,0.001667
duplication,844,1,712336,8,0.001000
multiplication,844,1,1202423168,8,0.678000
elemwise_multiplication,844,1,712336,8,0.000333
addition,845,0,714025,8,0.001000
duplication,845,0,714025,8,0.000667
multiplication,845,0,1206702250,4,0.816667
elemwise_multiplication,845,0,714025,8,0.000333
addition,845,1,714025,4,0.000667
duplication,845,1,714025,4,0.000667
multiplication,845,1,1206702250,16,0.592000
elemwise_multiplication,845,1,714025,8,0.000667
addition,846,0,715716,8,0.001000
duplication,846,0,715716,8,0.000667
multiplication,846,0,1210991472,8,0.926000
elemwise_multiplication,846,0,715716,4,0.001000
addition,846,1,715716,4,0.001667
duplication,846,1,715716,4,0.001000
multiplication,846,1,1210991472,8,0.746000
elemwise_multiplication,846,1,715716,16,0.000667
addition,847,0,717409,16,0.001000
duplication,847,0,717409,8,0.000667
multiplication,847,0,1215290846,8,0.834333
elemwise_multiplication,847,0,717409,8,0.002333
addition,847,1,717409,16,0.001667
duplication,847,1,717409,16,0.001000
multiplication,847,1,1215290846,16,0.762667
elemwise_multiplication,847,1,717409,2,0.001000
addition,848,0,719104,4,0.001667
duplication,848,0,719104,4,0.000333
multiplication,848,0,1219600384,4,0.807333
elemwise_multiplication,848,0,719104,16,0.000667
addition,848,1,719104,4,0.001000
duplication,848,1,719104,2,0.001000
multiplication,848,1,1219600384,16,0.848333
elemwise_multiplication,848,1,719104,4,0.001000
addition,849,0,720801,8,0.001667
duplication,849,0,720801,4,0.001333
multiplication,849,0,1223920098,16,0.824333
elemwise_multiplication,849,0,720801,4,0.001000
addition,849,1,720801,8,0.001667
duplication,849,1,720801,8,0.001000
multiplication,849,1,1223920098,4,0.760667
elemwise_multiplication,849,1,720801,4,0.000667
addition,850,0,722500,16,0.001333
duplication,850,0,722500,4,0.001000
multiplication,850,0,1228250000,8,0.860333
elemwise_multiplication,850,0,722500,8,0.000667
addition,850,1,722500,4,0.001333
duplication,850,1,722500,4,0.001000
multiplication,850,1,1228250000,8,0.953333
elemwise_multiplication,850,1,722500,4,0.000667
addition,851,0,724201,16,0.001333
duplication,851,0,724201,16,0.000667
multiplication,851,0,1232590102,8,0.708667
elemwise_multiplication,851,0,724201,4,0.000667
addition,851,1,724201,8,0.001333
duplication,851,1,724201,8,0.000667
multiplication,851,1,1232590102,16,0.807333
elemwise_multiplication,851,1,724201,8,0.000333
addition,852,0,725904,4,0.001000
duplication,852,0,725904,4,0.000667
